array_index	canonical_run_id	dataset	runner_model_value	model_slug	condition_value	condition_slug	target_value	target_slug	split_index	split_seed	init_seed	output_dir
0	htpmd__dmpnn__conda_native__conductivity__split00_seed42__init42	htpmd	dmpnn	dmpnn	native	conda_native	Conductivity	conductivity	0	42	42	results/year2_corrected_final_2026/htpmd/htpmd__dmpnn__conda_native__conductivity__split00_seed42__init42
1	htpmd__dmpnn__conda_native__conductivity__split01_seed43__init42	htpmd	dmpnn	dmpnn	native	conda_native	Conductivity	conductivity	1	43	42	results/year2_corrected_final_2026/htpmd/htpmd__dmpnn__conda_native__conductivity__split01_seed43__init42
2	htpmd__dmpnn__conda_native__conductivity__split02_seed44__init42	htpmd	dmpnn	dmpnn	native	conda_native	Conductivity	conductivity	2	44	42	results/year2_corrected_final_2026/htpmd/htpmd__dmpnn__conda_native__conductivity__split02_seed44__init42
3	htpmd__dmpnn__conda_native__conductivity__split03_seed45__init42	htpmd	dmpnn	dmpnn	native	conda_native	Conductivity	conductivity	3	45	42	results/year2_corrected_final_2026/htpmd/htpmd__dmpnn__conda_native__conductivity__split03_seed45__init42
4	htpmd__dmpnn__conda_native__conductivity__split04_seed46__init42	htpmd	dmpnn	dmpnn	native	conda_native	Conductivity	conductivity	4	46	42	results/year2_corrected_final_2026/htpmd/htpmd__dmpnn__conda_native__conductivity__split04_seed46__init42
5	htpmd__dmpnn__conda_native__tfsi_diffusivity__split00_seed42__init42	htpmd	dmpnn	dmpnn	native	conda_native	TFSI Diffusivity	tfsi_diffusivity	0	42	42	results/year2_corrected_final_2026/htpmd/htpmd__dmpnn__conda_native__tfsi_diffusivity__split00_seed42__init42
6	htpmd__dmpnn__conda_native__tfsi_diffusivity__split01_seed43__init42	htpmd	dmpnn	dmpnn	native	conda_native	TFSI Diffusivity	tfsi_diffusivity	1	43	42	results/year2_corrected_final_2026/htpmd/htpmd__dmpnn__conda_native__tfsi_diffusivity__split01_seed43__init42
7	htpmd__dmpnn__conda_native__tfsi_diffusivity__split02_seed44__init42	htpmd	dmpnn	dmpnn	native	conda_native	TFSI Diffusivity	tfsi_diffusivity	2	44	42	results/year2_corrected_final_2026/htpmd/htpmd__dmpnn__conda_native__tfsi_diffusivity__split02_seed44__init42
8	htpmd__dmpnn__conda_native__tfsi_diffusivity__split03_seed45__init42	htpmd	dmpnn	dmpnn	native	conda_native	TFSI Diffusivity	tfsi_diffusivity	3	45	42	results/year2_corrected_final_2026/htpmd/htpmd__dmpnn__conda_native__tfsi_diffusivity__split03_seed45__init42
9	htpmd__dmpnn__conda_native__tfsi_diffusivity__split04_seed46__init42	htpmd	dmpnn	dmpnn	native	conda_native	TFSI Diffusivity	tfsi_diffusivity	4	46	42	results/year2_corrected_final_2026/htpmd/htpmd__dmpnn__conda_native__tfsi_diffusivity__split04_seed46__init42
10	htpmd__dmpnn__conda_native__li_diffusivity__split00_seed42__init42	htpmd	dmpnn	dmpnn	native	conda_native	Li Diffusivity	li_diffusivity	0	42	42	results/year2_corrected_final_2026/htpmd/htpmd__dmpnn__conda_native__li_diffusivity__split00_seed42__init42
11	htpmd__dmpnn__conda_native__li_diffusivity__split01_seed43__init42	htpmd	dmpnn	dmpnn	native	conda_native	Li Diffusivity	li_diffusivity	1	43	42	results/year2_corrected_final_2026/htpmd/htpmd__dmpnn__conda_native__li_diffusivity__split01_seed43__init42
12	htpmd__dmpnn__conda_native__li_diffusivity__split02_seed44__init42	htpmd	dmpnn	dmpnn	native	conda_native	Li Diffusivity	li_diffusivity	2	44	42	results/year2_corrected_final_2026/htpmd/htpmd__dmpnn__conda_native__li_diffusivity__split02_seed44__init42
13	htpmd__dmpnn__conda_native__li_diffusivity__split03_seed45__init42	htpmd	dmpnn	dmpnn	native	conda_native	Li Diffusivity	li_diffusivity	3	45	42	results/year2_corrected_final_2026/htpmd/htpmd__dmpnn__conda_native__li_diffusivity__split03_seed45__init42
14	htpmd__dmpnn__conda_native__li_diffusivity__split04_seed46__init42	htpmd	dmpnn	dmpnn	native	conda_native	Li Diffusivity	li_diffusivity	4	46	42	results/year2_corrected_final_2026/htpmd/htpmd__dmpnn__conda_native__li_diffusivity__split04_seed46__init42
15	htpmd__dmpnn__conda_native__polymer_diffusivity__split00_seed42__init42	htpmd	dmpnn	dmpnn	native	conda_native	Poly Diffusivity	polymer_diffusivity	0	42	42	results/year2_corrected_final_2026/htpmd/htpmd__dmpnn__conda_native__polymer_diffusivity__split00_seed42__init42
16	htpmd__dmpnn__conda_native__polymer_diffusivity__split01_seed43__init42	htpmd	dmpnn	dmpnn	native	conda_native	Poly Diffusivity	polymer_diffusivity	1	43	42	results/year2_corrected_final_2026/htpmd/htpmd__dmpnn__conda_native__polymer_diffusivity__split01_seed43__init42
17	htpmd__dmpnn__conda_native__polymer_diffusivity__split02_seed44__init42	htpmd	dmpnn	dmpnn	native	conda_native	Poly Diffusivity	polymer_diffusivity	2	44	42	results/year2_corrected_final_2026/htpmd/htpmd__dmpnn__conda_native__polymer_diffusivity__split02_seed44__init42
18	htpmd__dmpnn__conda_native__polymer_diffusivity__split03_seed45__init42	htpmd	dmpnn	dmpnn	native	conda_native	Poly Diffusivity	polymer_diffusivity	3	45	42	results/year2_corrected_final_2026/htpmd/htpmd__dmpnn__conda_native__polymer_diffusivity__split03_seed45__init42
19	htpmd__dmpnn__conda_native__polymer_diffusivity__split04_seed46__init42	htpmd	dmpnn	dmpnn	native	conda_native	Poly Diffusivity	polymer_diffusivity	4	46	42	results/year2_corrected_final_2026/htpmd/htpmd__dmpnn__conda_native__polymer_diffusivity__split04_seed46__init42
20	htpmd__dmpnn__conda_native__transference_number__split00_seed42__init42	htpmd	dmpnn	dmpnn	native	conda_native	Transference Number	transference_number	0	42	42	results/year2_corrected_final_2026/htpmd/htpmd__dmpnn__conda_native__transference_number__split00_seed42__init42
21	htpmd__dmpnn__conda_native__transference_number__split01_seed43__init42	htpmd	dmpnn	dmpnn	native	conda_native	Transference Number	transference_number	1	43	42	results/year2_corrected_final_2026/htpmd/htpmd__dmpnn__conda_native__transference_number__split01_seed43__init42
22	htpmd__dmpnn__conda_native__transference_number__split02_seed44__init42	htpmd	dmpnn	dmpnn	native	conda_native	Transference Number	transference_number	2	44	42	results/year2_corrected_final_2026/htpmd/htpmd__dmpnn__conda_native__transference_number__split02_seed44__init42
23	htpmd__dmpnn__conda_native__transference_number__split03_seed45__init42	htpmd	dmpnn	dmpnn	native	conda_native	Transference Number	transference_number	3	45	42	results/year2_corrected_final_2026/htpmd/htpmd__dmpnn__conda_native__transference_number__split03_seed45__init42
24	htpmd__dmpnn__conda_native__transference_number__split04_seed46__init42	htpmd	dmpnn	dmpnn	native	conda_native	Transference Number	transference_number	4	46	42	results/year2_corrected_final_2026/htpmd/htpmd__dmpnn__conda_native__transference_number__split04_seed46__init42
25	htpmd__dmpnn__condb_dop__conductivity__split00_seed42__init42	htpmd	dmpnn	dmpnn	dop	condb_dop	Conductivity	conductivity	0	42	42	results/year2_corrected_final_2026/htpmd/htpmd__dmpnn__condb_dop__conductivity__split00_seed42__init42
26	htpmd__dmpnn__condb_dop__conductivity__split01_seed43__init42	htpmd	dmpnn	dmpnn	dop	condb_dop	Conductivity	conductivity	1	43	42	results/year2_corrected_final_2026/htpmd/htpmd__dmpnn__condb_dop__conductivity__split01_seed43__init42
27	htpmd__dmpnn__condb_dop__conductivity__split02_seed44__init42	htpmd	dmpnn	dmpnn	dop	condb_dop	Conductivity	conductivity	2	44	42	results/year2_corrected_final_2026/htpmd/htpmd__dmpnn__condb_dop__conductivity__split02_seed44__init42
28	htpmd__dmpnn__condb_dop__conductivity__split03_seed45__init42	htpmd	dmpnn	dmpnn	dop	condb_dop	Conductivity	conductivity	3	45	42	results/year2_corrected_final_2026/htpmd/htpmd__dmpnn__condb_dop__conductivity__split03_seed45__init42
29	htpmd__dmpnn__condb_dop__conductivity__split04_seed46__init42	htpmd	dmpnn	dmpnn	dop	condb_dop	Conductivity	conductivity	4	46	42	results/year2_corrected_final_2026/htpmd/htpmd__dmpnn__condb_dop__conductivity__split04_seed46__init42
30	htpmd__dmpnn__condb_dop__tfsi_diffusivity__split00_seed42__init42	htpmd	dmpnn	dmpnn	dop	condb_dop	TFSI Diffusivity	tfsi_diffusivity	0	42	42	results/year2_corrected_final_2026/htpmd/htpmd__dmpnn__condb_dop__tfsi_diffusivity__split00_seed42__init42
31	htpmd__dmpnn__condb_dop__tfsi_diffusivity__split01_seed43__init42	htpmd	dmpnn	dmpnn	dop	condb_dop	TFSI Diffusivity	tfsi_diffusivity	1	43	42	results/year2_corrected_final_2026/htpmd/htpmd__dmpnn__condb_dop__tfsi_diffusivity__split01_seed43__init42
32	htpmd__dmpnn__condb_dop__tfsi_diffusivity__split02_seed44__init42	htpmd	dmpnn	dmpnn	dop	condb_dop	TFSI Diffusivity	tfsi_diffusivity	2	44	42	results/year2_corrected_final_2026/htpmd/htpmd__dmpnn__condb_dop__tfsi_diffusivity__split02_seed44__init42
33	htpmd__dmpnn__condb_dop__tfsi_diffusivity__split03_seed45__init42	htpmd	dmpnn	dmpnn	dop	condb_dop	TFSI Diffusivity	tfsi_diffusivity	3	45	42	results/year2_corrected_final_2026/htpmd/htpmd__dmpnn__condb_dop__tfsi_diffusivity__split03_seed45__init42
34	htpmd__dmpnn__condb_dop__tfsi_diffusivity__split04_seed46__init42	htpmd	dmpnn	dmpnn	dop	condb_dop	TFSI Diffusivity	tfsi_diffusivity	4	46	42	results/year2_corrected_final_2026/htpmd/htpmd__dmpnn__condb_dop__tfsi_diffusivity__split04_seed46__init42
35	htpmd__dmpnn__condb_dop__li_diffusivity__split00_seed42__init42	htpmd	dmpnn	dmpnn	dop	condb_dop	Li Diffusivity	li_diffusivity	0	42	42	results/year2_corrected_final_2026/htpmd/htpmd__dmpnn__condb_dop__li_diffusivity__split00_seed42__init42
36	htpmd__dmpnn__condb_dop__li_diffusivity__split01_seed43__init42	htpmd	dmpnn	dmpnn	dop	condb_dop	Li Diffusivity	li_diffusivity	1	43	42	results/year2_corrected_final_2026/htpmd/htpmd__dmpnn__condb_dop__li_diffusivity__split01_seed43__init42
37	htpmd__dmpnn__condb_dop__li_diffusivity__split02_seed44__init42	htpmd	dmpnn	dmpnn	dop	condb_dop	Li Diffusivity	li_diffusivity	2	44	42	results/year2_corrected_final_2026/htpmd/htpmd__dmpnn__condb_dop__li_diffusivity__split02_seed44__init42
38	htpmd__dmpnn__condb_dop__li_diffusivity__split03_seed45__init42	htpmd	dmpnn	dmpnn	dop	condb_dop	Li Diffusivity	li_diffusivity	3	45	42	results/year2_corrected_final_2026/htpmd/htpmd__dmpnn__condb_dop__li_diffusivity__split03_seed45__init42
39	htpmd__dmpnn__condb_dop__li_diffusivity__split04_seed46__init42	htpmd	dmpnn	dmpnn	dop	condb_dop	Li Diffusivity	li_diffusivity	4	46	42	results/year2_corrected_final_2026/htpmd/htpmd__dmpnn__condb_dop__li_diffusivity__split04_seed46__init42
40	htpmd__dmpnn__condb_dop__polymer_diffusivity__split00_seed42__init42	htpmd	dmpnn	dmpnn	dop	condb_dop	Poly Diffusivity	polymer_diffusivity	0	42	42	results/year2_corrected_final_2026/htpmd/htpmd__dmpnn__condb_dop__polymer_diffusivity__split00_seed42__init42
41	htpmd__dmpnn__condb_dop__polymer_diffusivity__split01_seed43__init42	htpmd	dmpnn	dmpnn	dop	condb_dop	Poly Diffusivity	polymer_diffusivity	1	43	42	results/year2_corrected_final_2026/htpmd/htpmd__dmpnn__condb_dop__polymer_diffusivity__split01_seed43__init42
42	htpmd__dmpnn__condb_dop__polymer_diffusivity__split02_seed44__init42	htpmd	dmpnn	dmpnn	dop	condb_dop	Poly Diffusivity	polymer_diffusivity	2	44	42	results/year2_corrected_final_2026/htpmd/htpmd__dmpnn__condb_dop__polymer_diffusivity__split02_seed44__init42
43	htpmd__dmpnn__condb_dop__polymer_diffusivity__split03_seed45__init42	htpmd	dmpnn	dmpnn	dop	condb_dop	Poly Diffusivity	polymer_diffusivity	3	45	42	results/year2_corrected_final_2026/htpmd/htpmd__dmpnn__condb_dop__polymer_diffusivity__split03_seed45__init42
44	htpmd__dmpnn__condb_dop__polymer_diffusivity__split04_seed46__init42	htpmd	dmpnn	dmpnn	dop	condb_dop	Poly Diffusivity	polymer_diffusivity	4	46	42	results/year2_corrected_final_2026/htpmd/htpmd__dmpnn__condb_dop__polymer_diffusivity__split04_seed46__init42
45	htpmd__dmpnn__condb_dop__transference_number__split00_seed42__init42	htpmd	dmpnn	dmpnn	dop	condb_dop	Transference Number	transference_number	0	42	42	results/year2_corrected_final_2026/htpmd/htpmd__dmpnn__condb_dop__transference_number__split00_seed42__init42
46	htpmd__dmpnn__condb_dop__transference_number__split01_seed43__init42	htpmd	dmpnn	dmpnn	dop	condb_dop	Transference Number	transference_number	1	43	42	results/year2_corrected_final_2026/htpmd/htpmd__dmpnn__condb_dop__transference_number__split01_seed43__init42
47	htpmd__dmpnn__condb_dop__transference_number__split02_seed44__init42	htpmd	dmpnn	dmpnn	dop	condb_dop	Transference Number	transference_number	2	44	42	results/year2_corrected_final_2026/htpmd/htpmd__dmpnn__condb_dop__transference_number__split02_seed44__init42
48	htpmd__dmpnn__condb_dop__transference_number__split03_seed45__init42	htpmd	dmpnn	dmpnn	dop	condb_dop	Transference Number	transference_number	3	45	42	results/year2_corrected_final_2026/htpmd/htpmd__dmpnn__condb_dop__transference_number__split03_seed45__init42
49	htpmd__dmpnn__condb_dop__transference_number__split04_seed46__init42	htpmd	dmpnn	dmpnn	dop	condb_dop	Transference Number	transference_number	4	46	42	results/year2_corrected_final_2026/htpmd/htpmd__dmpnn__condb_dop__transference_number__split04_seed46__init42
50	htpmd__dmpnn__condc_dop_molality__conductivity__split00_seed42__init42	htpmd	dmpnn	dmpnn	state	condc_dop_molality	Conductivity	conductivity	0	42	42	results/year2_corrected_final_2026/htpmd/htpmd__dmpnn__condc_dop_molality__conductivity__split00_seed42__init42
51	htpmd__dmpnn__condc_dop_molality__conductivity__split01_seed43__init42	htpmd	dmpnn	dmpnn	state	condc_dop_molality	Conductivity	conductivity	1	43	42	results/year2_corrected_final_2026/htpmd/htpmd__dmpnn__condc_dop_molality__conductivity__split01_seed43__init42
52	htpmd__dmpnn__condc_dop_molality__conductivity__split02_seed44__init42	htpmd	dmpnn	dmpnn	state	condc_dop_molality	Conductivity	conductivity	2	44	42	results/year2_corrected_final_2026/htpmd/htpmd__dmpnn__condc_dop_molality__conductivity__split02_seed44__init42
53	htpmd__dmpnn__condc_dop_molality__conductivity__split03_seed45__init42	htpmd	dmpnn	dmpnn	state	condc_dop_molality	Conductivity	conductivity	3	45	42	results/year2_corrected_final_2026/htpmd/htpmd__dmpnn__condc_dop_molality__conductivity__split03_seed45__init42
54	htpmd__dmpnn__condc_dop_molality__conductivity__split04_seed46__init42	htpmd	dmpnn	dmpnn	state	condc_dop_molality	Conductivity	conductivity	4	46	42	results/year2_corrected_final_2026/htpmd/htpmd__dmpnn__condc_dop_molality__conductivity__split04_seed46__init42
55	htpmd__dmpnn__condc_dop_molality__tfsi_diffusivity__split00_seed42__init42	htpmd	dmpnn	dmpnn	state	condc_dop_molality	TFSI Diffusivity	tfsi_diffusivity	0	42	42	results/year2_corrected_final_2026/htpmd/htpmd__dmpnn__condc_dop_molality__tfsi_diffusivity__split00_seed42__init42
56	htpmd__dmpnn__condc_dop_molality__tfsi_diffusivity__split01_seed43__init42	htpmd	dmpnn	dmpnn	state	condc_dop_molality	TFSI Diffusivity	tfsi_diffusivity	1	43	42	results/year2_corrected_final_2026/htpmd/htpmd__dmpnn__condc_dop_molality__tfsi_diffusivity__split01_seed43__init42
57	htpmd__dmpnn__condc_dop_molality__tfsi_diffusivity__split02_seed44__init42	htpmd	dmpnn	dmpnn	state	condc_dop_molality	TFSI Diffusivity	tfsi_diffusivity	2	44	42	results/year2_corrected_final_2026/htpmd/htpmd__dmpnn__condc_dop_molality__tfsi_diffusivity__split02_seed44__init42
58	htpmd__dmpnn__condc_dop_molality__tfsi_diffusivity__split03_seed45__init42	htpmd	dmpnn	dmpnn	state	condc_dop_molality	TFSI Diffusivity	tfsi_diffusivity	3	45	42	results/year2_corrected_final_2026/htpmd/htpmd__dmpnn__condc_dop_molality__tfsi_diffusivity__split03_seed45__init42
59	htpmd__dmpnn__condc_dop_molality__tfsi_diffusivity__split04_seed46__init42	htpmd	dmpnn	dmpnn	state	condc_dop_molality	TFSI Diffusivity	tfsi_diffusivity	4	46	42	results/year2_corrected_final_2026/htpmd/htpmd__dmpnn__condc_dop_molality__tfsi_diffusivity__split04_seed46__init42
60	htpmd__dmpnn__condc_dop_molality__li_diffusivity__split00_seed42__init42	htpmd	dmpnn	dmpnn	state	condc_dop_molality	Li Diffusivity	li_diffusivity	0	42	42	results/year2_corrected_final_2026/htpmd/htpmd__dmpnn__condc_dop_molality__li_diffusivity__split00_seed42__init42
61	htpmd__dmpnn__condc_dop_molality__li_diffusivity__split01_seed43__init42	htpmd	dmpnn	dmpnn	state	condc_dop_molality	Li Diffusivity	li_diffusivity	1	43	42	results/year2_corrected_final_2026/htpmd/htpmd__dmpnn__condc_dop_molality__li_diffusivity__split01_seed43__init42
62	htpmd__dmpnn__condc_dop_molality__li_diffusivity__split02_seed44__init42	htpmd	dmpnn	dmpnn	state	condc_dop_molality	Li Diffusivity	li_diffusivity	2	44	42	results/year2_corrected_final_2026/htpmd/htpmd__dmpnn__condc_dop_molality__li_diffusivity__split02_seed44__init42
63	htpmd__dmpnn__condc_dop_molality__li_diffusivity__split03_seed45__init42	htpmd	dmpnn	dmpnn	state	condc_dop_molality	Li Diffusivity	li_diffusivity	3	45	42	results/year2_corrected_final_2026/htpmd/htpmd__dmpnn__condc_dop_molality__li_diffusivity__split03_seed45__init42
64	htpmd__dmpnn__condc_dop_molality__li_diffusivity__split04_seed46__init42	htpmd	dmpnn	dmpnn	state	condc_dop_molality	Li Diffusivity	li_diffusivity	4	46	42	results/year2_corrected_final_2026/htpmd/htpmd__dmpnn__condc_dop_molality__li_diffusivity__split04_seed46__init42
65	htpmd__dmpnn__condc_dop_molality__polymer_diffusivity__split00_seed42__init42	htpmd	dmpnn	dmpnn	state	condc_dop_molality	Poly Diffusivity	polymer_diffusivity	0	42	42	results/year2_corrected_final_2026/htpmd/htpmd__dmpnn__condc_dop_molality__polymer_diffusivity__split00_seed42__init42
66	htpmd__dmpnn__condc_dop_molality__polymer_diffusivity__split01_seed43__init42	htpmd	dmpnn	dmpnn	state	condc_dop_molality	Poly Diffusivity	polymer_diffusivity	1	43	42	results/year2_corrected_final_2026/htpmd/htpmd__dmpnn__condc_dop_molality__polymer_diffusivity__split01_seed43__init42
67	htpmd__dmpnn__condc_dop_molality__polymer_diffusivity__split02_seed44__init42	htpmd	dmpnn	dmpnn	state	condc_dop_molality	Poly Diffusivity	polymer_diffusivity	2	44	42	results/year2_corrected_final_2026/htpmd/htpmd__dmpnn__condc_dop_molality__polymer_diffusivity__split02_seed44__init42
68	htpmd__dmpnn__condc_dop_molality__polymer_diffusivity__split03_seed45__init42	htpmd	dmpnn	dmpnn	state	condc_dop_molality	Poly Diffusivity	polymer_diffusivity	3	45	42	results/year2_corrected_final_2026/htpmd/htpmd__dmpnn__condc_dop_molality__polymer_diffusivity__split03_seed45__init42
69	htpmd__dmpnn__condc_dop_molality__polymer_diffusivity__split04_seed46__init42	htpmd	dmpnn	dmpnn	state	condc_dop_molality	Poly Diffusivity	polymer_diffusivity	4	46	42	results/year2_corrected_final_2026/htpmd/htpmd__dmpnn__condc_dop_molality__polymer_diffusivity__split04_seed46__init42
70	htpmd__dmpnn__condc_dop_molality__transference_number__split00_seed42__init42	htpmd	dmpnn	dmpnn	state	condc_dop_molality	Transference Number	transference_number	0	42	42	results/year2_corrected_final_2026/htpmd/htpmd__dmpnn__condc_dop_molality__transference_number__split00_seed42__init42
71	htpmd__dmpnn__condc_dop_molality__transference_number__split01_seed43__init42	htpmd	dmpnn	dmpnn	state	condc_dop_molality	Transference Number	transference_number	1	43	42	results/year2_corrected_final_2026/htpmd/htpmd__dmpnn__condc_dop_molality__transference_number__split01_seed43__init42
72	htpmd__dmpnn__condc_dop_molality__transference_number__split02_seed44__init42	htpmd	dmpnn	dmpnn	state	condc_dop_molality	Transference Number	transference_number	2	44	42	results/year2_corrected_final_2026/htpmd/htpmd__dmpnn__condc_dop_molality__transference_number__split02_seed44__init42
73	htpmd__dmpnn__condc_dop_molality__transference_number__split03_seed45__init42	htpmd	dmpnn	dmpnn	state	condc_dop_molality	Transference Number	transference_number	3	45	42	results/year2_corrected_final_2026/htpmd/htpmd__dmpnn__condc_dop_molality__transference_number__split03_seed45__init42
74	htpmd__dmpnn__condc_dop_molality__transference_number__split04_seed46__init42	htpmd	dmpnn	dmpnn	state	condc_dop_molality	Transference Number	transference_number	4	46	42	results/year2_corrected_final_2026/htpmd/htpmd__dmpnn__condc_dop_molality__transference_number__split04_seed46__init42
75	htpmd__gin__conda_native__conductivity__split00_seed42__init42	htpmd	gin	gin	native	conda_native	Conductivity	conductivity	0	42	42	results/year2_corrected_final_2026/htpmd/htpmd__gin__conda_native__conductivity__split00_seed42__init42
76	htpmd__gin__conda_native__conductivity__split01_seed43__init42	htpmd	gin	gin	native	conda_native	Conductivity	conductivity	1	43	42	results/year2_corrected_final_2026/htpmd/htpmd__gin__conda_native__conductivity__split01_seed43__init42
77	htpmd__gin__conda_native__conductivity__split02_seed44__init42	htpmd	gin	gin	native	conda_native	Conductivity	conductivity	2	44	42	results/year2_corrected_final_2026/htpmd/htpmd__gin__conda_native__conductivity__split02_seed44__init42
78	htpmd__gin__conda_native__conductivity__split03_seed45__init42	htpmd	gin	gin	native	conda_native	Conductivity	conductivity	3	45	42	results/year2_corrected_final_2026/htpmd/htpmd__gin__conda_native__conductivity__split03_seed45__init42
79	htpmd__gin__conda_native__conductivity__split04_seed46__init42	htpmd	gin	gin	native	conda_native	Conductivity	conductivity	4	46	42	results/year2_corrected_final_2026/htpmd/htpmd__gin__conda_native__conductivity__split04_seed46__init42
80	htpmd__gin__conda_native__tfsi_diffusivity__split00_seed42__init42	htpmd	gin	gin	native	conda_native	TFSI Diffusivity	tfsi_diffusivity	0	42	42	results/year2_corrected_final_2026/htpmd/htpmd__gin__conda_native__tfsi_diffusivity__split00_seed42__init42
81	htpmd__gin__conda_native__tfsi_diffusivity__split01_seed43__init42	htpmd	gin	gin	native	conda_native	TFSI Diffusivity	tfsi_diffusivity	1	43	42	results/year2_corrected_final_2026/htpmd/htpmd__gin__conda_native__tfsi_diffusivity__split01_seed43__init42
82	htpmd__gin__conda_native__tfsi_diffusivity__split02_seed44__init42	htpmd	gin	gin	native	conda_native	TFSI Diffusivity	tfsi_diffusivity	2	44	42	results/year2_corrected_final_2026/htpmd/htpmd__gin__conda_native__tfsi_diffusivity__split02_seed44__init42
83	htpmd__gin__conda_native__tfsi_diffusivity__split03_seed45__init42	htpmd	gin	gin	native	conda_native	TFSI Diffusivity	tfsi_diffusivity	3	45	42	results/year2_corrected_final_2026/htpmd/htpmd__gin__conda_native__tfsi_diffusivity__split03_seed45__init42
84	htpmd__gin__conda_native__tfsi_diffusivity__split04_seed46__init42	htpmd	gin	gin	native	conda_native	TFSI Diffusivity	tfsi_diffusivity	4	46	42	results/year2_corrected_final_2026/htpmd/htpmd__gin__conda_native__tfsi_diffusivity__split04_seed46__init42
85	htpmd__gin__conda_native__li_diffusivity__split00_seed42__init42	htpmd	gin	gin	native	conda_native	Li Diffusivity	li_diffusivity	0	42	42	results/year2_corrected_final_2026/htpmd/htpmd__gin__conda_native__li_diffusivity__split00_seed42__init42
86	htpmd__gin__conda_native__li_diffusivity__split01_seed43__init42	htpmd	gin	gin	native	conda_native	Li Diffusivity	li_diffusivity	1	43	42	results/year2_corrected_final_2026/htpmd/htpmd__gin__conda_native__li_diffusivity__split01_seed43__init42
87	htpmd__gin__conda_native__li_diffusivity__split02_seed44__init42	htpmd	gin	gin	native	conda_native	Li Diffusivity	li_diffusivity	2	44	42	results/year2_corrected_final_2026/htpmd/htpmd__gin__conda_native__li_diffusivity__split02_seed44__init42
88	htpmd__gin__conda_native__li_diffusivity__split03_seed45__init42	htpmd	gin	gin	native	conda_native	Li Diffusivity	li_diffusivity	3	45	42	results/year2_corrected_final_2026/htpmd/htpmd__gin__conda_native__li_diffusivity__split03_seed45__init42
89	htpmd__gin__conda_native__li_diffusivity__split04_seed46__init42	htpmd	gin	gin	native	conda_native	Li Diffusivity	li_diffusivity	4	46	42	results/year2_corrected_final_2026/htpmd/htpmd__gin__conda_native__li_diffusivity__split04_seed46__init42
90	htpmd__gin__conda_native__polymer_diffusivity__split00_seed42__init42	htpmd	gin	gin	native	conda_native	Poly Diffusivity	polymer_diffusivity	0	42	42	results/year2_corrected_final_2026/htpmd/htpmd__gin__conda_native__polymer_diffusivity__split00_seed42__init42
91	htpmd__gin__conda_native__polymer_diffusivity__split01_seed43__init42	htpmd	gin	gin	native	conda_native	Poly Diffusivity	polymer_diffusivity	1	43	42	results/year2_corrected_final_2026/htpmd/htpmd__gin__conda_native__polymer_diffusivity__split01_seed43__init42
92	htpmd__gin__conda_native__polymer_diffusivity__split02_seed44__init42	htpmd	gin	gin	native	conda_native	Poly Diffusivity	polymer_diffusivity	2	44	42	results/year2_corrected_final_2026/htpmd/htpmd__gin__conda_native__polymer_diffusivity__split02_seed44__init42
93	htpmd__gin__conda_native__polymer_diffusivity__split03_seed45__init42	htpmd	gin	gin	native	conda_native	Poly Diffusivity	polymer_diffusivity	3	45	42	results/year2_corrected_final_2026/htpmd/htpmd__gin__conda_native__polymer_diffusivity__split03_seed45__init42
94	htpmd__gin__conda_native__polymer_diffusivity__split04_seed46__init42	htpmd	gin	gin	native	conda_native	Poly Diffusivity	polymer_diffusivity	4	46	42	results/year2_corrected_final_2026/htpmd/htpmd__gin__conda_native__polymer_diffusivity__split04_seed46__init42
95	htpmd__gin__conda_native__transference_number__split00_seed42__init42	htpmd	gin	gin	native	conda_native	Transference Number	transference_number	0	42	42	results/year2_corrected_final_2026/htpmd/htpmd__gin__conda_native__transference_number__split00_seed42__init42
96	htpmd__gin__conda_native__transference_number__split01_seed43__init42	htpmd	gin	gin	native	conda_native	Transference Number	transference_number	1	43	42	results/year2_corrected_final_2026/htpmd/htpmd__gin__conda_native__transference_number__split01_seed43__init42
97	htpmd__gin__conda_native__transference_number__split02_seed44__init42	htpmd	gin	gin	native	conda_native	Transference Number	transference_number	2	44	42	results/year2_corrected_final_2026/htpmd/htpmd__gin__conda_native__transference_number__split02_seed44__init42
98	htpmd__gin__conda_native__transference_number__split03_seed45__init42	htpmd	gin	gin	native	conda_native	Transference Number	transference_number	3	45	42	results/year2_corrected_final_2026/htpmd/htpmd__gin__conda_native__transference_number__split03_seed45__init42
99	htpmd__gin__conda_native__transference_number__split04_seed46__init42	htpmd	gin	gin	native	conda_native	Transference Number	transference_number	4	46	42	results/year2_corrected_final_2026/htpmd/htpmd__gin__conda_native__transference_number__split04_seed46__init42
100	htpmd__gin__condb_dop__conductivity__split00_seed42__init42	htpmd	gin	gin	dop	condb_dop	Conductivity	conductivity	0	42	42	results/year2_corrected_final_2026/htpmd/htpmd__gin__condb_dop__conductivity__split00_seed42__init42
101	htpmd__gin__condb_dop__conductivity__split01_seed43__init42	htpmd	gin	gin	dop	condb_dop	Conductivity	conductivity	1	43	42	results/year2_corrected_final_2026/htpmd/htpmd__gin__condb_dop__conductivity__split01_seed43__init42
102	htpmd__gin__condb_dop__conductivity__split02_seed44__init42	htpmd	gin	gin	dop	condb_dop	Conductivity	conductivity	2	44	42	results/year2_corrected_final_2026/htpmd/htpmd__gin__condb_dop__conductivity__split02_seed44__init42
103	htpmd__gin__condb_dop__conductivity__split03_seed45__init42	htpmd	gin	gin	dop	condb_dop	Conductivity	conductivity	3	45	42	results/year2_corrected_final_2026/htpmd/htpmd__gin__condb_dop__conductivity__split03_seed45__init42
104	htpmd__gin__condb_dop__conductivity__split04_seed46__init42	htpmd	gin	gin	dop	condb_dop	Conductivity	conductivity	4	46	42	results/year2_corrected_final_2026/htpmd/htpmd__gin__condb_dop__conductivity__split04_seed46__init42
105	htpmd__gin__condb_dop__tfsi_diffusivity__split00_seed42__init42	htpmd	gin	gin	dop	condb_dop	TFSI Diffusivity	tfsi_diffusivity	0	42	42	results/year2_corrected_final_2026/htpmd/htpmd__gin__condb_dop__tfsi_diffusivity__split00_seed42__init42
106	htpmd__gin__condb_dop__tfsi_diffusivity__split01_seed43__init42	htpmd	gin	gin	dop	condb_dop	TFSI Diffusivity	tfsi_diffusivity	1	43	42	results/year2_corrected_final_2026/htpmd/htpmd__gin__condb_dop__tfsi_diffusivity__split01_seed43__init42
107	htpmd__gin__condb_dop__tfsi_diffusivity__split02_seed44__init42	htpmd	gin	gin	dop	condb_dop	TFSI Diffusivity	tfsi_diffusivity	2	44	42	results/year2_corrected_final_2026/htpmd/htpmd__gin__condb_dop__tfsi_diffusivity__split02_seed44__init42
108	htpmd__gin__condb_dop__tfsi_diffusivity__split03_seed45__init42	htpmd	gin	gin	dop	condb_dop	TFSI Diffusivity	tfsi_diffusivity	3	45	42	results/year2_corrected_final_2026/htpmd/htpmd__gin__condb_dop__tfsi_diffusivity__split03_seed45__init42
109	htpmd__gin__condb_dop__tfsi_diffusivity__split04_seed46__init42	htpmd	gin	gin	dop	condb_dop	TFSI Diffusivity	tfsi_diffusivity	4	46	42	results/year2_corrected_final_2026/htpmd/htpmd__gin__condb_dop__tfsi_diffusivity__split04_seed46__init42
110	htpmd__gin__condb_dop__li_diffusivity__split00_seed42__init42	htpmd	gin	gin	dop	condb_dop	Li Diffusivity	li_diffusivity	0	42	42	results/year2_corrected_final_2026/htpmd/htpmd__gin__condb_dop__li_diffusivity__split00_seed42__init42
111	htpmd__gin__condb_dop__li_diffusivity__split01_seed43__init42	htpmd	gin	gin	dop	condb_dop	Li Diffusivity	li_diffusivity	1	43	42	results/year2_corrected_final_2026/htpmd/htpmd__gin__condb_dop__li_diffusivity__split01_seed43__init42
112	htpmd__gin__condb_dop__li_diffusivity__split02_seed44__init42	htpmd	gin	gin	dop	condb_dop	Li Diffusivity	li_diffusivity	2	44	42	results/year2_corrected_final_2026/htpmd/htpmd__gin__condb_dop__li_diffusivity__split02_seed44__init42
113	htpmd__gin__condb_dop__li_diffusivity__split03_seed45__init42	htpmd	gin	gin	dop	condb_dop	Li Diffusivity	li_diffusivity	3	45	42	results/year2_corrected_final_2026/htpmd/htpmd__gin__condb_dop__li_diffusivity__split03_seed45__init42
114	htpmd__gin__condb_dop__li_diffusivity__split04_seed46__init42	htpmd	gin	gin	dop	condb_dop	Li Diffusivity	li_diffusivity	4	46	42	results/year2_corrected_final_2026/htpmd/htpmd__gin__condb_dop__li_diffusivity__split04_seed46__init42
115	htpmd__gin__condb_dop__polymer_diffusivity__split00_seed42__init42	htpmd	gin	gin	dop	condb_dop	Poly Diffusivity	polymer_diffusivity	0	42	42	results/year2_corrected_final_2026/htpmd/htpmd__gin__condb_dop__polymer_diffusivity__split00_seed42__init42
116	htpmd__gin__condb_dop__polymer_diffusivity__split01_seed43__init42	htpmd	gin	gin	dop	condb_dop	Poly Diffusivity	polymer_diffusivity	1	43	42	results/year2_corrected_final_2026/htpmd/htpmd__gin__condb_dop__polymer_diffusivity__split01_seed43__init42
117	htpmd__gin__condb_dop__polymer_diffusivity__split02_seed44__init42	htpmd	gin	gin	dop	condb_dop	Poly Diffusivity	polymer_diffusivity	2	44	42	results/year2_corrected_final_2026/htpmd/htpmd__gin__condb_dop__polymer_diffusivity__split02_seed44__init42
118	htpmd__gin__condb_dop__polymer_diffusivity__split03_seed45__init42	htpmd	gin	gin	dop	condb_dop	Poly Diffusivity	polymer_diffusivity	3	45	42	results/year2_corrected_final_2026/htpmd/htpmd__gin__condb_dop__polymer_diffusivity__split03_seed45__init42
119	htpmd__gin__condb_dop__polymer_diffusivity__split04_seed46__init42	htpmd	gin	gin	dop	condb_dop	Poly Diffusivity	polymer_diffusivity	4	46	42	results/year2_corrected_final_2026/htpmd/htpmd__gin__condb_dop__polymer_diffusivity__split04_seed46__init42
120	htpmd__gin__condb_dop__transference_number__split00_seed42__init42	htpmd	gin	gin	dop	condb_dop	Transference Number	transference_number	0	42	42	results/year2_corrected_final_2026/htpmd/htpmd__gin__condb_dop__transference_number__split00_seed42__init42
121	htpmd__gin__condb_dop__transference_number__split01_seed43__init42	htpmd	gin	gin	dop	condb_dop	Transference Number	transference_number	1	43	42	results/year2_corrected_final_2026/htpmd/htpmd__gin__condb_dop__transference_number__split01_seed43__init42
122	htpmd__gin__condb_dop__transference_number__split02_seed44__init42	htpmd	gin	gin	dop	condb_dop	Transference Number	transference_number	2	44	42	results/year2_corrected_final_2026/htpmd/htpmd__gin__condb_dop__transference_number__split02_seed44__init42
123	htpmd__gin__condb_dop__transference_number__split03_seed45__init42	htpmd	gin	gin	dop	condb_dop	Transference Number	transference_number	3	45	42	results/year2_corrected_final_2026/htpmd/htpmd__gin__condb_dop__transference_number__split03_seed45__init42
124	htpmd__gin__condb_dop__transference_number__split04_seed46__init42	htpmd	gin	gin	dop	condb_dop	Transference Number	transference_number	4	46	42	results/year2_corrected_final_2026/htpmd/htpmd__gin__condb_dop__transference_number__split04_seed46__init42
125	htpmd__gin__condc_dop_molality__conductivity__split00_seed42__init42	htpmd	gin	gin	state	condc_dop_molality	Conductivity	conductivity	0	42	42	results/year2_corrected_final_2026/htpmd/htpmd__gin__condc_dop_molality__conductivity__split00_seed42__init42
126	htpmd__gin__condc_dop_molality__conductivity__split01_seed43__init42	htpmd	gin	gin	state	condc_dop_molality	Conductivity	conductivity	1	43	42	results/year2_corrected_final_2026/htpmd/htpmd__gin__condc_dop_molality__conductivity__split01_seed43__init42
127	htpmd__gin__condc_dop_molality__conductivity__split02_seed44__init42	htpmd	gin	gin	state	condc_dop_molality	Conductivity	conductivity	2	44	42	results/year2_corrected_final_2026/htpmd/htpmd__gin__condc_dop_molality__conductivity__split02_seed44__init42
128	htpmd__gin__condc_dop_molality__conductivity__split03_seed45__init42	htpmd	gin	gin	state	condc_dop_molality	Conductivity	conductivity	3	45	42	results/year2_corrected_final_2026/htpmd/htpmd__gin__condc_dop_molality__conductivity__split03_seed45__init42
129	htpmd__gin__condc_dop_molality__conductivity__split04_seed46__init42	htpmd	gin	gin	state	condc_dop_molality	Conductivity	conductivity	4	46	42	results/year2_corrected_final_2026/htpmd/htpmd__gin__condc_dop_molality__conductivity__split04_seed46__init42
130	htpmd__gin__condc_dop_molality__tfsi_diffusivity__split00_seed42__init42	htpmd	gin	gin	state	condc_dop_molality	TFSI Diffusivity	tfsi_diffusivity	0	42	42	results/year2_corrected_final_2026/htpmd/htpmd__gin__condc_dop_molality__tfsi_diffusivity__split00_seed42__init42
131	htpmd__gin__condc_dop_molality__tfsi_diffusivity__split01_seed43__init42	htpmd	gin	gin	state	condc_dop_molality	TFSI Diffusivity	tfsi_diffusivity	1	43	42	results/year2_corrected_final_2026/htpmd/htpmd__gin__condc_dop_molality__tfsi_diffusivity__split01_seed43__init42
132	htpmd__gin__condc_dop_molality__tfsi_diffusivity__split02_seed44__init42	htpmd	gin	gin	state	condc_dop_molality	TFSI Diffusivity	tfsi_diffusivity	2	44	42	results/year2_corrected_final_2026/htpmd/htpmd__gin__condc_dop_molality__tfsi_diffusivity__split02_seed44__init42
133	htpmd__gin__condc_dop_molality__tfsi_diffusivity__split03_seed45__init42	htpmd	gin	gin	state	condc_dop_molality	TFSI Diffusivity	tfsi_diffusivity	3	45	42	results/year2_corrected_final_2026/htpmd/htpmd__gin__condc_dop_molality__tfsi_diffusivity__split03_seed45__init42
134	htpmd__gin__condc_dop_molality__tfsi_diffusivity__split04_seed46__init42	htpmd	gin	gin	state	condc_dop_molality	TFSI Diffusivity	tfsi_diffusivity	4	46	42	results/year2_corrected_final_2026/htpmd/htpmd__gin__condc_dop_molality__tfsi_diffusivity__split04_seed46__init42
135	htpmd__gin__condc_dop_molality__li_diffusivity__split00_seed42__init42	htpmd	gin	gin	state	condc_dop_molality	Li Diffusivity	li_diffusivity	0	42	42	results/year2_corrected_final_2026/htpmd/htpmd__gin__condc_dop_molality__li_diffusivity__split00_seed42__init42
136	htpmd__gin__condc_dop_molality__li_diffusivity__split01_seed43__init42	htpmd	gin	gin	state	condc_dop_molality	Li Diffusivity	li_diffusivity	1	43	42	results/year2_corrected_final_2026/htpmd/htpmd__gin__condc_dop_molality__li_diffusivity__split01_seed43__init42
137	htpmd__gin__condc_dop_molality__li_diffusivity__split02_seed44__init42	htpmd	gin	gin	state	condc_dop_molality	Li Diffusivity	li_diffusivity	2	44	42	results/year2_corrected_final_2026/htpmd/htpmd__gin__condc_dop_molality__li_diffusivity__split02_seed44__init42
138	htpmd__gin__condc_dop_molality__li_diffusivity__split03_seed45__init42	htpmd	gin	gin	state	condc_dop_molality	Li Diffusivity	li_diffusivity	3	45	42	results/year2_corrected_final_2026/htpmd/htpmd__gin__condc_dop_molality__li_diffusivity__split03_seed45__init42
139	htpmd__gin__condc_dop_molality__li_diffusivity__split04_seed46__init42	htpmd	gin	gin	state	condc_dop_molality	Li Diffusivity	li_diffusivity	4	46	42	results/year2_corrected_final_2026/htpmd/htpmd__gin__condc_dop_molality__li_diffusivity__split04_seed46__init42
140	htpmd__gin__condc_dop_molality__polymer_diffusivity__split00_seed42__init42	htpmd	gin	gin	state	condc_dop_molality	Poly Diffusivity	polymer_diffusivity	0	42	42	results/year2_corrected_final_2026/htpmd/htpmd__gin__condc_dop_molality__polymer_diffusivity__split00_seed42__init42
141	htpmd__gin__condc_dop_molality__polymer_diffusivity__split01_seed43__init42	htpmd	gin	gin	state	condc_dop_molality	Poly Diffusivity	polymer_diffusivity	1	43	42	results/year2_corrected_final_2026/htpmd/htpmd__gin__condc_dop_molality__polymer_diffusivity__split01_seed43__init42
142	htpmd__gin__condc_dop_molality__polymer_diffusivity__split02_seed44__init42	htpmd	gin	gin	state	condc_dop_molality	Poly Diffusivity	polymer_diffusivity	2	44	42	results/year2_corrected_final_2026/htpmd/htpmd__gin__condc_dop_molality__polymer_diffusivity__split02_seed44__init42
143	htpmd__gin__condc_dop_molality__polymer_diffusivity__split03_seed45__init42	htpmd	gin	gin	state	condc_dop_molality	Poly Diffusivity	polymer_diffusivity	3	45	42	results/year2_corrected_final_2026/htpmd/htpmd__gin__condc_dop_molality__polymer_diffusivity__split03_seed45__init42
144	htpmd__gin__condc_dop_molality__polymer_diffusivity__split04_seed46__init42	htpmd	gin	gin	state	condc_dop_molality	Poly Diffusivity	polymer_diffusivity	4	46	42	results/year2_corrected_final_2026/htpmd/htpmd__gin__condc_dop_molality__polymer_diffusivity__split04_seed46__init42
145	htpmd__gin__condc_dop_molality__transference_number__split00_seed42__init42	htpmd	gin	gin	state	condc_dop_molality	Transference Number	transference_number	0	42	42	results/year2_corrected_final_2026/htpmd/htpmd__gin__condc_dop_molality__transference_number__split00_seed42__init42
146	htpmd__gin__condc_dop_molality__transference_number__split01_seed43__init42	htpmd	gin	gin	state	condc_dop_molality	Transference Number	transference_number	1	43	42	results/year2_corrected_final_2026/htpmd/htpmd__gin__condc_dop_molality__transference_number__split01_seed43__init42
147	htpmd__gin__condc_dop_molality__transference_number__split02_seed44__init42	htpmd	gin	gin	state	condc_dop_molality	Transference Number	transference_number	2	44	42	results/year2_corrected_final_2026/htpmd/htpmd__gin__condc_dop_molality__transference_number__split02_seed44__init42
148	htpmd__gin__condc_dop_molality__transference_number__split03_seed45__init42	htpmd	gin	gin	state	condc_dop_molality	Transference Number	transference_number	3	45	42	results/year2_corrected_final_2026/htpmd/htpmd__gin__condc_dop_molality__transference_number__split03_seed45__init42
149	htpmd__gin__condc_dop_molality__transference_number__split04_seed46__init42	htpmd	gin	gin	state	condc_dop_molality	Transference Number	transference_number	4	46	42	results/year2_corrected_final_2026/htpmd/htpmd__gin__condc_dop_molality__transference_number__split04_seed46__init42
150	htpmd__gat__conda_native__conductivity__split00_seed42__init42	htpmd	gat	gat	native	conda_native	Conductivity	conductivity	0	42	42	results/year2_corrected_final_2026/htpmd/htpmd__gat__conda_native__conductivity__split00_seed42__init42
151	htpmd__gat__conda_native__conductivity__split01_seed43__init42	htpmd	gat	gat	native	conda_native	Conductivity	conductivity	1	43	42	results/year2_corrected_final_2026/htpmd/htpmd__gat__conda_native__conductivity__split01_seed43__init42
152	htpmd__gat__conda_native__conductivity__split02_seed44__init42	htpmd	gat	gat	native	conda_native	Conductivity	conductivity	2	44	42	results/year2_corrected_final_2026/htpmd/htpmd__gat__conda_native__conductivity__split02_seed44__init42
153	htpmd__gat__conda_native__conductivity__split03_seed45__init42	htpmd	gat	gat	native	conda_native	Conductivity	conductivity	3	45	42	results/year2_corrected_final_2026/htpmd/htpmd__gat__conda_native__conductivity__split03_seed45__init42
154	htpmd__gat__conda_native__conductivity__split04_seed46__init42	htpmd	gat	gat	native	conda_native	Conductivity	conductivity	4	46	42	results/year2_corrected_final_2026/htpmd/htpmd__gat__conda_native__conductivity__split04_seed46__init42
155	htpmd__gat__conda_native__tfsi_diffusivity__split00_seed42__init42	htpmd	gat	gat	native	conda_native	TFSI Diffusivity	tfsi_diffusivity	0	42	42	results/year2_corrected_final_2026/htpmd/htpmd__gat__conda_native__tfsi_diffusivity__split00_seed42__init42
156	htpmd__gat__conda_native__tfsi_diffusivity__split01_seed43__init42	htpmd	gat	gat	native	conda_native	TFSI Diffusivity	tfsi_diffusivity	1	43	42	results/year2_corrected_final_2026/htpmd/htpmd__gat__conda_native__tfsi_diffusivity__split01_seed43__init42
157	htpmd__gat__conda_native__tfsi_diffusivity__split02_seed44__init42	htpmd	gat	gat	native	conda_native	TFSI Diffusivity	tfsi_diffusivity	2	44	42	results/year2_corrected_final_2026/htpmd/htpmd__gat__conda_native__tfsi_diffusivity__split02_seed44__init42
158	htpmd__gat__conda_native__tfsi_diffusivity__split03_seed45__init42	htpmd	gat	gat	native	conda_native	TFSI Diffusivity	tfsi_diffusivity	3	45	42	results/year2_corrected_final_2026/htpmd/htpmd__gat__conda_native__tfsi_diffusivity__split03_seed45__init42
159	htpmd__gat__conda_native__tfsi_diffusivity__split04_seed46__init42	htpmd	gat	gat	native	conda_native	TFSI Diffusivity	tfsi_diffusivity	4	46	42	results/year2_corrected_final_2026/htpmd/htpmd__gat__conda_native__tfsi_diffusivity__split04_seed46__init42
160	htpmd__gat__conda_native__li_diffusivity__split00_seed42__init42	htpmd	gat	gat	native	conda_native	Li Diffusivity	li_diffusivity	0	42	42	results/year2_corrected_final_2026/htpmd/htpmd__gat__conda_native__li_diffusivity__split00_seed42__init42
161	htpmd__gat__conda_native__li_diffusivity__split01_seed43__init42	htpmd	gat	gat	native	conda_native	Li Diffusivity	li_diffusivity	1	43	42	results/year2_corrected_final_2026/htpmd/htpmd__gat__conda_native__li_diffusivity__split01_seed43__init42
162	htpmd__gat__conda_native__li_diffusivity__split02_seed44__init42	htpmd	gat	gat	native	conda_native	Li Diffusivity	li_diffusivity	2	44	42	results/year2_corrected_final_2026/htpmd/htpmd__gat__conda_native__li_diffusivity__split02_seed44__init42
163	htpmd__gat__conda_native__li_diffusivity__split03_seed45__init42	htpmd	gat	gat	native	conda_native	Li Diffusivity	li_diffusivity	3	45	42	results/year2_corrected_final_2026/htpmd/htpmd__gat__conda_native__li_diffusivity__split03_seed45__init42
164	htpmd__gat__conda_native__li_diffusivity__split04_seed46__init42	htpmd	gat	gat	native	conda_native	Li Diffusivity	li_diffusivity	4	46	42	results/year2_corrected_final_2026/htpmd/htpmd__gat__conda_native__li_diffusivity__split04_seed46__init42
165	htpmd__gat__conda_native__polymer_diffusivity__split00_seed42__init42	htpmd	gat	gat	native	conda_native	Poly Diffusivity	polymer_diffusivity	0	42	42	results/year2_corrected_final_2026/htpmd/htpmd__gat__conda_native__polymer_diffusivity__split00_seed42__init42
166	htpmd__gat__conda_native__polymer_diffusivity__split01_seed43__init42	htpmd	gat	gat	native	conda_native	Poly Diffusivity	polymer_diffusivity	1	43	42	results/year2_corrected_final_2026/htpmd/htpmd__gat__conda_native__polymer_diffusivity__split01_seed43__init42
167	htpmd__gat__conda_native__polymer_diffusivity__split02_seed44__init42	htpmd	gat	gat	native	conda_native	Poly Diffusivity	polymer_diffusivity	2	44	42	results/year2_corrected_final_2026/htpmd/htpmd__gat__conda_native__polymer_diffusivity__split02_seed44__init42
168	htpmd__gat__conda_native__polymer_diffusivity__split03_seed45__init42	htpmd	gat	gat	native	conda_native	Poly Diffusivity	polymer_diffusivity	3	45	42	results/year2_corrected_final_2026/htpmd/htpmd__gat__conda_native__polymer_diffusivity__split03_seed45__init42
169	htpmd__gat__conda_native__polymer_diffusivity__split04_seed46__init42	htpmd	gat	gat	native	conda_native	Poly Diffusivity	polymer_diffusivity	4	46	42	results/year2_corrected_final_2026/htpmd/htpmd__gat__conda_native__polymer_diffusivity__split04_seed46__init42
170	htpmd__gat__conda_native__transference_number__split00_seed42__init42	htpmd	gat	gat	native	conda_native	Transference Number	transference_number	0	42	42	results/year2_corrected_final_2026/htpmd/htpmd__gat__conda_native__transference_number__split00_seed42__init42
171	htpmd__gat__conda_native__transference_number__split01_seed43__init42	htpmd	gat	gat	native	conda_native	Transference Number	transference_number	1	43	42	results/year2_corrected_final_2026/htpmd/htpmd__gat__conda_native__transference_number__split01_seed43__init42
172	htpmd__gat__conda_native__transference_number__split02_seed44__init42	htpmd	gat	gat	native	conda_native	Transference Number	transference_number	2	44	42	results/year2_corrected_final_2026/htpmd/htpmd__gat__conda_native__transference_number__split02_seed44__init42
173	htpmd__gat__conda_native__transference_number__split03_seed45__init42	htpmd	gat	gat	native	conda_native	Transference Number	transference_number	3	45	42	results/year2_corrected_final_2026/htpmd/htpmd__gat__conda_native__transference_number__split03_seed45__init42
174	htpmd__gat__conda_native__transference_number__split04_seed46__init42	htpmd	gat	gat	native	conda_native	Transference Number	transference_number	4	46	42	results/year2_corrected_final_2026/htpmd/htpmd__gat__conda_native__transference_number__split04_seed46__init42
175	htpmd__gat__condb_dop__conductivity__split00_seed42__init42	htpmd	gat	gat	dop	condb_dop	Conductivity	conductivity	0	42	42	results/year2_corrected_final_2026/htpmd/htpmd__gat__condb_dop__conductivity__split00_seed42__init42
176	htpmd__gat__condb_dop__conductivity__split01_seed43__init42	htpmd	gat	gat	dop	condb_dop	Conductivity	conductivity	1	43	42	results/year2_corrected_final_2026/htpmd/htpmd__gat__condb_dop__conductivity__split01_seed43__init42
177	htpmd__gat__condb_dop__conductivity__split02_seed44__init42	htpmd	gat	gat	dop	condb_dop	Conductivity	conductivity	2	44	42	results/year2_corrected_final_2026/htpmd/htpmd__gat__condb_dop__conductivity__split02_seed44__init42
178	htpmd__gat__condb_dop__conductivity__split03_seed45__init42	htpmd	gat	gat	dop	condb_dop	Conductivity	conductivity	3	45	42	results/year2_corrected_final_2026/htpmd/htpmd__gat__condb_dop__conductivity__split03_seed45__init42
179	htpmd__gat__condb_dop__conductivity__split04_seed46__init42	htpmd	gat	gat	dop	condb_dop	Conductivity	conductivity	4	46	42	results/year2_corrected_final_2026/htpmd/htpmd__gat__condb_dop__conductivity__split04_seed46__init42
180	htpmd__gat__condb_dop__tfsi_diffusivity__split00_seed42__init42	htpmd	gat	gat	dop	condb_dop	TFSI Diffusivity	tfsi_diffusivity	0	42	42	results/year2_corrected_final_2026/htpmd/htpmd__gat__condb_dop__tfsi_diffusivity__split00_seed42__init42
181	htpmd__gat__condb_dop__tfsi_diffusivity__split01_seed43__init42	htpmd	gat	gat	dop	condb_dop	TFSI Diffusivity	tfsi_diffusivity	1	43	42	results/year2_corrected_final_2026/htpmd/htpmd__gat__condb_dop__tfsi_diffusivity__split01_seed43__init42
182	htpmd__gat__condb_dop__tfsi_diffusivity__split02_seed44__init42	htpmd	gat	gat	dop	condb_dop	TFSI Diffusivity	tfsi_diffusivity	2	44	42	results/year2_corrected_final_2026/htpmd/htpmd__gat__condb_dop__tfsi_diffusivity__split02_seed44__init42
183	htpmd__gat__condb_dop__tfsi_diffusivity__split03_seed45__init42	htpmd	gat	gat	dop	condb_dop	TFSI Diffusivity	tfsi_diffusivity	3	45	42	results/year2_corrected_final_2026/htpmd/htpmd__gat__condb_dop__tfsi_diffusivity__split03_seed45__init42
184	htpmd__gat__condb_dop__tfsi_diffusivity__split04_seed46__init42	htpmd	gat	gat	dop	condb_dop	TFSI Diffusivity	tfsi_diffusivity	4	46	42	results/year2_corrected_final_2026/htpmd/htpmd__gat__condb_dop__tfsi_diffusivity__split04_seed46__init42
185	htpmd__gat__condb_dop__li_diffusivity__split00_seed42__init42	htpmd	gat	gat	dop	condb_dop	Li Diffusivity	li_diffusivity	0	42	42	results/year2_corrected_final_2026/htpmd/htpmd__gat__condb_dop__li_diffusivity__split00_seed42__init42
186	htpmd__gat__condb_dop__li_diffusivity__split01_seed43__init42	htpmd	gat	gat	dop	condb_dop	Li Diffusivity	li_diffusivity	1	43	42	results/year2_corrected_final_2026/htpmd/htpmd__gat__condb_dop__li_diffusivity__split01_seed43__init42
187	htpmd__gat__condb_dop__li_diffusivity__split02_seed44__init42	htpmd	gat	gat	dop	condb_dop	Li Diffusivity	li_diffusivity	2	44	42	results/year2_corrected_final_2026/htpmd/htpmd__gat__condb_dop__li_diffusivity__split02_seed44__init42
188	htpmd__gat__condb_dop__li_diffusivity__split03_seed45__init42	htpmd	gat	gat	dop	condb_dop	Li Diffusivity	li_diffusivity	3	45	42	results/year2_corrected_final_2026/htpmd/htpmd__gat__condb_dop__li_diffusivity__split03_seed45__init42
189	htpmd__gat__condb_dop__li_diffusivity__split04_seed46__init42	htpmd	gat	gat	dop	condb_dop	Li Diffusivity	li_diffusivity	4	46	42	results/year2_corrected_final_2026/htpmd/htpmd__gat__condb_dop__li_diffusivity__split04_seed46__init42
190	htpmd__gat__condb_dop__polymer_diffusivity__split00_seed42__init42	htpmd	gat	gat	dop	condb_dop	Poly Diffusivity	polymer_diffusivity	0	42	42	results/year2_corrected_final_2026/htpmd/htpmd__gat__condb_dop__polymer_diffusivity__split00_seed42__init42
191	htpmd__gat__condb_dop__polymer_diffusivity__split01_seed43__init42	htpmd	gat	gat	dop	condb_dop	Poly Diffusivity	polymer_diffusivity	1	43	42	results/year2_corrected_final_2026/htpmd/htpmd__gat__condb_dop__polymer_diffusivity__split01_seed43__init42
192	htpmd__gat__condb_dop__polymer_diffusivity__split02_seed44__init42	htpmd	gat	gat	dop	condb_dop	Poly Diffusivity	polymer_diffusivity	2	44	42	results/year2_corrected_final_2026/htpmd/htpmd__gat__condb_dop__polymer_diffusivity__split02_seed44__init42
193	htpmd__gat__condb_dop__polymer_diffusivity__split03_seed45__init42	htpmd	gat	gat	dop	condb_dop	Poly Diffusivity	polymer_diffusivity	3	45	42	results/year2_corrected_final_2026/htpmd/htpmd__gat__condb_dop__polymer_diffusivity__split03_seed45__init42
194	htpmd__gat__condb_dop__polymer_diffusivity__split04_seed46__init42	htpmd	gat	gat	dop	condb_dop	Poly Diffusivity	polymer_diffusivity	4	46	42	results/year2_corrected_final_2026/htpmd/htpmd__gat__condb_dop__polymer_diffusivity__split04_seed46__init42
195	htpmd__gat__condb_dop__transference_number__split00_seed42__init42	htpmd	gat	gat	dop	condb_dop	Transference Number	transference_number	0	42	42	results/year2_corrected_final_2026/htpmd/htpmd__gat__condb_dop__transference_number__split00_seed42__init42
196	htpmd__gat__condb_dop__transference_number__split01_seed43__init42	htpmd	gat	gat	dop	condb_dop	Transference Number	transference_number	1	43	42	results/year2_corrected_final_2026/htpmd/htpmd__gat__condb_dop__transference_number__split01_seed43__init42
197	htpmd__gat__condb_dop__transference_number__split02_seed44__init42	htpmd	gat	gat	dop	condb_dop	Transference Number	transference_number	2	44	42	results/year2_corrected_final_2026/htpmd/htpmd__gat__condb_dop__transference_number__split02_seed44__init42
198	htpmd__gat__condb_dop__transference_number__split03_seed45__init42	htpmd	gat	gat	dop	condb_dop	Transference Number	transference_number	3	45	42	results/year2_corrected_final_2026/htpmd/htpmd__gat__condb_dop__transference_number__split03_seed45__init42
199	htpmd__gat__condb_dop__transference_number__split04_seed46__init42	htpmd	gat	gat	dop	condb_dop	Transference Number	transference_number	4	46	42	results/year2_corrected_final_2026/htpmd/htpmd__gat__condb_dop__transference_number__split04_seed46__init42
200	htpmd__gat__condc_dop_molality__conductivity__split00_seed42__init42	htpmd	gat	gat	state	condc_dop_molality	Conductivity	conductivity	0	42	42	results/year2_corrected_final_2026/htpmd/htpmd__gat__condc_dop_molality__conductivity__split00_seed42__init42
201	htpmd__gat__condc_dop_molality__conductivity__split01_seed43__init42	htpmd	gat	gat	state	condc_dop_molality	Conductivity	conductivity	1	43	42	results/year2_corrected_final_2026/htpmd/htpmd__gat__condc_dop_molality__conductivity__split01_seed43__init42
202	htpmd__gat__condc_dop_molality__conductivity__split02_seed44__init42	htpmd	gat	gat	state	condc_dop_molality	Conductivity	conductivity	2	44	42	results/year2_corrected_final_2026/htpmd/htpmd__gat__condc_dop_molality__conductivity__split02_seed44__init42
203	htpmd__gat__condc_dop_molality__conductivity__split03_seed45__init42	htpmd	gat	gat	state	condc_dop_molality	Conductivity	conductivity	3	45	42	results/year2_corrected_final_2026/htpmd/htpmd__gat__condc_dop_molality__conductivity__split03_seed45__init42
204	htpmd__gat__condc_dop_molality__conductivity__split04_seed46__init42	htpmd	gat	gat	state	condc_dop_molality	Conductivity	conductivity	4	46	42	results/year2_corrected_final_2026/htpmd/htpmd__gat__condc_dop_molality__conductivity__split04_seed46__init42
205	htpmd__gat__condc_dop_molality__tfsi_diffusivity__split00_seed42__init42	htpmd	gat	gat	state	condc_dop_molality	TFSI Diffusivity	tfsi_diffusivity	0	42	42	results/year2_corrected_final_2026/htpmd/htpmd__gat__condc_dop_molality__tfsi_diffusivity__split00_seed42__init42
206	htpmd__gat__condc_dop_molality__tfsi_diffusivity__split01_seed43__init42	htpmd	gat	gat	state	condc_dop_molality	TFSI Diffusivity	tfsi_diffusivity	1	43	42	results/year2_corrected_final_2026/htpmd/htpmd__gat__condc_dop_molality__tfsi_diffusivity__split01_seed43__init42
207	htpmd__gat__condc_dop_molality__tfsi_diffusivity__split02_seed44__init42	htpmd	gat	gat	state	condc_dop_molality	TFSI Diffusivity	tfsi_diffusivity	2	44	42	results/year2_corrected_final_2026/htpmd/htpmd__gat__condc_dop_molality__tfsi_diffusivity__split02_seed44__init42
208	htpmd__gat__condc_dop_molality__tfsi_diffusivity__split03_seed45__init42	htpmd	gat	gat	state	condc_dop_molality	TFSI Diffusivity	tfsi_diffusivity	3	45	42	results/year2_corrected_final_2026/htpmd/htpmd__gat__condc_dop_molality__tfsi_diffusivity__split03_seed45__init42
209	htpmd__gat__condc_dop_molality__tfsi_diffusivity__split04_seed46__init42	htpmd	gat	gat	state	condc_dop_molality	TFSI Diffusivity	tfsi_diffusivity	4	46	42	results/year2_corrected_final_2026/htpmd/htpmd__gat__condc_dop_molality__tfsi_diffusivity__split04_seed46__init42
210	htpmd__gat__condc_dop_molality__li_diffusivity__split00_seed42__init42	htpmd	gat	gat	state	condc_dop_molality	Li Diffusivity	li_diffusivity	0	42	42	results/year2_corrected_final_2026/htpmd/htpmd__gat__condc_dop_molality__li_diffusivity__split00_seed42__init42
211	htpmd__gat__condc_dop_molality__li_diffusivity__split01_seed43__init42	htpmd	gat	gat	state	condc_dop_molality	Li Diffusivity	li_diffusivity	1	43	42	results/year2_corrected_final_2026/htpmd/htpmd__gat__condc_dop_molality__li_diffusivity__split01_seed43__init42
212	htpmd__gat__condc_dop_molality__li_diffusivity__split02_seed44__init42	htpmd	gat	gat	state	condc_dop_molality	Li Diffusivity	li_diffusivity	2	44	42	results/year2_corrected_final_2026/htpmd/htpmd__gat__condc_dop_molality__li_diffusivity__split02_seed44__init42
213	htpmd__gat__condc_dop_molality__li_diffusivity__split03_seed45__init42	htpmd	gat	gat	state	condc_dop_molality	Li Diffusivity	li_diffusivity	3	45	42	results/year2_corrected_final_2026/htpmd/htpmd__gat__condc_dop_molality__li_diffusivity__split03_seed45__init42
214	htpmd__gat__condc_dop_molality__li_diffusivity__split04_seed46__init42	htpmd	gat	gat	state	condc_dop_molality	Li Diffusivity	li_diffusivity	4	46	42	results/year2_corrected_final_2026/htpmd/htpmd__gat__condc_dop_molality__li_diffusivity__split04_seed46__init42
215	htpmd__gat__condc_dop_molality__polymer_diffusivity__split00_seed42__init42	htpmd	gat	gat	state	condc_dop_molality	Poly Diffusivity	polymer_diffusivity	0	42	42	results/year2_corrected_final_2026/htpmd/htpmd__gat__condc_dop_molality__polymer_diffusivity__split00_seed42__init42
216	htpmd__gat__condc_dop_molality__polymer_diffusivity__split01_seed43__init42	htpmd	gat	gat	state	condc_dop_molality	Poly Diffusivity	polymer_diffusivity	1	43	42	results/year2_corrected_final_2026/htpmd/htpmd__gat__condc_dop_molality__polymer_diffusivity__split01_seed43__init42
217	htpmd__gat__condc_dop_molality__polymer_diffusivity__split02_seed44__init42	htpmd	gat	gat	state	condc_dop_molality	Poly Diffusivity	polymer_diffusivity	2	44	42	results/year2_corrected_final_2026/htpmd/htpmd__gat__condc_dop_molality__polymer_diffusivity__split02_seed44__init42
218	htpmd__gat__condc_dop_molality__polymer_diffusivity__split03_seed45__init42	htpmd	gat	gat	state	condc_dop_molality	Poly Diffusivity	polymer_diffusivity	3	45	42	results/year2_corrected_final_2026/htpmd/htpmd__gat__condc_dop_molality__polymer_diffusivity__split03_seed45__init42
219	htpmd__gat__condc_dop_molality__polymer_diffusivity__split04_seed46__init42	htpmd	gat	gat	state	condc_dop_molality	Poly Diffusivity	polymer_diffusivity	4	46	42	results/year2_corrected_final_2026/htpmd/htpmd__gat__condc_dop_molality__polymer_diffusivity__split04_seed46__init42
220	htpmd__gat__condc_dop_molality__transference_number__split00_seed42__init42	htpmd	gat	gat	state	condc_dop_molality	Transference Number	transference_number	0	42	42	results/year2_corrected_final_2026/htpmd/htpmd__gat__condc_dop_molality__transference_number__split00_seed42__init42
221	htpmd__gat__condc_dop_molality__transference_number__split01_seed43__init42	htpmd	gat	gat	state	condc_dop_molality	Transference Number	transference_number	1	43	42	results/year2_corrected_final_2026/htpmd/htpmd__gat__condc_dop_molality__transference_number__split01_seed43__init42
222	htpmd__gat__condc_dop_molality__transference_number__split02_seed44__init42	htpmd	gat	gat	state	condc_dop_molality	Transference Number	transference_number	2	44	42	results/year2_corrected_final_2026/htpmd/htpmd__gat__condc_dop_molality__transference_number__split02_seed44__init42
223	htpmd__gat__condc_dop_molality__transference_number__split03_seed45__init42	htpmd	gat	gat	state	condc_dop_molality	Transference Number	transference_number	3	45	42	results/year2_corrected_final_2026/htpmd/htpmd__gat__condc_dop_molality__transference_number__split03_seed45__init42
224	htpmd__gat__condc_dop_molality__transference_number__split04_seed46__init42	htpmd	gat	gat	state	condc_dop_molality	Transference Number	transference_number	4	46	42	results/year2_corrected_final_2026/htpmd/htpmd__gat__condc_dop_molality__transference_number__split04_seed46__init42
225	htpmd__wd_published__conda_native__conductivity__split00_seed42__init42	htpmd	wdmpnn-published	wd_published	native	conda_native	Conductivity	conductivity	0	42	42	results/year2_corrected_final_2026/htpmd/htpmd__wd_published__conda_native__conductivity__split00_seed42__init42
226	htpmd__wd_published__conda_native__conductivity__split01_seed43__init42	htpmd	wdmpnn-published	wd_published	native	conda_native	Conductivity	conductivity	1	43	42	results/year2_corrected_final_2026/htpmd/htpmd__wd_published__conda_native__conductivity__split01_seed43__init42
227	htpmd__wd_published__conda_native__conductivity__split02_seed44__init42	htpmd	wdmpnn-published	wd_published	native	conda_native	Conductivity	conductivity	2	44	42	results/year2_corrected_final_2026/htpmd/htpmd__wd_published__conda_native__conductivity__split02_seed44__init42
228	htpmd__wd_published__conda_native__conductivity__split03_seed45__init42	htpmd	wdmpnn-published	wd_published	native	conda_native	Conductivity	conductivity	3	45	42	results/year2_corrected_final_2026/htpmd/htpmd__wd_published__conda_native__conductivity__split03_seed45__init42
229	htpmd__wd_published__conda_native__conductivity__split04_seed46__init42	htpmd	wdmpnn-published	wd_published	native	conda_native	Conductivity	conductivity	4	46	42	results/year2_corrected_final_2026/htpmd/htpmd__wd_published__conda_native__conductivity__split04_seed46__init42
230	htpmd__wd_published__conda_native__tfsi_diffusivity__split00_seed42__init42	htpmd	wdmpnn-published	wd_published	native	conda_native	TFSI Diffusivity	tfsi_diffusivity	0	42	42	results/year2_corrected_final_2026/htpmd/htpmd__wd_published__conda_native__tfsi_diffusivity__split00_seed42__init42
231	htpmd__wd_published__conda_native__tfsi_diffusivity__split01_seed43__init42	htpmd	wdmpnn-published	wd_published	native	conda_native	TFSI Diffusivity	tfsi_diffusivity	1	43	42	results/year2_corrected_final_2026/htpmd/htpmd__wd_published__conda_native__tfsi_diffusivity__split01_seed43__init42
232	htpmd__wd_published__conda_native__tfsi_diffusivity__split02_seed44__init42	htpmd	wdmpnn-published	wd_published	native	conda_native	TFSI Diffusivity	tfsi_diffusivity	2	44	42	results/year2_corrected_final_2026/htpmd/htpmd__wd_published__conda_native__tfsi_diffusivity__split02_seed44__init42
233	htpmd__wd_published__conda_native__tfsi_diffusivity__split03_seed45__init42	htpmd	wdmpnn-published	wd_published	native	conda_native	TFSI Diffusivity	tfsi_diffusivity	3	45	42	results/year2_corrected_final_2026/htpmd/htpmd__wd_published__conda_native__tfsi_diffusivity__split03_seed45__init42
234	htpmd__wd_published__conda_native__tfsi_diffusivity__split04_seed46__init42	htpmd	wdmpnn-published	wd_published	native	conda_native	TFSI Diffusivity	tfsi_diffusivity	4	46	42	results/year2_corrected_final_2026/htpmd/htpmd__wd_published__conda_native__tfsi_diffusivity__split04_seed46__init42
235	htpmd__wd_published__conda_native__li_diffusivity__split00_seed42__init42	htpmd	wdmpnn-published	wd_published	native	conda_native	Li Diffusivity	li_diffusivity	0	42	42	results/year2_corrected_final_2026/htpmd/htpmd__wd_published__conda_native__li_diffusivity__split00_seed42__init42
236	htpmd__wd_published__conda_native__li_diffusivity__split01_seed43__init42	htpmd	wdmpnn-published	wd_published	native	conda_native	Li Diffusivity	li_diffusivity	1	43	42	results/year2_corrected_final_2026/htpmd/htpmd__wd_published__conda_native__li_diffusivity__split01_seed43__init42
237	htpmd__wd_published__conda_native__li_diffusivity__split02_seed44__init42	htpmd	wdmpnn-published	wd_published	native	conda_native	Li Diffusivity	li_diffusivity	2	44	42	results/year2_corrected_final_2026/htpmd/htpmd__wd_published__conda_native__li_diffusivity__split02_seed44__init42
238	htpmd__wd_published__conda_native__li_diffusivity__split03_seed45__init42	htpmd	wdmpnn-published	wd_published	native	conda_native	Li Diffusivity	li_diffusivity	3	45	42	results/year2_corrected_final_2026/htpmd/htpmd__wd_published__conda_native__li_diffusivity__split03_seed45__init42
239	htpmd__wd_published__conda_native__li_diffusivity__split04_seed46__init42	htpmd	wdmpnn-published	wd_published	native	conda_native	Li Diffusivity	li_diffusivity	4	46	42	results/year2_corrected_final_2026/htpmd/htpmd__wd_published__conda_native__li_diffusivity__split04_seed46__init42
240	htpmd__wd_published__conda_native__polymer_diffusivity__split00_seed42__init42	htpmd	wdmpnn-published	wd_published	native	conda_native	Poly Diffusivity	polymer_diffusivity	0	42	42	results/year2_corrected_final_2026/htpmd/htpmd__wd_published__conda_native__polymer_diffusivity__split00_seed42__init42
241	htpmd__wd_published__conda_native__polymer_diffusivity__split01_seed43__init42	htpmd	wdmpnn-published	wd_published	native	conda_native	Poly Diffusivity	polymer_diffusivity	1	43	42	results/year2_corrected_final_2026/htpmd/htpmd__wd_published__conda_native__polymer_diffusivity__split01_seed43__init42
242	htpmd__wd_published__conda_native__polymer_diffusivity__split02_seed44__init42	htpmd	wdmpnn-published	wd_published	native	conda_native	Poly Diffusivity	polymer_diffusivity	2	44	42	results/year2_corrected_final_2026/htpmd/htpmd__wd_published__conda_native__polymer_diffusivity__split02_seed44__init42
243	htpmd__wd_published__conda_native__polymer_diffusivity__split03_seed45__init42	htpmd	wdmpnn-published	wd_published	native	conda_native	Poly Diffusivity	polymer_diffusivity	3	45	42	results/year2_corrected_final_2026/htpmd/htpmd__wd_published__conda_native__polymer_diffusivity__split03_seed45__init42
244	htpmd__wd_published__conda_native__polymer_diffusivity__split04_seed46__init42	htpmd	wdmpnn-published	wd_published	native	conda_native	Poly Diffusivity	polymer_diffusivity	4	46	42	results/year2_corrected_final_2026/htpmd/htpmd__wd_published__conda_native__polymer_diffusivity__split04_seed46__init42
245	htpmd__wd_published__conda_native__transference_number__split00_seed42__init42	htpmd	wdmpnn-published	wd_published	native	conda_native	Transference Number	transference_number	0	42	42	results/year2_corrected_final_2026/htpmd/htpmd__wd_published__conda_native__transference_number__split00_seed42__init42
246	htpmd__wd_published__conda_native__transference_number__split01_seed43__init42	htpmd	wdmpnn-published	wd_published	native	conda_native	Transference Number	transference_number	1	43	42	results/year2_corrected_final_2026/htpmd/htpmd__wd_published__conda_native__transference_number__split01_seed43__init42
247	htpmd__wd_published__conda_native__transference_number__split02_seed44__init42	htpmd	wdmpnn-published	wd_published	native	conda_native	Transference Number	transference_number	2	44	42	results/year2_corrected_final_2026/htpmd/htpmd__wd_published__conda_native__transference_number__split02_seed44__init42
248	htpmd__wd_published__conda_native__transference_number__split03_seed45__init42	htpmd	wdmpnn-published	wd_published	native	conda_native	Transference Number	transference_number	3	45	42	results/year2_corrected_final_2026/htpmd/htpmd__wd_published__conda_native__transference_number__split03_seed45__init42
249	htpmd__wd_published__conda_native__transference_number__split04_seed46__init42	htpmd	wdmpnn-published	wd_published	native	conda_native	Transference Number	transference_number	4	46	42	results/year2_corrected_final_2026/htpmd/htpmd__wd_published__conda_native__transference_number__split04_seed46__init42
250	htpmd__wd_published__condb_dop__conductivity__split00_seed42__init42	htpmd	wdmpnn-published	wd_published	dop	condb_dop	Conductivity	conductivity	0	42	42	results/year2_corrected_final_2026/htpmd/htpmd__wd_published__condb_dop__conductivity__split00_seed42__init42
251	htpmd__wd_published__condb_dop__conductivity__split01_seed43__init42	htpmd	wdmpnn-published	wd_published	dop	condb_dop	Conductivity	conductivity	1	43	42	results/year2_corrected_final_2026/htpmd/htpmd__wd_published__condb_dop__conductivity__split01_seed43__init42
252	htpmd__wd_published__condb_dop__conductivity__split02_seed44__init42	htpmd	wdmpnn-published	wd_published	dop	condb_dop	Conductivity	conductivity	2	44	42	results/year2_corrected_final_2026/htpmd/htpmd__wd_published__condb_dop__conductivity__split02_seed44__init42
253	htpmd__wd_published__condb_dop__conductivity__split03_seed45__init42	htpmd	wdmpnn-published	wd_published	dop	condb_dop	Conductivity	conductivity	3	45	42	results/year2_corrected_final_2026/htpmd/htpmd__wd_published__condb_dop__conductivity__split03_seed45__init42
254	htpmd__wd_published__condb_dop__conductivity__split04_seed46__init42	htpmd	wdmpnn-published	wd_published	dop	condb_dop	Conductivity	conductivity	4	46	42	results/year2_corrected_final_2026/htpmd/htpmd__wd_published__condb_dop__conductivity__split04_seed46__init42
255	htpmd__wd_published__condb_dop__tfsi_diffusivity__split00_seed42__init42	htpmd	wdmpnn-published	wd_published	dop	condb_dop	TFSI Diffusivity	tfsi_diffusivity	0	42	42	results/year2_corrected_final_2026/htpmd/htpmd__wd_published__condb_dop__tfsi_diffusivity__split00_seed42__init42
256	htpmd__wd_published__condb_dop__tfsi_diffusivity__split01_seed43__init42	htpmd	wdmpnn-published	wd_published	dop	condb_dop	TFSI Diffusivity	tfsi_diffusivity	1	43	42	results/year2_corrected_final_2026/htpmd/htpmd__wd_published__condb_dop__tfsi_diffusivity__split01_seed43__init42
257	htpmd__wd_published__condb_dop__tfsi_diffusivity__split02_seed44__init42	htpmd	wdmpnn-published	wd_published	dop	condb_dop	TFSI Diffusivity	tfsi_diffusivity	2	44	42	results/year2_corrected_final_2026/htpmd/htpmd__wd_published__condb_dop__tfsi_diffusivity__split02_seed44__init42
258	htpmd__wd_published__condb_dop__tfsi_diffusivity__split03_seed45__init42	htpmd	wdmpnn-published	wd_published	dop	condb_dop	TFSI Diffusivity	tfsi_diffusivity	3	45	42	results/year2_corrected_final_2026/htpmd/htpmd__wd_published__condb_dop__tfsi_diffusivity__split03_seed45__init42
259	htpmd__wd_published__condb_dop__tfsi_diffusivity__split04_seed46__init42	htpmd	wdmpnn-published	wd_published	dop	condb_dop	TFSI Diffusivity	tfsi_diffusivity	4	46	42	results/year2_corrected_final_2026/htpmd/htpmd__wd_published__condb_dop__tfsi_diffusivity__split04_seed46__init42
260	htpmd__wd_published__condb_dop__li_diffusivity__split00_seed42__init42	htpmd	wdmpnn-published	wd_published	dop	condb_dop	Li Diffusivity	li_diffusivity	0	42	42	results/year2_corrected_final_2026/htpmd/htpmd__wd_published__condb_dop__li_diffusivity__split00_seed42__init42
261	htpmd__wd_published__condb_dop__li_diffusivity__split01_seed43__init42	htpmd	wdmpnn-published	wd_published	dop	condb_dop	Li Diffusivity	li_diffusivity	1	43	42	results/year2_corrected_final_2026/htpmd/htpmd__wd_published__condb_dop__li_diffusivity__split01_seed43__init42
262	htpmd__wd_published__condb_dop__li_diffusivity__split02_seed44__init42	htpmd	wdmpnn-published	wd_published	dop	condb_dop	Li Diffusivity	li_diffusivity	2	44	42	results/year2_corrected_final_2026/htpmd/htpmd__wd_published__condb_dop__li_diffusivity__split02_seed44__init42
263	htpmd__wd_published__condb_dop__li_diffusivity__split03_seed45__init42	htpmd	wdmpnn-published	wd_published	dop	condb_dop	Li Diffusivity	li_diffusivity	3	45	42	results/year2_corrected_final_2026/htpmd/htpmd__wd_published__condb_dop__li_diffusivity__split03_seed45__init42
264	htpmd__wd_published__condb_dop__li_diffusivity__split04_seed46__init42	htpmd	wdmpnn-published	wd_published	dop	condb_dop	Li Diffusivity	li_diffusivity	4	46	42	results/year2_corrected_final_2026/htpmd/htpmd__wd_published__condb_dop__li_diffusivity__split04_seed46__init42
265	htpmd__wd_published__condb_dop__polymer_diffusivity__split00_seed42__init42	htpmd	wdmpnn-published	wd_published	dop	condb_dop	Poly Diffusivity	polymer_diffusivity	0	42	42	results/year2_corrected_final_2026/htpmd/htpmd__wd_published__condb_dop__polymer_diffusivity__split00_seed42__init42
266	htpmd__wd_published__condb_dop__polymer_diffusivity__split01_seed43__init42	htpmd	wdmpnn-published	wd_published	dop	condb_dop	Poly Diffusivity	polymer_diffusivity	1	43	42	results/year2_corrected_final_2026/htpmd/htpmd__wd_published__condb_dop__polymer_diffusivity__split01_seed43__init42
267	htpmd__wd_published__condb_dop__polymer_diffusivity__split02_seed44__init42	htpmd	wdmpnn-published	wd_published	dop	condb_dop	Poly Diffusivity	polymer_diffusivity	2	44	42	results/year2_corrected_final_2026/htpmd/htpmd__wd_published__condb_dop__polymer_diffusivity__split02_seed44__init42
268	htpmd__wd_published__condb_dop__polymer_diffusivity__split03_seed45__init42	htpmd	wdmpnn-published	wd_published	dop	condb_dop	Poly Diffusivity	polymer_diffusivity	3	45	42	results/year2_corrected_final_2026/htpmd/htpmd__wd_published__condb_dop__polymer_diffusivity__split03_seed45__init42
269	htpmd__wd_published__condb_dop__polymer_diffusivity__split04_seed46__init42	htpmd	wdmpnn-published	wd_published	dop	condb_dop	Poly Diffusivity	polymer_diffusivity	4	46	42	results/year2_corrected_final_2026/htpmd/htpmd__wd_published__condb_dop__polymer_diffusivity__split04_seed46__init42
270	htpmd__wd_published__condb_dop__transference_number__split00_seed42__init42	htpmd	wdmpnn-published	wd_published	dop	condb_dop	Transference Number	transference_number	0	42	42	results/year2_corrected_final_2026/htpmd/htpmd__wd_published__condb_dop__transference_number__split00_seed42__init42
271	htpmd__wd_published__condb_dop__transference_number__split01_seed43__init42	htpmd	wdmpnn-published	wd_published	dop	condb_dop	Transference Number	transference_number	1	43	42	results/year2_corrected_final_2026/htpmd/htpmd__wd_published__condb_dop__transference_number__split01_seed43__init42
272	htpmd__wd_published__condb_dop__transference_number__split02_seed44__init42	htpmd	wdmpnn-published	wd_published	dop	condb_dop	Transference Number	transference_number	2	44	42	results/year2_corrected_final_2026/htpmd/htpmd__wd_published__condb_dop__transference_number__split02_seed44__init42
273	htpmd__wd_published__condb_dop__transference_number__split03_seed45__init42	htpmd	wdmpnn-published	wd_published	dop	condb_dop	Transference Number	transference_number	3	45	42	results/year2_corrected_final_2026/htpmd/htpmd__wd_published__condb_dop__transference_number__split03_seed45__init42
274	htpmd__wd_published__condb_dop__transference_number__split04_seed46__init42	htpmd	wdmpnn-published	wd_published	dop	condb_dop	Transference Number	transference_number	4	46	42	results/year2_corrected_final_2026/htpmd/htpmd__wd_published__condb_dop__transference_number__split04_seed46__init42
275	htpmd__wd_published__condc_dop_molality__conductivity__split00_seed42__init42	htpmd	wdmpnn-published	wd_published	state	condc_dop_molality	Conductivity	conductivity	0	42	42	results/year2_corrected_final_2026/htpmd/htpmd__wd_published__condc_dop_molality__conductivity__split00_seed42__init42
276	htpmd__wd_published__condc_dop_molality__conductivity__split01_seed43__init42	htpmd	wdmpnn-published	wd_published	state	condc_dop_molality	Conductivity	conductivity	1	43	42	results/year2_corrected_final_2026/htpmd/htpmd__wd_published__condc_dop_molality__conductivity__split01_seed43__init42
277	htpmd__wd_published__condc_dop_molality__conductivity__split02_seed44__init42	htpmd	wdmpnn-published	wd_published	state	condc_dop_molality	Conductivity	conductivity	2	44	42	results/year2_corrected_final_2026/htpmd/htpmd__wd_published__condc_dop_molality__conductivity__split02_seed44__init42
278	htpmd__wd_published__condc_dop_molality__conductivity__split03_seed45__init42	htpmd	wdmpnn-published	wd_published	state	condc_dop_molality	Conductivity	conductivity	3	45	42	results/year2_corrected_final_2026/htpmd/htpmd__wd_published__condc_dop_molality__conductivity__split03_seed45__init42
279	htpmd__wd_published__condc_dop_molality__conductivity__split04_seed46__init42	htpmd	wdmpnn-published	wd_published	state	condc_dop_molality	Conductivity	conductivity	4	46	42	results/year2_corrected_final_2026/htpmd/htpmd__wd_published__condc_dop_molality__conductivity__split04_seed46__init42
280	htpmd__wd_published__condc_dop_molality__tfsi_diffusivity__split00_seed42__init42	htpmd	wdmpnn-published	wd_published	state	condc_dop_molality	TFSI Diffusivity	tfsi_diffusivity	0	42	42	results/year2_corrected_final_2026/htpmd/htpmd__wd_published__condc_dop_molality__tfsi_diffusivity__split00_seed42__init42
281	htpmd__wd_published__condc_dop_molality__tfsi_diffusivity__split01_seed43__init42	htpmd	wdmpnn-published	wd_published	state	condc_dop_molality	TFSI Diffusivity	tfsi_diffusivity	1	43	42	results/year2_corrected_final_2026/htpmd/htpmd__wd_published__condc_dop_molality__tfsi_diffusivity__split01_seed43__init42
282	htpmd__wd_published__condc_dop_molality__tfsi_diffusivity__split02_seed44__init42	htpmd	wdmpnn-published	wd_published	state	condc_dop_molality	TFSI Diffusivity	tfsi_diffusivity	2	44	42	results/year2_corrected_final_2026/htpmd/htpmd__wd_published__condc_dop_molality__tfsi_diffusivity__split02_seed44__init42
283	htpmd__wd_published__condc_dop_molality__tfsi_diffusivity__split03_seed45__init42	htpmd	wdmpnn-published	wd_published	state	condc_dop_molality	TFSI Diffusivity	tfsi_diffusivity	3	45	42	results/year2_corrected_final_2026/htpmd/htpmd__wd_published__condc_dop_molality__tfsi_diffusivity__split03_seed45__init42
284	htpmd__wd_published__condc_dop_molality__tfsi_diffusivity__split04_seed46__init42	htpmd	wdmpnn-published	wd_published	state	condc_dop_molality	TFSI Diffusivity	tfsi_diffusivity	4	46	42	results/year2_corrected_final_2026/htpmd/htpmd__wd_published__condc_dop_molality__tfsi_diffusivity__split04_seed46__init42
285	htpmd__wd_published__condc_dop_molality__li_diffusivity__split00_seed42__init42	htpmd	wdmpnn-published	wd_published	state	condc_dop_molality	Li Diffusivity	li_diffusivity	0	42	42	results/year2_corrected_final_2026/htpmd/htpmd__wd_published__condc_dop_molality__li_diffusivity__split00_seed42__init42
286	htpmd__wd_published__condc_dop_molality__li_diffusivity__split01_seed43__init42	htpmd	wdmpnn-published	wd_published	state	condc_dop_molality	Li Diffusivity	li_diffusivity	1	43	42	results/year2_corrected_final_2026/htpmd/htpmd__wd_published__condc_dop_molality__li_diffusivity__split01_seed43__init42
287	htpmd__wd_published__condc_dop_molality__li_diffusivity__split02_seed44__init42	htpmd	wdmpnn-published	wd_published	state	condc_dop_molality	Li Diffusivity	li_diffusivity	2	44	42	results/year2_corrected_final_2026/htpmd/htpmd__wd_published__condc_dop_molality__li_diffusivity__split02_seed44__init42
288	htpmd__wd_published__condc_dop_molality__li_diffusivity__split03_seed45__init42	htpmd	wdmpnn-published	wd_published	state	condc_dop_molality	Li Diffusivity	li_diffusivity	3	45	42	results/year2_corrected_final_2026/htpmd/htpmd__wd_published__condc_dop_molality__li_diffusivity__split03_seed45__init42
289	htpmd__wd_published__condc_dop_molality__li_diffusivity__split04_seed46__init42	htpmd	wdmpnn-published	wd_published	state	condc_dop_molality	Li Diffusivity	li_diffusivity	4	46	42	results/year2_corrected_final_2026/htpmd/htpmd__wd_published__condc_dop_molality__li_diffusivity__split04_seed46__init42
290	htpmd__wd_published__condc_dop_molality__polymer_diffusivity__split00_seed42__init42	htpmd	wdmpnn-published	wd_published	state	condc_dop_molality	Poly Diffusivity	polymer_diffusivity	0	42	42	results/year2_corrected_final_2026/htpmd/htpmd__wd_published__condc_dop_molality__polymer_diffusivity__split00_seed42__init42
291	htpmd__wd_published__condc_dop_molality__polymer_diffusivity__split01_seed43__init42	htpmd	wdmpnn-published	wd_published	state	condc_dop_molality	Poly Diffusivity	polymer_diffusivity	1	43	42	results/year2_corrected_final_2026/htpmd/htpmd__wd_published__condc_dop_molality__polymer_diffusivity__split01_seed43__init42
292	htpmd__wd_published__condc_dop_molality__polymer_diffusivity__split02_seed44__init42	htpmd	wdmpnn-published	wd_published	state	condc_dop_molality	Poly Diffusivity	polymer_diffusivity	2	44	42	results/year2_corrected_final_2026/htpmd/htpmd__wd_published__condc_dop_molality__polymer_diffusivity__split02_seed44__init42
293	htpmd__wd_published__condc_dop_molality__polymer_diffusivity__split03_seed45__init42	htpmd	wdmpnn-published	wd_published	state	condc_dop_molality	Poly Diffusivity	polymer_diffusivity	3	45	42	results/year2_corrected_final_2026/htpmd/htpmd__wd_published__condc_dop_molality__polymer_diffusivity__split03_seed45__init42
294	htpmd__wd_published__condc_dop_molality__polymer_diffusivity__split04_seed46__init42	htpmd	wdmpnn-published	wd_published	state	condc_dop_molality	Poly Diffusivity	polymer_diffusivity	4	46	42	results/year2_corrected_final_2026/htpmd/htpmd__wd_published__condc_dop_molality__polymer_diffusivity__split04_seed46__init42
295	htpmd__wd_published__condc_dop_molality__transference_number__split00_seed42__init42	htpmd	wdmpnn-published	wd_published	state	condc_dop_molality	Transference Number	transference_number	0	42	42	results/year2_corrected_final_2026/htpmd/htpmd__wd_published__condc_dop_molality__transference_number__split00_seed42__init42
296	htpmd__wd_published__condc_dop_molality__transference_number__split01_seed43__init42	htpmd	wdmpnn-published	wd_published	state	condc_dop_molality	Transference Number	transference_number	1	43	42	results/year2_corrected_final_2026/htpmd/htpmd__wd_published__condc_dop_molality__transference_number__split01_seed43__init42
297	htpmd__wd_published__condc_dop_molality__transference_number__split02_seed44__init42	htpmd	wdmpnn-published	wd_published	state	condc_dop_molality	Transference Number	transference_number	2	44	42	results/year2_corrected_final_2026/htpmd/htpmd__wd_published__condc_dop_molality__transference_number__split02_seed44__init42
298	htpmd__wd_published__condc_dop_molality__transference_number__split03_seed45__init42	htpmd	wdmpnn-published	wd_published	state	condc_dop_molality	Transference Number	transference_number	3	45	42	results/year2_corrected_final_2026/htpmd/htpmd__wd_published__condc_dop_molality__transference_number__split03_seed45__init42
299	htpmd__wd_published__condc_dop_molality__transference_number__split04_seed46__init42	htpmd	wdmpnn-published	wd_published	state	condc_dop_molality	Transference Number	transference_number	4	46	42	results/year2_corrected_final_2026/htpmd/htpmd__wd_published__condc_dop_molality__transference_number__split04_seed46__init42
300	htpmd__hpg_published__conda_native__conductivity__split00_seed42__init42	htpmd	hpg-published	hpg_published	native	conda_native	Conductivity	conductivity	0	42	42	results/year2_corrected_final_2026/htpmd/htpmd__hpg_published__conda_native__conductivity__split00_seed42__init42
301	htpmd__hpg_published__conda_native__conductivity__split01_seed43__init42	htpmd	hpg-published	hpg_published	native	conda_native	Conductivity	conductivity	1	43	42	results/year2_corrected_final_2026/htpmd/htpmd__hpg_published__conda_native__conductivity__split01_seed43__init42
302	htpmd__hpg_published__conda_native__conductivity__split02_seed44__init42	htpmd	hpg-published	hpg_published	native	conda_native	Conductivity	conductivity	2	44	42	results/year2_corrected_final_2026/htpmd/htpmd__hpg_published__conda_native__conductivity__split02_seed44__init42
303	htpmd__hpg_published__conda_native__conductivity__split03_seed45__init42	htpmd	hpg-published	hpg_published	native	conda_native	Conductivity	conductivity	3	45	42	results/year2_corrected_final_2026/htpmd/htpmd__hpg_published__conda_native__conductivity__split03_seed45__init42
304	htpmd__hpg_published__conda_native__conductivity__split04_seed46__init42	htpmd	hpg-published	hpg_published	native	conda_native	Conductivity	conductivity	4	46	42	results/year2_corrected_final_2026/htpmd/htpmd__hpg_published__conda_native__conductivity__split04_seed46__init42
305	htpmd__hpg_published__conda_native__tfsi_diffusivity__split00_seed42__init42	htpmd	hpg-published	hpg_published	native	conda_native	TFSI Diffusivity	tfsi_diffusivity	0	42	42	results/year2_corrected_final_2026/htpmd/htpmd__hpg_published__conda_native__tfsi_diffusivity__split00_seed42__init42
306	htpmd__hpg_published__conda_native__tfsi_diffusivity__split01_seed43__init42	htpmd	hpg-published	hpg_published	native	conda_native	TFSI Diffusivity	tfsi_diffusivity	1	43	42	results/year2_corrected_final_2026/htpmd/htpmd__hpg_published__conda_native__tfsi_diffusivity__split01_seed43__init42
307	htpmd__hpg_published__conda_native__tfsi_diffusivity__split02_seed44__init42	htpmd	hpg-published	hpg_published	native	conda_native	TFSI Diffusivity	tfsi_diffusivity	2	44	42	results/year2_corrected_final_2026/htpmd/htpmd__hpg_published__conda_native__tfsi_diffusivity__split02_seed44__init42
308	htpmd__hpg_published__conda_native__tfsi_diffusivity__split03_seed45__init42	htpmd	hpg-published	hpg_published	native	conda_native	TFSI Diffusivity	tfsi_diffusivity	3	45	42	results/year2_corrected_final_2026/htpmd/htpmd__hpg_published__conda_native__tfsi_diffusivity__split03_seed45__init42
309	htpmd__hpg_published__conda_native__tfsi_diffusivity__split04_seed46__init42	htpmd	hpg-published	hpg_published	native	conda_native	TFSI Diffusivity	tfsi_diffusivity	4	46	42	results/year2_corrected_final_2026/htpmd/htpmd__hpg_published__conda_native__tfsi_diffusivity__split04_seed46__init42
310	htpmd__hpg_published__conda_native__li_diffusivity__split00_seed42__init42	htpmd	hpg-published	hpg_published	native	conda_native	Li Diffusivity	li_diffusivity	0	42	42	results/year2_corrected_final_2026/htpmd/htpmd__hpg_published__conda_native__li_diffusivity__split00_seed42__init42
311	htpmd__hpg_published__conda_native__li_diffusivity__split01_seed43__init42	htpmd	hpg-published	hpg_published	native	conda_native	Li Diffusivity	li_diffusivity	1	43	42	results/year2_corrected_final_2026/htpmd/htpmd__hpg_published__conda_native__li_diffusivity__split01_seed43__init42
312	htpmd__hpg_published__conda_native__li_diffusivity__split02_seed44__init42	htpmd	hpg-published	hpg_published	native	conda_native	Li Diffusivity	li_diffusivity	2	44	42	results/year2_corrected_final_2026/htpmd/htpmd__hpg_published__conda_native__li_diffusivity__split02_seed44__init42
313	htpmd__hpg_published__conda_native__li_diffusivity__split03_seed45__init42	htpmd	hpg-published	hpg_published	native	conda_native	Li Diffusivity	li_diffusivity	3	45	42	results/year2_corrected_final_2026/htpmd/htpmd__hpg_published__conda_native__li_diffusivity__split03_seed45__init42
314	htpmd__hpg_published__conda_native__li_diffusivity__split04_seed46__init42	htpmd	hpg-published	hpg_published	native	conda_native	Li Diffusivity	li_diffusivity	4	46	42	results/year2_corrected_final_2026/htpmd/htpmd__hpg_published__conda_native__li_diffusivity__split04_seed46__init42
315	htpmd__hpg_published__conda_native__polymer_diffusivity__split00_seed42__init42	htpmd	hpg-published	hpg_published	native	conda_native	Poly Diffusivity	polymer_diffusivity	0	42	42	results/year2_corrected_final_2026/htpmd/htpmd__hpg_published__conda_native__polymer_diffusivity__split00_seed42__init42
316	htpmd__hpg_published__conda_native__polymer_diffusivity__split01_seed43__init42	htpmd	hpg-published	hpg_published	native	conda_native	Poly Diffusivity	polymer_diffusivity	1	43	42	results/year2_corrected_final_2026/htpmd/htpmd__hpg_published__conda_native__polymer_diffusivity__split01_seed43__init42
317	htpmd__hpg_published__conda_native__polymer_diffusivity__split02_seed44__init42	htpmd	hpg-published	hpg_published	native	conda_native	Poly Diffusivity	polymer_diffusivity	2	44	42	results/year2_corrected_final_2026/htpmd/htpmd__hpg_published__conda_native__polymer_diffusivity__split02_seed44__init42
318	htpmd__hpg_published__conda_native__polymer_diffusivity__split03_seed45__init42	htpmd	hpg-published	hpg_published	native	conda_native	Poly Diffusivity	polymer_diffusivity	3	45	42	results/year2_corrected_final_2026/htpmd/htpmd__hpg_published__conda_native__polymer_diffusivity__split03_seed45__init42
319	htpmd__hpg_published__conda_native__polymer_diffusivity__split04_seed46__init42	htpmd	hpg-published	hpg_published	native	conda_native	Poly Diffusivity	polymer_diffusivity	4	46	42	results/year2_corrected_final_2026/htpmd/htpmd__hpg_published__conda_native__polymer_diffusivity__split04_seed46__init42
320	htpmd__hpg_published__conda_native__transference_number__split00_seed42__init42	htpmd	hpg-published	hpg_published	native	conda_native	Transference Number	transference_number	0	42	42	results/year2_corrected_final_2026/htpmd/htpmd__hpg_published__conda_native__transference_number__split00_seed42__init42
321	htpmd__hpg_published__conda_native__transference_number__split01_seed43__init42	htpmd	hpg-published	hpg_published	native	conda_native	Transference Number	transference_number	1	43	42	results/year2_corrected_final_2026/htpmd/htpmd__hpg_published__conda_native__transference_number__split01_seed43__init42
322	htpmd__hpg_published__conda_native__transference_number__split02_seed44__init42	htpmd	hpg-published	hpg_published	native	conda_native	Transference Number	transference_number	2	44	42	results/year2_corrected_final_2026/htpmd/htpmd__hpg_published__conda_native__transference_number__split02_seed44__init42
323	htpmd__hpg_published__conda_native__transference_number__split03_seed45__init42	htpmd	hpg-published	hpg_published	native	conda_native	Transference Number	transference_number	3	45	42	results/year2_corrected_final_2026/htpmd/htpmd__hpg_published__conda_native__transference_number__split03_seed45__init42
324	htpmd__hpg_published__conda_native__transference_number__split04_seed46__init42	htpmd	hpg-published	hpg_published	native	conda_native	Transference Number	transference_number	4	46	42	results/year2_corrected_final_2026/htpmd/htpmd__hpg_published__conda_native__transference_number__split04_seed46__init42
325	htpmd__hpg_published__condb_dop__conductivity__split00_seed42__init42	htpmd	hpg-published	hpg_published	dop	condb_dop	Conductivity	conductivity	0	42	42	results/year2_corrected_final_2026/htpmd/htpmd__hpg_published__condb_dop__conductivity__split00_seed42__init42
326	htpmd__hpg_published__condb_dop__conductivity__split01_seed43__init42	htpmd	hpg-published	hpg_published	dop	condb_dop	Conductivity	conductivity	1	43	42	results/year2_corrected_final_2026/htpmd/htpmd__hpg_published__condb_dop__conductivity__split01_seed43__init42
327	htpmd__hpg_published__condb_dop__conductivity__split02_seed44__init42	htpmd	hpg-published	hpg_published	dop	condb_dop	Conductivity	conductivity	2	44	42	results/year2_corrected_final_2026/htpmd/htpmd__hpg_published__condb_dop__conductivity__split02_seed44__init42
328	htpmd__hpg_published__condb_dop__conductivity__split03_seed45__init42	htpmd	hpg-published	hpg_published	dop	condb_dop	Conductivity	conductivity	3	45	42	results/year2_corrected_final_2026/htpmd/htpmd__hpg_published__condb_dop__conductivity__split03_seed45__init42
329	htpmd__hpg_published__condb_dop__conductivity__split04_seed46__init42	htpmd	hpg-published	hpg_published	dop	condb_dop	Conductivity	conductivity	4	46	42	results/year2_corrected_final_2026/htpmd/htpmd__hpg_published__condb_dop__conductivity__split04_seed46__init42
330	htpmd__hpg_published__condb_dop__tfsi_diffusivity__split00_seed42__init42	htpmd	hpg-published	hpg_published	dop	condb_dop	TFSI Diffusivity	tfsi_diffusivity	0	42	42	results/year2_corrected_final_2026/htpmd/htpmd__hpg_published__condb_dop__tfsi_diffusivity__split00_seed42__init42
331	htpmd__hpg_published__condb_dop__tfsi_diffusivity__split01_seed43__init42	htpmd	hpg-published	hpg_published	dop	condb_dop	TFSI Diffusivity	tfsi_diffusivity	1	43	42	results/year2_corrected_final_2026/htpmd/htpmd__hpg_published__condb_dop__tfsi_diffusivity__split01_seed43__init42
332	htpmd__hpg_published__condb_dop__tfsi_diffusivity__split02_seed44__init42	htpmd	hpg-published	hpg_published	dop	condb_dop	TFSI Diffusivity	tfsi_diffusivity	2	44	42	results/year2_corrected_final_2026/htpmd/htpmd__hpg_published__condb_dop__tfsi_diffusivity__split02_seed44__init42
333	htpmd__hpg_published__condb_dop__tfsi_diffusivity__split03_seed45__init42	htpmd	hpg-published	hpg_published	dop	condb_dop	TFSI Diffusivity	tfsi_diffusivity	3	45	42	results/year2_corrected_final_2026/htpmd/htpmd__hpg_published__condb_dop__tfsi_diffusivity__split03_seed45__init42
334	htpmd__hpg_published__condb_dop__tfsi_diffusivity__split04_seed46__init42	htpmd	hpg-published	hpg_published	dop	condb_dop	TFSI Diffusivity	tfsi_diffusivity	4	46	42	results/year2_corrected_final_2026/htpmd/htpmd__hpg_published__condb_dop__tfsi_diffusivity__split04_seed46__init42
335	htpmd__hpg_published__condb_dop__li_diffusivity__split00_seed42__init42	htpmd	hpg-published	hpg_published	dop	condb_dop	Li Diffusivity	li_diffusivity	0	42	42	results/year2_corrected_final_2026/htpmd/htpmd__hpg_published__condb_dop__li_diffusivity__split00_seed42__init42
336	htpmd__hpg_published__condb_dop__li_diffusivity__split01_seed43__init42	htpmd	hpg-published	hpg_published	dop	condb_dop	Li Diffusivity	li_diffusivity	1	43	42	results/year2_corrected_final_2026/htpmd/htpmd__hpg_published__condb_dop__li_diffusivity__split01_seed43__init42
337	htpmd__hpg_published__condb_dop__li_diffusivity__split02_seed44__init42	htpmd	hpg-published	hpg_published	dop	condb_dop	Li Diffusivity	li_diffusivity	2	44	42	results/year2_corrected_final_2026/htpmd/htpmd__hpg_published__condb_dop__li_diffusivity__split02_seed44__init42
338	htpmd__hpg_published__condb_dop__li_diffusivity__split03_seed45__init42	htpmd	hpg-published	hpg_published	dop	condb_dop	Li Diffusivity	li_diffusivity	3	45	42	results/year2_corrected_final_2026/htpmd/htpmd__hpg_published__condb_dop__li_diffusivity__split03_seed45__init42
339	htpmd__hpg_published__condb_dop__li_diffusivity__split04_seed46__init42	htpmd	hpg-published	hpg_published	dop	condb_dop	Li Diffusivity	li_diffusivity	4	46	42	results/year2_corrected_final_2026/htpmd/htpmd__hpg_published__condb_dop__li_diffusivity__split04_seed46__init42
340	htpmd__hpg_published__condb_dop__polymer_diffusivity__split00_seed42__init42	htpmd	hpg-published	hpg_published	dop	condb_dop	Poly Diffusivity	polymer_diffusivity	0	42	42	results/year2_corrected_final_2026/htpmd/htpmd__hpg_published__condb_dop__polymer_diffusivity__split00_seed42__init42
341	htpmd__hpg_published__condb_dop__polymer_diffusivity__split01_seed43__init42	htpmd	hpg-published	hpg_published	dop	condb_dop	Poly Diffusivity	polymer_diffusivity	1	43	42	results/year2_corrected_final_2026/htpmd/htpmd__hpg_published__condb_dop__polymer_diffusivity__split01_seed43__init42
342	htpmd__hpg_published__condb_dop__polymer_diffusivity__split02_seed44__init42	htpmd	hpg-published	hpg_published	dop	condb_dop	Poly Diffusivity	polymer_diffusivity	2	44	42	results/year2_corrected_final_2026/htpmd/htpmd__hpg_published__condb_dop__polymer_diffusivity__split02_seed44__init42
343	htpmd__hpg_published__condb_dop__polymer_diffusivity__split03_seed45__init42	htpmd	hpg-published	hpg_published	dop	condb_dop	Poly Diffusivity	polymer_diffusivity	3	45	42	results/year2_corrected_final_2026/htpmd/htpmd__hpg_published__condb_dop__polymer_diffusivity__split03_seed45__init42
344	htpmd__hpg_published__condb_dop__polymer_diffusivity__split04_seed46__init42	htpmd	hpg-published	hpg_published	dop	condb_dop	Poly Diffusivity	polymer_diffusivity	4	46	42	results/year2_corrected_final_2026/htpmd/htpmd__hpg_published__condb_dop__polymer_diffusivity__split04_seed46__init42
345	htpmd__hpg_published__condb_dop__transference_number__split00_seed42__init42	htpmd	hpg-published	hpg_published	dop	condb_dop	Transference Number	transference_number	0	42	42	results/year2_corrected_final_2026/htpmd/htpmd__hpg_published__condb_dop__transference_number__split00_seed42__init42
346	htpmd__hpg_published__condb_dop__transference_number__split01_seed43__init42	htpmd	hpg-published	hpg_published	dop	condb_dop	Transference Number	transference_number	1	43	42	results/year2_corrected_final_2026/htpmd/htpmd__hpg_published__condb_dop__transference_number__split01_seed43__init42
347	htpmd__hpg_published__condb_dop__transference_number__split02_seed44__init42	htpmd	hpg-published	hpg_published	dop	condb_dop	Transference Number	transference_number	2	44	42	results/year2_corrected_final_2026/htpmd/htpmd__hpg_published__condb_dop__transference_number__split02_seed44__init42
348	htpmd__hpg_published__condb_dop__transference_number__split03_seed45__init42	htpmd	hpg-published	hpg_published	dop	condb_dop	Transference Number	transference_number	3	45	42	results/year2_corrected_final_2026/htpmd/htpmd__hpg_published__condb_dop__transference_number__split03_seed45__init42
349	htpmd__hpg_published__condb_dop__transference_number__split04_seed46__init42	htpmd	hpg-published	hpg_published	dop	condb_dop	Transference Number	transference_number	4	46	42	results/year2_corrected_final_2026/htpmd/htpmd__hpg_published__condb_dop__transference_number__split04_seed46__init42
350	htpmd__hpg_published__condc_dop_molality__conductivity__split00_seed42__init42	htpmd	hpg-published	hpg_published	state	condc_dop_molality	Conductivity	conductivity	0	42	42	results/year2_corrected_final_2026/htpmd/htpmd__hpg_published__condc_dop_molality__conductivity__split00_seed42__init42
351	htpmd__hpg_published__condc_dop_molality__conductivity__split01_seed43__init42	htpmd	hpg-published	hpg_published	state	condc_dop_molality	Conductivity	conductivity	1	43	42	results/year2_corrected_final_2026/htpmd/htpmd__hpg_published__condc_dop_molality__conductivity__split01_seed43__init42
352	htpmd__hpg_published__condc_dop_molality__conductivity__split02_seed44__init42	htpmd	hpg-published	hpg_published	state	condc_dop_molality	Conductivity	conductivity	2	44	42	results/year2_corrected_final_2026/htpmd/htpmd__hpg_published__condc_dop_molality__conductivity__split02_seed44__init42
353	htpmd__hpg_published__condc_dop_molality__conductivity__split03_seed45__init42	htpmd	hpg-published	hpg_published	state	condc_dop_molality	Conductivity	conductivity	3	45	42	results/year2_corrected_final_2026/htpmd/htpmd__hpg_published__condc_dop_molality__conductivity__split03_seed45__init42
354	htpmd__hpg_published__condc_dop_molality__conductivity__split04_seed46__init42	htpmd	hpg-published	hpg_published	state	condc_dop_molality	Conductivity	conductivity	4	46	42	results/year2_corrected_final_2026/htpmd/htpmd__hpg_published__condc_dop_molality__conductivity__split04_seed46__init42
355	htpmd__hpg_published__condc_dop_molality__tfsi_diffusivity__split00_seed42__init42	htpmd	hpg-published	hpg_published	state	condc_dop_molality	TFSI Diffusivity	tfsi_diffusivity	0	42	42	results/year2_corrected_final_2026/htpmd/htpmd__hpg_published__condc_dop_molality__tfsi_diffusivity__split00_seed42__init42
356	htpmd__hpg_published__condc_dop_molality__tfsi_diffusivity__split01_seed43__init42	htpmd	hpg-published	hpg_published	state	condc_dop_molality	TFSI Diffusivity	tfsi_diffusivity	1	43	42	results/year2_corrected_final_2026/htpmd/htpmd__hpg_published__condc_dop_molality__tfsi_diffusivity__split01_seed43__init42
357	htpmd__hpg_published__condc_dop_molality__tfsi_diffusivity__split02_seed44__init42	htpmd	hpg-published	hpg_published	state	condc_dop_molality	TFSI Diffusivity	tfsi_diffusivity	2	44	42	results/year2_corrected_final_2026/htpmd/htpmd__hpg_published__condc_dop_molality__tfsi_diffusivity__split02_seed44__init42
358	htpmd__hpg_published__condc_dop_molality__tfsi_diffusivity__split03_seed45__init42	htpmd	hpg-published	hpg_published	state	condc_dop_molality	TFSI Diffusivity	tfsi_diffusivity	3	45	42	results/year2_corrected_final_2026/htpmd/htpmd__hpg_published__condc_dop_molality__tfsi_diffusivity__split03_seed45__init42
359	htpmd__hpg_published__condc_dop_molality__tfsi_diffusivity__split04_seed46__init42	htpmd	hpg-published	hpg_published	state	condc_dop_molality	TFSI Diffusivity	tfsi_diffusivity	4	46	42	results/year2_corrected_final_2026/htpmd/htpmd__hpg_published__condc_dop_molality__tfsi_diffusivity__split04_seed46__init42
360	htpmd__hpg_published__condc_dop_molality__li_diffusivity__split00_seed42__init42	htpmd	hpg-published	hpg_published	state	condc_dop_molality	Li Diffusivity	li_diffusivity	0	42	42	results/year2_corrected_final_2026/htpmd/htpmd__hpg_published__condc_dop_molality__li_diffusivity__split00_seed42__init42
361	htpmd__hpg_published__condc_dop_molality__li_diffusivity__split01_seed43__init42	htpmd	hpg-published	hpg_published	state	condc_dop_molality	Li Diffusivity	li_diffusivity	1	43	42	results/year2_corrected_final_2026/htpmd/htpmd__hpg_published__condc_dop_molality__li_diffusivity__split01_seed43__init42
362	htpmd__hpg_published__condc_dop_molality__li_diffusivity__split02_seed44__init42	htpmd	hpg-published	hpg_published	state	condc_dop_molality	Li Diffusivity	li_diffusivity	2	44	42	results/year2_corrected_final_2026/htpmd/htpmd__hpg_published__condc_dop_molality__li_diffusivity__split02_seed44__init42
363	htpmd__hpg_published__condc_dop_molality__li_diffusivity__split03_seed45__init42	htpmd	hpg-published	hpg_published	state	condc_dop_molality	Li Diffusivity	li_diffusivity	3	45	42	results/year2_corrected_final_2026/htpmd/htpmd__hpg_published__condc_dop_molality__li_diffusivity__split03_seed45__init42
364	htpmd__hpg_published__condc_dop_molality__li_diffusivity__split04_seed46__init42	htpmd	hpg-published	hpg_published	state	condc_dop_molality	Li Diffusivity	li_diffusivity	4	46	42	results/year2_corrected_final_2026/htpmd/htpmd__hpg_published__condc_dop_molality__li_diffusivity__split04_seed46__init42
365	htpmd__hpg_published__condc_dop_molality__polymer_diffusivity__split00_seed42__init42	htpmd	hpg-published	hpg_published	state	condc_dop_molality	Poly Diffusivity	polymer_diffusivity	0	42	42	results/year2_corrected_final_2026/htpmd/htpmd__hpg_published__condc_dop_molality__polymer_diffusivity__split00_seed42__init42
366	htpmd__hpg_published__condc_dop_molality__polymer_diffusivity__split01_seed43__init42	htpmd	hpg-published	hpg_published	state	condc_dop_molality	Poly Diffusivity	polymer_diffusivity	1	43	42	results/year2_corrected_final_2026/htpmd/htpmd__hpg_published__condc_dop_molality__polymer_diffusivity__split01_seed43__init42
367	htpmd__hpg_published__condc_dop_molality__polymer_diffusivity__split02_seed44__init42	htpmd	hpg-published	hpg_published	state	condc_dop_molality	Poly Diffusivity	polymer_diffusivity	2	44	42	results/year2_corrected_final_2026/htpmd/htpmd__hpg_published__condc_dop_molality__polymer_diffusivity__split02_seed44__init42
368	htpmd__hpg_published__condc_dop_molality__polymer_diffusivity__split03_seed45__init42	htpmd	hpg-published	hpg_published	state	condc_dop_molality	Poly Diffusivity	polymer_diffusivity	3	45	42	results/year2_corrected_final_2026/htpmd/htpmd__hpg_published__condc_dop_molality__polymer_diffusivity__split03_seed45__init42
369	htpmd__hpg_published__condc_dop_molality__polymer_diffusivity__split04_seed46__init42	htpmd	hpg-published	hpg_published	state	condc_dop_molality	Poly Diffusivity	polymer_diffusivity	4	46	42	results/year2_corrected_final_2026/htpmd/htpmd__hpg_published__condc_dop_molality__polymer_diffusivity__split04_seed46__init42
370	htpmd__hpg_published__condc_dop_molality__transference_number__split00_seed42__init42	htpmd	hpg-published	hpg_published	state	condc_dop_molality	Transference Number	transference_number	0	42	42	results/year2_corrected_final_2026/htpmd/htpmd__hpg_published__condc_dop_molality__transference_number__split00_seed42__init42
371	htpmd__hpg_published__condc_dop_molality__transference_number__split01_seed43__init42	htpmd	hpg-published	hpg_published	state	condc_dop_molality	Transference Number	transference_number	1	43	42	results/year2_corrected_final_2026/htpmd/htpmd__hpg_published__condc_dop_molality__transference_number__split01_seed43__init42
372	htpmd__hpg_published__condc_dop_molality__transference_number__split02_seed44__init42	htpmd	hpg-published	hpg_published	state	condc_dop_molality	Transference Number	transference_number	2	44	42	results/year2_corrected_final_2026/htpmd/htpmd__hpg_published__condc_dop_molality__transference_number__split02_seed44__init42
373	htpmd__hpg_published__condc_dop_molality__transference_number__split03_seed45__init42	htpmd	hpg-published	hpg_published	state	condc_dop_molality	Transference Number	transference_number	3	45	42	results/year2_corrected_final_2026/htpmd/htpmd__hpg_published__condc_dop_molality__transference_number__split03_seed45__init42
374	htpmd__hpg_published__condc_dop_molality__transference_number__split04_seed46__init42	htpmd	hpg-published	hpg_published	state	condc_dop_molality	Transference Number	transference_number	4	46	42	results/year2_corrected_final_2026/htpmd/htpmd__hpg_published__condc_dop_molality__transference_number__split04_seed46__init42
