test/mae,test/rmse,test/r2,split,target
3519.68603515625,9149.82421875,0.7880999445915222,0,Mn
9351.2529296875,25915.078125,0.3136300146579742,1,Mn
10586.2412109375,28218.427734375,0.3123334348201751,2,Mn
6283.67431640625,25889.5703125,0.2681182026863098,3,Mn
5511.095703125,11911.5810546875,0.5664466023445129,4,Mn
