test/mae,test/rmse,test/r2,split,target
0.1181749552488327,0.16039395332336426,0.8891841173171997,0,IP vs SHE (eV)
0.1227618157863617,0.16710494458675385,0.8849429488182068,1,IP vs SHE (eV)
0.11897645890712738,0.1614096462726593,0.8869820833206177,2,IP vs SHE (eV)
0.11724554747343063,0.1620425432920456,0.8900395035743713,3,IP vs SHE (eV)
0.1129678338766098,0.15491510927677155,0.8920234441757202,4,IP vs SHE (eV)
