test/mae,test/rmse,test/r2,split,target
0.0393314771354198,0.0589948631823062,0.985008180141449,0,IP vs SHE (eV)
0.0401377975940704,0.0620048269629478,0.9841588735580444,1,IP vs SHE (eV)
0.0391837321221828,0.0619855336844921,0.9833325743675232,2,IP vs SHE (eV)
0.0387248694896698,0.0610100328922271,0.9844123125076294,3,IP vs SHE (eV)
0.0391307547688484,0.0602729767560958,0.9836549162864684,4,IP vs SHE (eV)
