test/mae,test/rmse,test/r2,split,target
0.0371520668268203,0.057715680450201,0.9856512546539308,0,IP vs SHE (eV)
0.0390174016356468,0.0613404773175716,0.984496533870697,1,IP vs SHE (eV)
0.0396230481564998,0.0619666315615177,0.983342707157135,2,IP vs SHE (eV)
0.0392214320600032,0.0616659149527549,0.984075367450714,3,IP vs SHE (eV)
0.0391783937811851,0.0604920201003551,0.983535885810852,4,IP vs SHE (eV)
