test/mae,test/rmse,test/r2,split,target
0.12717501819133759,0.1693125218153,0.9170266389846802,0,EA vs SHE (eV)
0.12653031945228577,0.173869788646698,0.9171215891838074,1,EA vs SHE (eV)
0.12258672714233398,0.16684237122535706,0.9186218976974487,2,EA vs SHE (eV)
0.12068211287260056,0.16573570668697357,0.9244102835655212,3,EA vs SHE (eV)
0.12227582931518555,0.17126581072807312,0.9181820154190063,4,EA vs SHE (eV)
