test/mae,test/rmse,test/r2,split,target
0.12228046357631683,0.16195359826087952,0.8870185017585754,0,IP vs SHE (eV)
0.11781983822584152,0.16163133084774017,0.8923569917678833,1,IP vs SHE (eV)
0.11593154817819595,0.15901295840740204,0.890313446521759,2,IP vs SHE (eV)
0.11404244601726532,0.15724827349185944,0.8964499831199646,3,IP vs SHE (eV)
0.11425133794546127,0.15417850017547607,0.8930478692054749,4,IP vs SHE (eV)
