test/mae,test/rmse,test/r2,split,target
0.12659454345703125,0.16567648947238922,0.8550596833229065,0,IP vs SHE (eV)
0.13148660957813263,0.1788303107023239,0.8775423765182495,1,IP vs SHE (eV)
0.1193128451704979,0.15858492255210876,0.8913760185241699,2,IP vs SHE (eV)
0.11744319647550583,0.1576545685529709,0.8991279006004333,3,IP vs SHE (eV)
0.11126081645488739,0.1512637883424759,0.9010676741600037,4,IP vs SHE (eV)
