test/mae,test/rmse,test/r2,split,target
0.010942627675831318,0.01602577045559883,0.9988937377929688,0,IP vs SHE (eV)
0.011537478305399418,0.016850784420967102,0.9988300204277039,1,IP vs SHE (eV)
0.011293510906398296,0.016730865463614464,0.998785674571991,2,IP vs SHE (eV)
0.01283616479486227,0.018666895106434822,0.9985407590866089,3,IP vs SHE (eV)
0.012454808689653873,0.018799670040607452,0.9984098076820374,4,IP vs SHE (eV)
