test/mae,test/rmse,test/r2,split,target
0.06351251900196075,0.09647808969020844,0.9508498311042786,0,IP vs SHE (eV)
0.05832204967737198,0.10907542705535889,0.9544427990913391,1,IP vs SHE (eV)
0.04058494791388512,0.0637415200471878,0.9824512004852295,2,IP vs SHE (eV)
0.04578132927417755,0.08069366961717606,0.9735736846923828,3,IP vs SHE (eV)
0.040313154458999634,0.06749758869409561,0.9803009629249573,4,IP vs SHE (eV)
