test/mae,test/rmse,test/r2,split,target
1.5321704267989844e-05,2.088059227389749e-05,0.6334555745124817,0,Conductivity
1.609468017704785e-05,2.1930376533418894e-05,0.5949849486351013,1,Conductivity
1.6015021174098365e-05,2.1522302631638013e-05,0.6700837016105652,2,Conductivity
1.6259620679193176e-05,2.1493919120985083e-05,0.6227264404296875,3,Conductivity
1.7045442291419022e-05,2.3793581931386143e-05,0.5443825125694275,4,Conductivity
