test/mae,test/rmse,test/r2,split,target
6.37803587721919e-09,8.599387868457598e-09,0.6709064841270447,0,TFSI Diffusivity
6.5919061320585115e-09,9.1070395669135e-09,0.6222840547561646,1,TFSI Diffusivity
6.153047404922063e-09,8.592435207788185e-09,0.7061355113983154,2,TFSI Diffusivity
6.377068650920137e-09,8.603639578552702e-09,0.6401858329772949,3,TFSI Diffusivity
6.412194331062437e-09,8.976782872593958e-09,0.6724945306777954,4,TFSI Diffusivity
