test/mae,test/rmse,test/r2,split,target
6.397634422228293e-09,8.453517885698147e-09,0.6819764971733093,0,TFSI Diffusivity
6.831851528943389e-09,9.12297171140608e-09,0.6209613680839539,1,TFSI Diffusivity
6.2879386142356e-09,8.537972995270593e-09,0.7098489999771118,2,TFSI Diffusivity
6.42166542164091e-09,8.736220635796599e-09,0.6290110349655151,3,TFSI Diffusivity
6.403115371256263e-09,9.108952703229534e-09,0.6627795100212097,4,TFSI Diffusivity
