test/mae,test/rmse,test/r2,split,target
1.7701620890875347e-05,2.3890230295364745e-05,0.5201762914657593,0,Conductivity
1.7754253349266946e-05,2.3967608285602182e-05,0.516241729259491,1,Conductivity
1.6949852579273283e-05,2.3096654331311584e-05,0.6200518012046814,2,Conductivity
1.5820316548342817e-05,2.165630939998664e-05,0.6170042157173157,3,Conductivity
1.7126536477007903e-05,2.3327485905610956e-05,0.5620580315589905,4,Conductivity
