test/mae,test/rmse,test/r2,split,target
1.5679250282119028e-05,2.065872286038939e-05,0.6412037014961243,0,Conductivity
1.5842384527786635e-05,2.1525229385588318e-05,0.6098113656044006,1,Conductivity
1.5305256965802982e-05,2.0696363208116964e-05,0.6949195265769958,2,Conductivity
1.4979653315094765e-05,2.0385614334372804e-05,0.6606305837631226,3,Conductivity
1.6287951439153403e-05,2.2746056856703945e-05,0.5836170315742493,4,Conductivity
