test/mae,test/rmse,test/r2,split,target
4.4491281769865054e-09,6.002983443664789e-09,0.48587730526924133,0,Li Diffusivity
4.648846640975535e-09,6.085744796990866e-09,0.4196140170097351,1,Li Diffusivity
4.346104809371809e-09,5.6191993280663155e-09,0.5490863919258118,2,Li Diffusivity
5.006800307683079e-09,6.467814728239318e-09,0.3733804523944855,3,Li Diffusivity
4.7207810993654675e-09,6.303063404544673e-09,0.4452742338180542,4,Li Diffusivity
