test/mae,test/rmse,test/r2,split,target
6.218978221284033e-09,8.517091920623443e-09,0.6771752238273621,0,TFSI Diffusivity
6.602368873842579e-09,9.414304891208758e-09,0.5963663458824158,1,TFSI Diffusivity
6.434672794597418e-09,8.789481142912337e-09,0.6925028562545776,2,TFSI Diffusivity
6.528534157723698e-09,8.863629830102582e-09,0.6181110739707947,3,TFSI Diffusivity
6.505906924303417e-09,9.384669041878624e-09,0.6420559883117676,4,TFSI Diffusivity
