test/mae,test/rmse,test/r2,split,target
4.197235448089032e-09,5.536540115258504e-09,0.5626698732376099,0,Li Diffusivity
4.5810328863638006e-09,6.009608810586542e-09,0.4340449571609497,1,Li Diffusivity
4.1576213583027766e-09,5.350970777584507e-09,0.5911070108413696,2,Li Diffusivity
4.599559844109535e-09,5.912936806851121e-09,0.4762847423553467,3,Li Diffusivity
4.342001869162004e-09,5.7593472213568475e-09,0.5368502140045166,4,Li Diffusivity
