test/mae,test/rmse,test/r2,split,target
0.04737488925457,0.0728464275598526,0.9713863134384156,0,gap
0.0476932786405086,0.0751724690198898,0.9709862470626832,1,gap
0.0443920157849788,0.0806679353117942,0.96499764919281,2,gap
0.0455876514315605,0.0760246664285659,0.970008909702301,3,gap
0.0465299300849437,0.0672609955072403,0.9781869649887084,4,gap
