test/mae,test/rmse,test/r2,split,target
13.745299339294434,19.001066207885742,0.8606608510017395,0,Tg
12.699109077453613,18.760971069335938,0.8618454933166504,1,Tg
14.434732437133789,19.93773651123047,0.8395636677742004,2,Tg
12.756977081298828,18.904144287109375,0.8612126708030701,3,Tg
11.661283493041992,18.218671798706055,0.8887956738471985,4,Tg
