test/mae,test/rmse,test/r2,split,target
0.06072501838207245,0.09040243923664093,0.9761570692062378,0,EA vs SHE (eV)
0.08123460412025452,0.11705627292394638,0.9612619280815125,1,EA vs SHE (eV)
0.07436548173427582,0.10883735865354538,0.9697427153587341,2,EA vs SHE (eV)
0.05964701250195503,0.09432843327522278,0.9740245938301086,3,EA vs SHE (eV)
0.06209319084882736,0.09751048684120178,0.9734564423561096,4,EA vs SHE (eV)
