test/mae,test/rmse,test/r2,split,target
0.04491868242621422,0.07387920469045639,0.9840763211250305,0,EA vs SHE (eV)
0.06361202150583267,0.10093219578266144,0.9711989760398865,1,EA vs SHE (eV)
0.04181284084916115,0.07672562450170517,0.9849632382392883,2,EA vs SHE (eV)
0.043348461389541626,0.07776198536157608,0.9823472499847412,3,EA vs SHE (eV)
0.04681086540222168,0.08379074186086655,0.9804003834724426,4,EA vs SHE (eV)
