test/mae,test/rmse,test/r2,split,target
0.15584556758403778,0.24565738439559937,0.7558333277702332,0,EA vs SHE (eV)
0.2385360300540924,0.2927761673927307,0.32837650179862976,1,EA vs SHE (eV)
0.20586712658405304,0.24896563589572906,0.7753960490226746,2,EA vs SHE (eV)
0.04951620474457741,0.06485191732645035,0.9734484553337097,3,EA vs SHE (eV)
0.18175221979618073,0.23693090677261353,0.6518372297286987,4,EA vs SHE (eV)
0.06720980256795883,0.07700765132904053,0.9558653235435486,5,EA vs SHE (eV)
1.0268831253051758,1.0399739742279053,-17.344215393066406,6,EA vs SHE (eV)
0.2967994809150696,0.34249377250671387,0.6918297410011292,7,EA vs SHE (eV)
0.3349762558937073,0.3608650267124176,0.6186546683311462,8,EA vs SHE (eV)
