test/mae,test/rmse,test/r2,split,target
0.17178361117839813,0.24419324100017548,0.26668256521224976,0,IP vs SHE (eV)
0.13767163455486298,0.16190093755722046,0.8134083151817322,1,IP vs SHE (eV)
0.3632565140724182,0.40069079399108887,0.408355176448822,2,IP vs SHE (eV)
0.14697973430156708,0.1587987244129181,0.497272253036499,3,IP vs SHE (eV)
0.11746753752231598,0.131747305393219,0.602547287940979,4,IP vs SHE (eV)
0.27451518177986145,0.2857765555381775,-0.1709941327571869,5,IP vs SHE (eV)
0.08312258124351501,0.10866212844848633,0.9209946990013123,6,IP vs SHE (eV)
0.039228010922670364,0.04988788440823555,0.9862571954727173,7,IP vs SHE (eV)
0.24119864404201508,0.253397136926651,-0.13705503940582275,8,IP vs SHE (eV)
