test/mae,test/rmse,test/r2,split,target
0.05748133361339569,0.08437734097242355,0.9624059200286865,0,IP vs SHE (eV)
0.07221213728189468,0.117827408015728,0.9468386769294739,1,IP vs SHE (eV)
0.05996071919798851,0.08977345377206802,0.9651904702186584,2,IP vs SHE (eV)
0.05919049307703972,0.09206004440784454,0.9656046032905579,3,IP vs SHE (eV)
0.048682279884815216,0.07494504749774933,0.9757140874862671,4,IP vs SHE (eV)
