test/mae,test/rmse,test/r2,split,target
0.030855845659971237,0.05538630113005638,0.9838016033172607,0,IP vs SHE (eV)
0.05290577560663223,0.10711239278316498,0.9560678005218506,1,IP vs SHE (eV)
0.03546798229217529,0.0645914226770401,0.9819801449775696,2,IP vs SHE (eV)
0.036718159914016724,0.06778739392757416,0.9813510179519653,3,IP vs SHE (eV)
0.031720004975795746,0.05882292613387108,0.9850389957427979,4,IP vs SHE (eV)
