test/mae,test/rmse,test/r2,split,target
0.12326803803443909,0.16788163781166077,0.6533978581428528,0,IP vs SHE (eV)
0.1640952229499817,0.21799346804618835,0.6617166996002197,1,IP vs SHE (eV)
0.4544919729232788,0.5125842094421387,0.031782764941453934,2,IP vs SHE (eV)
0.16779576241970062,0.19450442492961884,0.24578040838241577,3,IP vs SHE (eV)
0.12670165300369263,0.16827292740345,0.3516186475753784,4,IP vs SHE (eV)
0.2930573523044586,0.3344503343105316,-0.6038543581962585,5,IP vs SHE (eV)
0.1636047512292862,0.22045792639255524,0.6747994422912598,6,IP vs SHE (eV)
0.16636261343955994,0.18735630810260773,0.8061696887016296,7,IP vs SHE (eV)
0.19674094021320343,0.23591192066669464,0.01445175800472498,8,IP vs SHE (eV)
