test/mae,test/rmse,test/r2,split,target
0.19271469116210938,0.22427548468112946,0.38143062591552734,0,IP vs SHE (eV)
0.10240406543016434,0.12325893342494965,0.8918489813804626,1,IP vs SHE (eV)
0.19021131098270416,0.23693880438804626,0.7931218147277832,2,IP vs SHE (eV)
0.19130735099315643,0.2383166402578354,-0.13226398825645447,3,IP vs SHE (eV)
0.16614460945129395,0.21172823011875153,-0.026501262560486794,4,IP vs SHE (eV)
0.36765751242637634,0.4187350869178772,-1.5140877962112427,5,IP vs SHE (eV)
0.10889234393835068,0.14158311486244202,0.865871012210846,6,IP vs SHE (eV)
0.21976056694984436,0.25455641746520996,0.6421893835067749,7,IP vs SHE (eV)
0.09956317394971848,0.12427482008934021,0.7265082001686096,8,IP vs SHE (eV)
