test/mae,test/rmse,test/r2,split,target
4.3054999565583785e-09,5.646479728227405e-09,1.0,0,Li Diffusivity
4.596146574442628e-09,5.973557204441704e-09,1.0,1,Li Diffusivity
4.2523851107034716e-09,5.324214402691041e-09,1.0,2,Li Diffusivity
4.582199508718077e-09,5.822256898824207e-09,1.0,3,Li Diffusivity
4.404269837721131e-09,5.891888310571858e-09,1.0,4,Li Diffusivity
