test/mae,test/rmse,test/r2,split,target
1.636465276533272e-05,2.1774654669570737e-05,0.6013942956924438,0,Conductivity
1.6065652744146064e-05,2.1373889467213303e-05,0.6152788400650024,1,Conductivity
1.6054336811066605e-05,2.224737181677483e-05,0.6474800705909729,2,Conductivity
1.5796857042005286e-05,2.0829951608902775e-05,0.6456751823425293,3,Conductivity
1.691204306553118e-05,2.3013535610516556e-05,0.5737667083740234,4,Conductivity
