test/mae,test/rmse,test/r2,split,target
0.1673429012298584,0.2198839634656906,0.3291199803352356,0,Transference Number
0.1749018132686615,0.23015046119689941,0.3734220266342163,1,Transference Number
0.16056346893310547,0.21374063193798065,0.4278103709220886,2,Transference Number
0.17443561553955078,0.23197011649608612,0.4150444269180298,3,Transference Number
0.15924204885959625,0.21959789097309113,0.3408281207084656,4,Transference Number
