test/mae,test/rmse,test/r2,split,target
4.138294595890102e-09,5.585382378825443e-09,0.5549198389053345,0,Li Diffusivity
4.655031915490326e-09,6.185935319535929e-09,0.4003467261791229,1,Li Diffusivity
4.4053933834220516e-09,5.559639415508855e-09,0.5585944652557373,2,Li Diffusivity
4.626062199974967e-09,5.937059732730177e-09,0.472002774477005,3,Li Diffusivity
4.497939354308755e-09,5.91270321592674e-09,0.5118569135665894,4,Li Diffusivity
