test/mae,test/rmse,test/r2,split,target
1.558199801365845e-05,2.0731713448185474e-05,0.6386637687683105,0,Conductivity
1.685096685832832e-05,2.2866097424412146e-05,0.5596853494644165,1,Conductivity
1.6670262994011864e-05,2.2292064386419952e-05,0.6460622549057007,2,Conductivity
1.771121605997905e-05,2.3635679099243134e-05,0.5437936782836914,3,Conductivity
1.8301099771633744e-05,2.7464679078548215e-05,0.3929425776004791,4,Conductivity
