test/mae,test/rmse,test/r2,split,target
2.899013917811999e-09,4.052577828872472e-09,1.0,0,Poly Diffusivity
3.316009244969109e-09,4.808544229462086e-09,1.0,1,Poly Diffusivity
3.2037910102644673e-09,4.3745460587274465e-09,1.0,2,Poly Diffusivity
3.0049591703829037e-09,4.237548090202381e-09,1.0,3,Poly Diffusivity
2.842685864479222e-09,4.094556249611969e-09,1.0,4,Poly Diffusivity
