test/mae,test/rmse,test/r2,split,target
2.792624131942034e-09,3.895438194234657e-09,0.8859328627586365,0,Poly Diffusivity
3.2418616680018886e-09,4.593568192490238e-09,0.8267308473587036,1,Poly Diffusivity
3.279141402856567e-09,4.5255315050951594e-09,0.8588113784790039,2,Poly Diffusivity
3.460968178714552e-09,4.750848603407576e-09,0.8138656616210938,3,Poly Diffusivity
2.9437445814295415e-09,4.234454120677356e-09,0.8531595468521118,4,Poly Diffusivity
