test/mae,test/rmse,test/r2,split,target
4.395007913160498e-09,5.6593054686970845e-09,0.5430605411529541,0,Li Diffusivity
4.604169046018569e-09,5.904997824046632e-09,0.4535770118236542,1,Li Diffusivity
4.200777059537586e-09,5.379665157789759e-09,0.5867099165916443,2,Li Diffusivity
4.415163790127963e-09,5.773509226258966e-09,0.5006920099258423,3,Li Diffusivity
4.404161924043137e-09,5.912624612136597e-09,0.5118699073791504,4,Li Diffusivity
