test/mae,test/rmse,test/r2,split,target
1.611087100172881e-05,2.1672640286851674e-05,1.0,0,Conductivity
1.6796520867501386e-05,2.247805241495371e-05,1.0,1,Conductivity
1.6046806194935925e-05,2.1595506041194312e-05,1.0,2,Conductivity
1.518185581517173e-05,2.017767110373825e-05,1.0,3,Conductivity
1.701964902167674e-05,2.3700387828284875e-05,1.0,4,Conductivity
