test/mae,test/rmse,test/r2,split,target
6.191415380385479e-09,8.481671365245802e-09,0.679854691028595,0,TFSI Diffusivity
6.595417101351586e-09,9.061205119564875e-09,0.6260764598846436,1,TFSI Diffusivity
6.595782586771293e-09,8.773400672623666e-09,0.6936269998550415,2,TFSI Diffusivity
7.527310330601722e-09,1.0383073067998794e-08,0.4759584367275238,3,TFSI Diffusivity
7.245413158329939e-09,1.0583000253916452e-08,0.5448079109191895,4,TFSI Diffusivity
