test/mae,test/rmse,test/r2,split,target
2.9447311256092235e-09,4.151111010486375e-09,0.8704681396484375,0,Poly Diffusivity
3.210200993919443e-09,4.653428753442768e-09,0.8221855759620667,1,Poly Diffusivity
3.148613370029807e-09,4.360403593750561e-09,0.8689267635345459,2,Poly Diffusivity
2.9756876962494516e-09,4.154955046686837e-09,0.8576305508613586,3,Poly Diffusivity
3.139529747286929e-09,4.419294263868778e-09,0.8400601148605347,4,Poly Diffusivity
