test/mae,test/rmse,test/r2,split,target
6.1935221395970075e-09,8.359307912542135e-09,1.0,0,TFSI Diffusivity
6.382810724403498e-09,8.810211227228137e-09,1.0,1,TFSI Diffusivity
6.19298035076099e-09,8.434184017858115e-09,1.0,2,TFSI Diffusivity
6.14754736005807e-09,8.439505982948958e-09,1.0,3,TFSI Diffusivity
6.41254294109217e-09,9.04208707908083e-09,1.0,4,TFSI Diffusivity
