test/mae,test/rmse,test/r2,split,target
1.5990977772162296e-05,2.093888724630233e-05,0.6314060688018799,0,Conductivity
1.5850198906264268e-05,2.119945020240266e-05,0.6215327978134155,1,Conductivity
1.7082598787965253e-05,2.1933194148004986e-05,0.6573662757873535,2,Conductivity
1.6130321455420926e-05,2.1973135517328046e-05,0.6057159900665283,3,Conductivity
1.6863259588717483e-05,2.3778629838488996e-05,0.5449550151824951,4,Conductivity
