test/mae,test/rmse,test/r2,split,target
0.16316969692707062,0.2149004489183426,0.35918545722961426,0,Transference Number
0.17790254950523376,0.23782961070537567,0.33091190457344055,1,Transference Number
0.17015627026557922,0.22348791360855103,0.37443286180496216,2,Transference Number
0.1778673678636551,0.24234865605831146,0.3615306615829468,3,Transference Number
0.1653219610452652,0.224773108959198,0.30939286947250366,4,Transference Number
