test/mae,test/rmse,test/r2,split,target
0.018407776951789856,0.028019508346915245,0.8463326692581177,0,TC
0.020378420129418373,0.03349355235695839,0.7108100056648254,1,TC
0.022838251665234566,0.0406460277736187,0.6843942403793335,2,TC
0.02053407020866871,0.039622753858566284,0.6040408611297607,3,TC
0.021106131374835968,0.03333890065550804,0.6907573342323303,4,TC
