mae,rmse,r2,target,split
1.519899979030015e-05,2.0286140065592356e-05,0.6540293676498049,Conductivity,0
1.593118577147834e-05,2.108099023218458e-05,0.6257512287568197,Conductivity,1
1.5706633348600008e-05,2.0809188173774817e-05,0.6915846556749529,Conductivity,2
1.634047475818079e-05,2.1604152954627793e-05,0.6188473575541447,Conductivity,3
1.696204890322406e-05,2.342041866385372e-05,0.55856227087217,Conductivity,4
