test/mae,test/rmse,test/r2,split,target
1.4270448684692383,1.4922758340835571,-10.758872985839844,0,IP vs SHE (eV)
1.4233338832855225,1.510677695274353,-7.738702774047852,1,IP vs SHE (eV)
1.456346035003662,1.5421042442321777,-9.271394729614258,2,IP vs SHE (eV)
1.4619532823562622,1.5644745826721191,-8.933332443237305,3,IP vs SHE (eV)
1.4861807823181152,1.5651545524597168,-9.59211540222168,4,IP vs SHE (eV)
