test/mae,test/rmse,test/r2,split,target
1.4303536415100098,1.494175910949707,-10.788834571838379,0,IP vs SHE (eV)
1.4105737209320068,1.506332516670227,-7.688506603240967,1,IP vs SHE (eV)
1.4572821855545044,1.5378053188323975,-9.21420955657959,2,IP vs SHE (eV)
1.467116117477417,1.5607266426086426,-8.885799407958984,3,IP vs SHE (eV)
1.468168020248413,1.5469361543655396,-9.346969604492188,4,IP vs SHE (eV)
