test/mae,test/rmse,test/r2,split,target
2.4296469688415527,2.459059476852417,-16.6415958404541,0,EA vs SHE (eV)
2.498471260070801,2.522965908050537,-16.99579620361328,1,EA vs SHE (eV)
2.6071009635925293,2.638033151626587,-16.7760009765625,2,EA vs SHE (eV)
2.570530652999878,2.5975394248962402,-18.697072982788086,3,EA vs SHE (eV)
2.5388762950897217,2.5663089752197266,-17.385440826416016,4,EA vs SHE (eV)
