target,split,test/mae,test/r2,test/rmse
Conductivity,0,1.5038006495160516e-05,1.0,2.0349454644019715e-05
Conductivity,1,1.6327216144418344e-05,1.0,2.178433715016581e-05
Conductivity,2,1.6065923773567192e-05,1.0,2.1089990696054883e-05
Conductivity,3,1.5247869669110514e-05,1.0,2.0520381440292113e-05
Conductivity,4,1.659021472733002e-05,1.0,2.290930387971457e-05
