test/mae,test/rmse,test/r2,split,target
0.016343967989087105,0.0247417613863945,0.8801820874214172,0,TC
0.02103453129529953,0.03387274220585823,0.7042249441146851,1,TC
0.020465541630983353,0.03961154818534851,0.7002547979354858,2,TC
0.016965841874480247,0.025922954082489014,0.8305155038833618,3,TC
0.025898274034261703,0.08379548788070679,-0.9536109566688538,4,TC
