test/multiclass-accuracy,test/multiclass-f1,test/multiclass-roc,split,target
0.19128292798995972,0.15545618534088135,0.335593581199646,0,phase_label
0.17437729239463806,0.09862726181745529,0.4279044568538666,1,phase_label
0.15128999948501587,0.1267164647579193,0.4073655605316162,2,phase_label
0.1795017570257187,0.15877887606620789,0.5703298449516296,3,phase_label
0.32923686504364014,0.32439103722572327,0.42337244749069214,4,phase_label
