test/multiclass-accuracy,test/multiclass-f1,test/multiclass-roc,split,target
0.2951485514640808,0.2532312572002411,0.4040871262550354,0,phase_label
0.154084250330925,0.11541412025690079,0.4450799822807312,1,phase_label
0.12611304223537445,0.12807919085025787,0.34608349204063416,2,phase_label
0.18972370028495789,0.20065759122371674,0.5843634605407715,3,phase_label
0.3261297345161438,0.32370877265930176,0.39833396673202515,4,phase_label
