test/mae,test/rmse,test/r2,split,target
7997.412109375,12679.205078125,0.5930982232093811,0,Mn
8084.564453125,24486.951171875,0.3871946036815643,1,Mn
12877.755859375,29288.814453125,0.2591745853424072,2,Mn
6473.14453125,26198.388671875,0.2505542337894439,3,Mn
6075.50830078125,11942.224609375,0.5642130374908447,4,Mn
