test/mae,test/rmse,test/r2,split,target
0.11743152886629105,0.1605290174484253,0.8889973759651184,0,IP vs SHE (eV)
0.12026473134756088,0.1615961343050003,0.8924038410186768,1,IP vs SHE (eV)
0.11587771773338318,0.1591222882270813,0.8901625275611877,2,IP vs SHE (eV)
0.11330736428499222,0.15614007413387299,0.8979043364524841,3,IP vs SHE (eV)
0.11207807809114456,0.15483470261096954,0.8921355605125427,4,IP vs SHE (eV)
