test/mae,test/rmse,test/r2,split,target
0.0371487438678741,0.0576244071125984,0.9856966137886048,0,IP vs SHE (eV)
0.0394712723791599,0.0614720769226551,0.9844299554824828,1,IP vs SHE (eV)
0.0388596802949905,0.0616570711135864,0.9835087060928344,2,IP vs SHE (eV)
0.0390013493597507,0.0612265765666961,0.984301507472992,3,IP vs SHE (eV)
0.0386408753693103,0.0599317960441112,0.9838394522666932,4,IP vs SHE (eV)
