test/mae,test/rmse,test/r2,split,target
0.0421265661716461,0.0624939166009426,0.9886959195137024,0,EA vs SHE (eV)
0.042113721370697,0.0642448887228965,0.9886845946311952,1,EA vs SHE (eV)
0.0415437333285808,0.0645913854241371,0.9878032207489014,2,EA vs SHE (eV)
0.0404038466513156,0.0614258982241153,0.9896167516708374,3,EA vs SHE (eV)
0.0425359606742858,0.0661797747015953,0.9877831935882568,4,EA vs SHE (eV)
