test/mae,test/rmse,test/r2,split,target
0.12233824282884598,0.16421036422252655,0.8576135635375977,0,IP vs SHE (eV)
0.13087955117225647,0.1770595759153366,0.8799554705619812,1,IP vs SHE (eV)
0.11885770410299301,0.1593133509159088,0.8903758525848389,2,IP vs SHE (eV)
0.11647827923297882,0.15540370345115662,0.9019876718521118,3,IP vs SHE (eV)
0.10992683470249176,0.15103891491889954,0.9013616442680359,4,IP vs SHE (eV)
