test/mae,test/rmse,test/r2,split,target
0.0120146563276648,0.0172599181532859,0.9987167716026306,0,IP vs SHE (eV)
0.0122586423531174,0.0176721755415201,0.998713195323944,1,IP vs SHE (eV)
0.0141666969284415,0.0198100339621305,0.99829763174057,2,IP vs SHE (eV)
0.0124044921249151,0.0180997848510742,0.9986280798912048,3,IP vs SHE (eV)
0.0125653240829706,0.0185861084610223,0.9984457492828368,4,IP vs SHE (eV)
