test/mae,test/rmse,test/r2,split,target
0.04848848655819893,0.08708905428647995,0.9778727889060974,0,EA vs SHE (eV)
0.06930303573608398,0.11404629796743393,0.9632285833358765,1,EA vs SHE (eV)
0.04210620000958443,0.07255887240171432,0.9865521192550659,2,EA vs SHE (eV)
0.04240366816520691,0.08050978928804398,0.9810776710510254,3,EA vs SHE (eV)
0.04369143396615982,0.08588212728500366,0.9794097542762756,4,EA vs SHE (eV)
