test/mae,test/rmse,test/r2,split,target
0.0355832576751709,0.06906357407569885,0.9748136401176453,0,IP vs SHE (eV)
0.05567324161529541,0.10250938683748245,0.9597625136375427,1,IP vs SHE (eV)
0.032940905541181564,0.06067737564444542,0.9840978384017944,2,IP vs SHE (eV)
0.03659806028008461,0.06728936731815338,0.9816240072250366,3,IP vs SHE (eV)
0.03345165774226189,0.06982903927564621,0.978916585445404,4,IP vs SHE (eV)
