test/mae,test/rmse,test/r2,split,target
6.482640646510163e-09,8.702432552354367e-09,0.6629723310470581,0,TFSI Diffusivity
6.324780699173971e-09,9.02008068237592e-09,0.6294629573822021,1,TFSI Diffusivity
6.551195141923927e-09,8.965928444126803e-09,0.6800331473350525,2,TFSI Diffusivity
6.757793435951953e-09,9.206329032451777e-09,0.5880098342895508,3,TFSI Diffusivity
6.698734011933993e-09,9.498578812383585e-09,0.6333140134811401,4,TFSI Diffusivity
