test/mae,test/rmse,test/r2,split,target
3.0211406709668154e-09,4.3756802625694036e-09,0.8560740351676941,0,Poly Diffusivity
3.524022629264323e-09,5.301831862425388e-09,0.7691803574562073,1,Poly Diffusivity
3.2505702574070483e-09,4.587177748760496e-09,0.8549386262893677,2,Poly Diffusivity
3.2330751409404e-09,4.5103489831888055e-09,0.8322338461875916,3,Poly Diffusivity
3.197803133403454e-09,4.7577124462350184e-09,0.8146266937255859,4,Poly Diffusivity
