test/mae,test/rmse,test/r2,split,target
4.328299496592081e-09,5.741373598766586e-09,0.5297117829322815,0,Li Diffusivity
4.3333234778231144e-09,5.768767685765397e-09,0.4784984886646271,1,Li Diffusivity
4.288384314321547e-09,5.36746025403545e-09,0.5885830521583557,2,Li Diffusivity
4.475783743629336e-09,5.756427778891293e-09,0.5036421418190002,3,Li Diffusivity
4.391631946987218e-09,5.815619985582998e-09,0.5277553796768188,4,Li Diffusivity
