test/mae,test/rmse,test/r2,split,target
1.52977245306829e-05,2.1267449483275414e-05,0.6197476983070374,0,Conductivity
1.7362832295475528e-05,2.3483158656745218e-05,0.5356001853942871,1,Conductivity
1.6887182937352918e-05,2.3739507014397532e-05,0.5986071228981018,2,Conductivity
1.6123211025842465e-05,2.1287050913088024e-05,0.6299536824226379,3,Conductivity
1.6574484106968157e-05,2.270435288664885e-05,0.5851424932479858,4,Conductivity
