test/mae,test/rmse,test/r2,split,target
4.151615495828764e-09,5.4426445572630655e-09,0.5773777365684509,0,Li Diffusivity
5.173043327033611e-09,6.756029513610429e-09,0.2847259044647217,1,Li Diffusivity
4.256728303175805e-09,5.4180167019524106e-09,0.5807962417602539,2,Li Diffusivity
4.580815282650974e-09,5.913077139041434e-09,0.47625985741615295,3,Li Diffusivity
4.320460433859807e-09,5.819420501040895e-09,0.5271379947662354,4,Li Diffusivity
