test/mae,test/rmse,test/r2,split,target
4.074751203120286e-09,5.4682969263808445e-09,0.5733845233917236,0,Li Diffusivity
4.9283257474996844e-09,6.45818332145609e-09,0.34640273451805115,1,Li Diffusivity
4.157882926847378e-09,5.296669769450091e-09,0.5993636846542358,2,Li Diffusivity
4.5044670216043414e-09,5.920850920659859e-09,0.4748818874359131,3,Li Diffusivity
4.524887575740877e-09,5.969982730391621e-09,0.502353310585022,4,Li Diffusivity
