test/mae,test/rmse,test/r2,split,target
1.615060136828106e-05,2.3019578293315135e-05,0.5545123219490051,0,Conductivity
1.7115600712713785e-05,2.3782144126016647e-05,0.5236994624137878,1,Conductivity
1.6754736861912534e-05,2.3184380552265793e-05,0.6171600818634033,2,Conductivity
1.5909805370029062e-05,2.1696285330108367e-05,0.6155889630317688,3,Conductivity
1.7273843695875257e-05,2.3576401872560382e-05,0.5526620149612427,4,Conductivity
