test/mae,test/rmse,test/r2,split,target
4.3532772942000975e-09,5.7540012754486725e-09,0.5276408195495605,0,Li Diffusivity
4.811897991174874e-09,6.164394328322942e-09,0.4045157730579376,1,Li Diffusivity
4.245613194342468e-09,5.3099160624014985e-09,0.5973572731018066,2,Li Diffusivity
4.34624958245422e-09,5.616679565889626e-09,0.5274497270584106,3,Li Diffusivity
4.604495007498599e-09,6.027764509752842e-09,0.49267351627349854,4,Li Diffusivity
