test/mae,test/rmse,test/r2,split,target
1.5062812053656671e-05,2.086773019982502e-05,0.6339069604873657,0,Conductivity
1.6259733456536196e-05,2.2215754142962396e-05,0.5843755602836609,1,Conductivity
1.5525922208325937e-05,2.138241870852653e-05,0.6743583679199219,2,Conductivity
1.5622126738890074e-05,2.1256902982713655e-05,0.6310010552406311,3,Conductivity
1.665540003159549e-05,2.2657133740722202e-05,0.5868663191795349,4,Conductivity
