test/mae,test/rmse,test/r2,split,target
3.062432085698674e-09,4.48844739153742e-09,0.8485601544380188,0,Poly Diffusivity
3.6161447170002248e-09,5.124186852611956e-09,0.7843890190124512,1,Poly Diffusivity
3.244309265681977e-09,4.4723220682385545e-09,0.8621119260787964,2,Poly Diffusivity
3.0568130249264414e-09,4.315648727271082e-09,0.8464053273200989,3,Poly Diffusivity
2.961419776070784e-09,4.258864816364394e-09,0.85146164894104,4,Poly Diffusivity
