test/mae,test/rmse,test/r2,split,target
6.298917387681513e-09,8.748131108404777e-09,0.6594234108924866,0,TFSI Diffusivity
6.788525741541207e-09,9.319522931150459e-09,0.6044528484344482,1,TFSI Diffusivity
6.276561048679241e-09,8.459894118573175e-09,0.7151315212249756,2,TFSI Diffusivity
6.321540180209695e-09,8.613646684807463e-09,0.6393483281135559,3,TFSI Diffusivity
6.728131385358438e-09,9.421248670093973e-09,0.6392601728439331,4,TFSI Diffusivity
