test/mae,test/rmse,test/r2,split,target
6.20091977765469e-09,8.504440707213234e-09,0.678133487701416,0,TFSI Diffusivity
7.353649689179065e-09,9.914214338380134e-09,0.5523614287376404,1,TFSI Diffusivity
6.232839577791083e-09,8.551319652383427e-09,0.7089411616325378,2,TFSI Diffusivity
6.5361556167431445e-09,8.652023986144286e-09,0.6361274123191833,3,TFSI Diffusivity
6.633763316443719e-09,9.443228421446292e-09,0.637575089931488,4,TFSI Diffusivity
