test/mae,test/rmse,test/r2,split,target
1.5213770893751644e-05,2.085397682094481e-05,0.6343894004821777,0,Conductivity
1.6290228813886642e-05,2.2083078874857165e-05,0.5893250107765198,1,Conductivity
1.654214611335192e-05,2.223649062216282e-05,0.6478248238563538,2,Conductivity
1.6004181816242635e-05,2.158136157959234e-05,0.6196505427360535,3,Conductivity
1.6865917132236063e-05,2.3254364350577816e-05,0.5647991895675659,4,Conductivity
