mae,rmse,r2,target,split
4.2041667924763715e-09,5.395591709957954e-09,0.9833715977677006,Li Diffusivity,0
4.461206959405217e-09,5.745880609927711e-09,0.9810745668701748,Li Diffusivity,1
4.184085078406952e-09,5.242285646817705e-09,0.9843025106776725,Li Diffusivity,2
4.377428641788583e-09,5.629895623550418e-09,0.9818615341109352,Li Diffusivity,3
4.262823871670207e-09,5.685920840626212e-09,0.9815500379975598,Li Diffusivity,4
