target,split,MAE,R2,RMSE
Transference Number,0,0.16308625042438507,0.38828585026933016,0.209964273115764
Transference Number,1,0.16867253184318542,0.4172628143824745,0.2219528246444179
Transference Number,2,0.15575575828552246,0.44427678058735187,0.21064267040521922
Transference Number,3,0.16277962923049927,0.4854889696096861,0.2175544441663706
Transference Number,4,0.15892361104488373,0.3591720446315583,0.21652076941148216
