target,split,MAE,R2,RMSE
Li Diffusivity,0,4.0829153391541695e-09,0.9833245147548457,5.403225278636046e-09
Li Diffusivity,1,4.438611700408046e-09,0.981488262663271,5.6827333808294025e-09
Li Diffusivity,2,4.194024683101816e-09,0.9839745954141823,5.296757531350307e-09
Li Diffusivity,3,4.454259627806323e-09,0.9807941857000294,5.7931722708557375e-09
Li Diffusivity,4,4.374665518724896e-09,0.9807429895594061,5.80894828493378e-09
