mae,rmse,r2,target,split
1.5664818420191295e-05,2.1097129062065178e-05,0.6258143770166917,Conductivity,0
1.625713957764674e-05,2.1474455232101386e-05,0.6116505744818271,Conductivity,1
1.541561505291611e-05,2.119860528082764e-05,0.6799334721609449,Conductivity,2
1.622723175387364e-05,2.159282248958081e-05,0.6192470372174868,Conductivity,3
1.6111125660245307e-05,2.2090687516753215e-05,0.6072659230627171,Conductivity,4
