target,split,MAE,R2,RMSE
Transference Number,0,0.16261520981788635,0.38540884363726946,0.21045744098789337
Transference Number,1,0.1636657416820526,0.4530242829959873,0.2150345908383468
Transference Number,2,0.15789969265460968,0.4355727940981038,0.21228585392185131
Transference Number,3,0.1632583737373352,0.4738128895822151,0.22000913464211344
Transference Number,4,0.1571817845106125,0.37954886440517543,0.21305053724576173
