mae,rmse,r2,target,split
3.0403159989589312e-09,4.2122889469461396e-09,0.9902170427245597,Poly Diffusivity,0
3.311125817972993e-09,4.931308788994422e-09,0.9865084945258112,Poly Diffusivity,1
3.225531397532677e-09,4.396517331733953e-09,0.9894127988305624,Poly Diffusivity,2
3.135536275067352e-09,4.247093109023284e-09,0.9899897431969475,Poly Diffusivity,3
2.9950344426765696e-09,4.302802228435947e-09,0.9897302553889691,Poly Diffusivity,4
