target,split,MAE,R2,RMSE
TFSI Diffusivity,0,6.5340852728468235e-09,0.9622408954356895,8.482063639698417e-09
TFSI Diffusivity,1,6.312123268514824e-09,0.9597135731612033,8.749531138430323e-09
TFSI Diffusivity,2,6.369319738297463e-09,0.9622846708915358,8.535961245849935e-09
TFSI Diffusivity,3,6.570102684122503e-09,0.9594948025905955,8.741217122956906e-09
TFSI Diffusivity,4,6.502939076113989e-09,0.9585804763152245,8.933303452515388e-09
