target,split,MAE,R2,RMSE
Poly Diffusivity,0,3.0867035594184244e-09,0.9902111166907053,4.2135645903966075e-09
Poly Diffusivity,1,3.374215795659552e-09,0.9867597240864406,4.885179246684693e-09
Poly Diffusivity,2,3.1753515372656693e-09,0.9897010379430691,4.336256139299716e-09
Poly Diffusivity,3,3.257534020306707e-09,0.9892727056999547,4.396572834014972e-09
Poly Diffusivity,4,3.053523878193687e-09,0.9895967199148592,4.330686209489887e-09
