target,split,MAE,R2,RMSE
Li Diffusivity,0,4.123914987275157e-09,0.9833477863047888,5.399453657865735e-09
Li Diffusivity,1,4.476768289407573e-09,0.9802936117085022,5.863233505813633e-09
Li Diffusivity,2,4.370718897916959e-09,0.9830230309601761,5.451746425339879e-09
Li Diffusivity,3,4.375087403474254e-09,0.9818295907918254,5.634850741573128e-09
Li Diffusivity,4,4.42625003316266e-09,0.980734090380638,5.810290370191747e-09
