target,split,MAE,R2,RMSE
Conductivity,0,1.4724357242812403e-05,0.6675478233282668,1.9885860619077326e-05
Conductivity,1,1.5850464478717186e-05,0.6244893253511206,2.1116501063997283e-05
Conductivity,2,1.5703015378676355e-05,0.6940230412827519,2.072676465880974e-05
Conductivity,3,1.5669156709918752e-05,0.6379373471116064,2.105618243368503e-05
Conductivity,4,1.6546664483030327e-05,0.562349064528763,2.331974835128418e-05
