mae,rmse,r2,target,split
6.238972449779112e-09,8.374989897703392e-09,0.9631881852708272,TFSI Diffusivity,0
6.377222749875955e-09,8.75770049607742e-09,0.9596383099088297,TFSI Diffusivity,1
6.512708150552271e-09,8.633090045890213e-09,0.9614214786576638,TFSI Diffusivity,2
6.276111186309663e-09,8.619952611106359e-09,0.9606108424313314,TFSI Diffusivity,3
6.2864522476502316e-09,8.950668537260234e-09,0.9584192917407106,TFSI Diffusivity,4
