target,split,MAE,R2,RMSE
Conductivity,0,1.521708782092901e-05,0.6554508052711578,2.0244423734970924e-05
Conductivity,1,1.6081914509413764e-05,0.6194502397334886,2.1257712917104816e-05
Conductivity,2,1.5990955944289453e-05,0.6852167373733058,2.102291658489856e-05
Conductivity,3,1.546496423543431e-05,0.6449151236584537,2.0852294393198746e-05
Conductivity,4,1.6570738807786256e-05,0.5762031820368856,2.294767938238186e-05
