target,split,MAE,R2,RMSE
Conductivity,0,1.5374846043414436e-05,0.6608699458467444,2.008458886122653e-05
Conductivity,1,1.6121706721605733e-05,0.6187586265599411,2.1277021547869696e-05
Conductivity,2,1.533416798338294e-05,0.693374719421159,2.0748711220796316e-05
Conductivity,3,1.5772613551234826e-05,0.635172200457724,2.1136434423238338e-05
Conductivity,4,1.701728797343094e-05,0.5521629144329563,2.3589566544071087e-05
