target,split,MAE,R2,RMSE
Poly Diffusivity,0,2.9455078376372512e-09,0.9904528949474413,4.161203347507953e-09
Poly Diffusivity,1,3.4526794756573054e-09,0.9862219773099532,4.983396436593105e-09
Poly Diffusivity,2,3.196304110275605e-09,0.9894400466638229,4.390856181452326e-09
Poly Diffusivity,3,3.0786435623042507e-09,0.990004687452756,4.243921752230125e-09
Poly Diffusivity,4,3.1762188434925065e-09,0.9889268235993804,4.467943612216744e-09
