target,split,MAE,R2,RMSE
TFSI Diffusivity,0,6.365580063061316e-09,0.9625511079619924,8.447149033368784e-09
TFSI Diffusivity,1,6.429270005270382e-09,0.9588801845700912,8.839566864460156e-09
TFSI Diffusivity,2,6.380870942734873e-09,0.9621931681642099,8.54630950740008e-09
TFSI Diffusivity,3,6.525314955041495e-09,0.9592826681747917,8.76407707169976e-09
TFSI Diffusivity,4,6.525316287309124e-09,0.9563766648665979,9.167880912031681e-09
