target,split,MAE,R2,RMSE
Li Diffusivity,0,4.191151425914086e-09,0.9832235933120526,5.419550949963969e-09
Li Diffusivity,1,4.449349333413011e-09,0.9812012322880914,5.726620082749573e-09
Li Diffusivity,2,4.3522168091669755e-09,0.9833184298682354,5.40410823052592e-09
Li Diffusivity,3,4.459990154970228e-09,0.9812232135594917,5.728101606081884e-09
Li Diffusivity,4,4.354934191042048e-09,0.980609202909673,5.8290919609146655e-09
