target,split,MAE,R2,RMSE
Conductivity,0,1.4915713109076023e-05,0.6550827558927055,2.0255233423864546e-05
Conductivity,1,1.5985837308107875e-05,0.6078266491472477,2.1579920856553026e-05
Conductivity,2,1.60399195010541e-05,0.6773728457655356,2.1283233907510998e-05
Conductivity,3,1.5974223060766235e-05,0.6256498695365378,2.1410497280016983e-05
Conductivity,4,1.6499292541993782e-05,0.5806848266689917,2.282602192407883e-05
