target,split,MAE,R2,RMSE
TFSI Diffusivity,0,6.030854038385769e-09,0.9642920487520682,8.248464930938843e-09
TFSI Diffusivity,1,6.323918277928442e-09,0.9599234808018414,8.726707399331311e-09
TFSI Diffusivity,2,6.560214149686772e-09,0.9604544807592201,8.740617527266178e-09
TFSI Diffusivity,3,6.641375005500549e-09,0.9579483268515642,8.906522569881161e-09
TFSI Diffusivity,4,6.372061545079077e-09,0.9574219145292032,9.057380060387996e-09
