mae,rmse,r2,target,split
4.148338117460071e-09,5.381678354179654e-09,0.9834572455279594,Li Diffusivity,0
4.394039354593815e-09,5.6872713048949384e-09,0.9814586841689096,Li Diffusivity,1
4.161526234724988e-09,5.275470373558899e-09,0.9841031451190274,Li Diffusivity,2
4.366757622165096e-09,5.640153792513553e-09,0.9817953745357016,Li Diffusivity,3
4.3125845117231165e-09,5.651503476940369e-09,0.9817727205701672,Li Diffusivity,4
