mae,rmse,r2,target,split
1.5096537026693113e-05,2.0603393511286262e-05,0.6431235405024989,Conductivity,0
1.6373613107134588e-05,2.1980152271686775e-05,0.5931448837278903,Conductivity,1
1.585935206094291e-05,2.1012264062546807e-05,0.685535658927177,Conductivity,2
1.6379777662223205e-05,2.181662059376699e-05,0.6113135168260613,Conductivity,3
1.6196967408177443e-05,2.2494947615228394e-05,0.5927602794504176,Conductivity,4
