mae,rmse,r2,target,split
1.4922531590855215e-05,2.0478360928921583e-05,0.6474418259104353,Conductivity,0
1.616942790860776e-05,2.186723066033889e-05,0.5973145553095842,Conductivity,1
1.58736074808985e-05,2.1113309454242575e-05,0.6825039649154991,Conductivity,2
1.5810250260983594e-05,2.1427022004425056e-05,0.6250718046398884,Conductivity,3
1.6361776943085715e-05,2.225741834375996e-05,0.6013151539559105,Conductivity,4
