target,split,MAE,R2,RMSE
TFSI Diffusivity,0,6.338707780884079e-09,0.9624177793354418,8.462172918445384e-09
TFSI Diffusivity,1,6.477616221189919e-09,0.958944111587247,8.832693016018664e-09
TFSI Diffusivity,2,6.45474873550711e-09,0.9612354107325283,8.65388409703323e-09
TFSI Diffusivity,3,6.431915888782669e-09,0.9592940061593631,8.762856802252065e-09
TFSI Diffusivity,4,6.5840719543075465e-09,0.9565739591835191,9.147125663963238e-09
