target,split,MAE,R2,RMSE
Poly Diffusivity,0,3.017862626464307e-09,0.9903863577532855,4.175678469288165e-09
Poly Diffusivity,1,3.3252256503857325e-09,0.9876892373667241,4.7105809861110175e-09
Poly Diffusivity,2,3.1996318927696166e-09,0.9893477681668981,4.409999227922747e-09
Poly Diffusivity,3,3.188665775866184e-09,0.9891532077457977,4.4209930308443795e-09
Poly Diffusivity,4,3.047739394190785e-09,0.9895989728151734,4.33021726801996e-09
