target,split,MAE,R2,RMSE
Transference Number,0,0.15914222598075867,0.41088227313770753,0.20604978799644733
Transference Number,1,0.1651684194803238,0.4278320492470292,0.2199308081891003
Transference Number,2,0.158057302236557,0.4336021415364,0.21265611944257665
Transference Number,3,0.1656692624092102,0.47131958431368126,0.22052977514240021
Transference Number,4,0.1584150344133377,0.3655820033021464,0.2154351590828668
