mae,rmse,r2,target,split
0.3263974189758301,0.4840456396556483,0.8895361569116433,bandgap_chain,0
0.3242448568344116,0.44596675862360957,0.9003796142010836,bandgap_chain,1
0.33548152446746826,0.4969531597586615,0.8833516573532412,bandgap_chain,2
0.32320353388786316,0.48276575473302513,0.8853161527261398,bandgap_chain,3
0.3174635171890259,0.46395293396935655,0.8963083532407488,bandgap_chain,4
