target,split,MAE,R2,RMSE
bandgap_chain,0,0.4106031060218811,0.8385351418849564,0.5852147285770175
bandgap_chain,1,0.3776378929615021,0.8719917984974583,0.5055303792512691
bandgap_chain,2,0.3934705257415771,0.8524427132537582,0.5589288093465405
bandgap_chain,3,0.3878955543041229,0.8380169602628192,0.5737465714163137
bandgap_chain,4,0.3975877463817596,0.8387450582670994,0.5785735168957572
