mae,rmse,r2,target,split
0.32639747858047485,0.4840456396556483,0.8895361569116433,bandgap_chain,0
0.3242448568344116,0.44596675862360957,0.9003796142010836,bandgap_chain,1
0.33548152446746826,0.49695314476614044,0.8833516660786879,bandgap_chain,2
0.32320353388786316,0.4827657855992591,0.8853161436360254,bandgap_chain,3
0.3174635171890259,0.463952901851526,0.8963083621396412,bandgap_chain,4
