target,split,MAE,R2,RMSE
bandgap_chain,0,0.3490944504737854,0.8805813229515593,0.5032831227866676
bandgap_chain,1,0.30663540959358215,0.9005931737916117,0.44548847669946445
bandgap_chain,2,0.3280749022960663,0.8987789539990259,0.4629260182430405
bandgap_chain,3,0.3114493191242218,0.8910983018066347,0.47043828517827513
bandgap_chain,4,0.32379069924354553,0.8878202782548374,0.48256877253398056
