target,split,MAE,R2,RMSE
bandgap_chain,0,0.418361485004425,0.8188465818655811,0.6198684073203563
bandgap_chain,1,0.4122609198093414,0.8463980417658898,0.5537665875708164
bandgap_chain,2,0.4171970188617706,0.835850089564966,0.589517237751782
bandgap_chain,3,0.3929364681243896,0.845099450215334,0.5610632295946917
bandgap_chain,4,0.4539749026298523,0.8003147289055672,0.6438356981363234
