target,split,MAE,R2,RMSE
bandgap_chain,0,0.3536528050899505,0.8756714414075706,0.5135251259864299
bandgap_chain,1,0.2954870164394378,0.9086833070424328,0.4269759888386093
bandgap_chain,2,0.3399499058723449,0.8944628419520039,0.4726926773788457
bandgap_chain,3,0.3329575061798095,0.8783665784271076,0.4971778768235126
bandgap_chain,4,0.3093779683113098,0.9032672781605804,0.4481142314377843
