target,split,MAE,R2,RMSE
bandgap_chain,0,0.3573543727397918,0.874983878926435,0.5149431054622424
bandgap_chain,1,0.3257438242435455,0.8914036342882692,0.4656247062170138
bandgap_chain,2,0.33948814868927,0.8932567583471462,0.4753859802621015
bandgap_chain,3,0.315453827381134,0.8928171151874578,0.466711028437153
bandgap_chain,4,0.3299514055252075,0.8952744977251583,0.4662601146163377
