target,split,MAE,R2,RMSE
bandgap_chain,0,0.35365280508995056,0.8756714414075706,0.5135251259864299
bandgap_chain,1,0.29548701643943787,0.9086833070424328,0.4269759888386093
bandgap_chain,2,0.33994990587234497,0.8944628419520039,0.4726926773788457
bandgap_chain,3,0.33295750617980957,0.8783665784271076,0.4971778768235126
bandgap_chain,4,0.3093779683113098,0.9032672781605804,0.4481142314377843
