target,split,MAE,R2,RMSE
bandgap_chain,0,0.3615222871303558,0.8695986652203976,0.5259170730894297
bandgap_chain,1,0.312265932559967,0.9013774963709674,0.4437275336851164
bandgap_chain,2,0.3514314591884613,0.8824628397182895,0.4988428673772537
bandgap_chain,3,0.3222492933273315,0.8965528795228228,0.4585054861778415
bandgap_chain,4,0.3283998370170593,0.8971184461081655,0.4621370515250237
