target,split,MAE,R2,RMSE
bandgap_chain,0,0.3291410803794861,0.8890197512850176,0.4851757475640766
bandgap_chain,1,0.3081673681735992,0.9115308484422734,0.4202660503034279
bandgap_chain,2,0.3436456620693207,0.8905076754614051,0.4814686489059313
bandgap_chain,3,0.308977723121643,0.8993496350355409,0.4522650385022705
bandgap_chain,4,0.3359522819519043,0.8891176032762732,0.4797702767588124
