target,split,MAE,R2,RMSE
bandgap_chain,0,0.33492374420166016,0.8866949984155885,0.49023101623114057
bandgap_chain,1,0.31074169278144836,0.9052164890951365,0.43500551869739285
bandgap_chain,2,0.33467984199523926,0.8866052979237485,0.48997346234471784
bandgap_chain,3,0.32823705673217773,0.8741246037982716,0.5057731466554565
bandgap_chain,4,0.3338637351989746,0.8846729002102417,0.4892915573208787
