target,split,MAE,R2,RMSE
bandgap_chain,0,0.3349237442016601,0.8866949984155885,0.4902310162311405
bandgap_chain,1,0.3107416927814483,0.9052164890951364,0.4350055186973928
bandgap_chain,2,0.3346798419952392,0.8866052979237485,0.4899734623447178
bandgap_chain,3,0.3282370567321777,0.8741246037982716,0.5057731466554565
bandgap_chain,4,0.3338637351989746,0.8846729002102417,0.4892915573208787
