target,split,MAE,R2,RMSE
bandgap_chain,0,0.3370621502399444,0.886132877221625,0.4914455573973785
bandgap_chain,1,0.3066385984420776,0.9062948632441368,0.432523868045524
bandgap_chain,2,0.3308490514755249,0.8978356197726721,0.4650781345095089
bandgap_chain,3,0.3202950656414032,0.8949947248247826,0.4619456596939002
bandgap_chain,4,0.3350727260112762,0.884385608369572,0.4899006197586936
