mae,rmse,r2,target,split
0.3374899327754974,0.4970407533381678,0.8835253218780056,bandgap_chain,0
0.3069156110286712,0.4312518513681229,0.9068452048284454,bandgap_chain,1
0.3418290913105011,0.4939169697984529,0.8847726574374243,bandgap_chain,2
0.3150277137756347,0.4580890607853438,0.8967406994675811,bandgap_chain,3
0.3319469392299652,0.4767872796178383,0.8904921528855335,bandgap_chain,4
