target,split,MAE,R2,RMSE
bandgap_chain,0,0.3595111966133117,0.8695273179299364,0.5260609034681392
bandgap_chain,1,0.3219275176525116,0.9005541260675204,0.4455759707921596
bandgap_chain,2,0.3489198088645935,0.8848657579544313,0.4937173892973728
bandgap_chain,3,0.3345682322978973,0.888166321751364,0.476729082478815
bandgap_chain,4,0.353830337524414,0.8855310381974631,0.4874677671878302
