target,split,MAE,R2,RMSE
bandgap_chain,0,0.3518962860107422,0.8761893102110514,0.5124544867798632
bandgap_chain,1,0.3062646090984344,0.9122918996884324,0.4184544851432623
bandgap_chain,2,0.3305893242359161,0.8930812023581881,0.4757767437500674
bandgap_chain,3,0.3256143629550934,0.888507319214713,0.4760017065921211
bandgap_chain,4,0.3298922181129455,0.8918958463672443,0.4737216354927457
