target,split,MAE,R2,RMSE
gap,0,0.045100923627614975,0.9768865794947292,0.0654716926222943
gap,1,0.04376884549856186,0.9760060424837228,0.06836089405006904
gap,2,0.04250605031847954,0.9781137091053075,0.06378793640684514
gap,3,0.040697917342185974,0.9812873007385626,0.060051884702895485
gap,4,0.04699132218956947,0.9777113874529386,0.06799026359795711
