target,split,MAE,R2,RMSE
delta_lumo,0,0.035177700221538544,0.8865050736455665,0.050833441433407275
delta_lumo,1,0.035440463572740555,0.8792709024626171,0.05326755406035738
delta_lumo,2,0.03672453761100769,0.8606629380947345,0.056671415789494604
delta_lumo,3,0.032528411597013474,0.8886886264105037,0.049858484945239936
delta_lumo,4,0.03631057217717171,0.8601694990644472,0.05802304167514254
