target,split,MAE,R2,RMSE
lumo_extrapolated,0,0.06286077201366425,0.9711323483453234,0.09429792878447853
lumo_extrapolated,1,0.06639131903648376,0.9718303387437125,0.09596940869788809
lumo_extrapolated,2,0.06165474280714989,0.970628168201324,0.09408965274127667
lumo_extrapolated,3,0.06242059916257858,0.9730793064254577,0.09234487024586267
lumo_extrapolated,4,0.06210973113775253,0.9748045762932779,0.08904872942591824
