target,split,MAE,R2,RMSE
delta_homo,0,0.036831632256507874,0.7908912697107691,0.05602898315739194
delta_homo,1,0.03858594596385956,0.6711706134606659,0.07157219549886897
delta_homo,2,0.03781270235776901,0.7739749214183599,0.057295212807509176
delta_homo,3,0.04087117314338684,0.6996784031168931,0.06671558238043351
delta_homo,4,0.03796366974711418,0.7334707934007594,0.06662707567269394
