target,split,MAE,R2,RMSE
spectral_overlap,0,106.50259399414062,0.9818479230888706,180.85225755433632
spectral_overlap,1,109.82933044433594,0.9777968252275109,189.87668695761468
spectral_overlap,2,115.9695053100586,0.9799611686095899,186.3011989192501
spectral_overlap,3,107.97235870361328,0.983300770964729,172.39202916245867
spectral_overlap,4,113.41724395751953,0.9809516775512268,189.0636260297046
