target,split,MAE,R2,RMSE
spectral_overlap,0,117.75566864013672,0.980045287331826,189.61972636041853
spectral_overlap,1,106.66012573242188,0.9783928073891393,187.31099849248042
spectral_overlap,2,103.4222183227539,0.982476752991979,174.2154848348734
spectral_overlap,3,99.9704818725586,0.983876372587709,169.39490773227217
spectral_overlap,4,108.30590057373047,0.9815168550783252,186.23767786420126
