target,split,MAE,R2,RMSE
lumo_extrapolated,0,0.06258783489465714,0.9735543577042866,0.0902554574093062
lumo_extrapolated,1,0.06265509873628616,0.9745171744391342,0.09127793332786696
lumo_extrapolated,2,0.0655393972992897,0.9690820276124632,0.09653434038818881
lumo_extrapolated,3,0.06415289640426636,0.972341452859432,0.09360182496455859
lumo_extrapolated,4,0.06374193727970123,0.972772909232979,0.09256941295627456
