target,split,MAE,R2,RMSE
lumo,0,0.031613387167453766,0.9940204575334531,0.044880015628048005
lumo,1,0.032883044332265854,0.9933009257397926,0.048738612142449934
lumo,2,0.034137651324272156,0.9927210431746257,0.04964052286924039
lumo,3,0.034421227872371674,0.9932883893993428,0.04839103088633634
lumo,4,0.03484342619776726,0.991687396616464,0.05391238538753432
