target,split,MAE,R2,RMSE
optical_lumo,0,0.043783221393823624,0.9869495212582908,0.06144433954139116
optical_lumo,1,0.040536537766456604,0.9884003946511836,0.0604077845020584
optical_lumo,2,0.03807630017399788,0.988534935974324,0.05812852466187046
optical_lumo,3,0.03770626708865166,0.9906458858237183,0.054210835577971635
optical_lumo,4,0.04108363762497902,0.9858246504433394,0.06598056717254884
