target,split,MAE,R2,RMSE
gap_extrapolated,0,0.07558649033308029,0.9324563407858658,0.11283286326297909
gap_extrapolated,1,0.07379729300737381,0.9233586522676663,0.1202576173039658
gap_extrapolated,2,0.07505099475383759,0.913953362177865,0.12267665571809978
gap_extrapolated,3,0.07042059302330017,0.9336377719811397,0.11293963190271565
gap_extrapolated,4,0.07341619580984116,0.9331447342688548,0.11075195323263629
