target,split,MAE,R2,RMSE
lumo_extrapolated,0,0.06448104232549667,0.9722143126183624,0.09251390092535357
lumo_extrapolated,1,0.0627993568778038,0.9717140310686271,0.09616732416921249
lumo_extrapolated,2,0.06156187132000923,0.9706009315334803,0.0941332642063723
lumo_extrapolated,3,0.06773724406957626,0.9699084136507885,0.09763199981958057
lumo_extrapolated,4,0.061651863157749176,0.9743473735365238,0.0898530478434725
