target,split,MAE,R2,RMSE
delta_lumo,0,0.03704282268881798,0.8778101337819826,0.052744705459912514
delta_lumo,1,0.03460881486535072,0.8848564878347346,0.05202073890677529
delta_lumo,2,0.035786863416433334,0.8676143545295677,0.05523968262375462
delta_lumo,3,0.03546813130378723,0.8789023169982451,0.052004057434201535
delta_lumo,4,0.03661326318979263,0.8692738031769032,0.05610232198389977
