target,split,MAE,R2,RMSE
gap_extrapolated,0,0.07618813961744308,0.9274941460144627,0.11690413069926331
gap_extrapolated,1,0.07248439639806747,0.9221704296289785,0.12118624799941399
gap_extrapolated,2,0.0721079483628273,0.9164636897585552,0.1208739246606086
gap_extrapolated,3,0.07125011086463928,0.9318792273136951,0.11442625231550342
gap_extrapolated,4,0.06887434422969818,0.9405550636545483,0.10443378313631344
