target,split,MAE,R2,RMSE
lumo_extrapolated,0,0.06557613611221313,0.9707302658060795,0.09495236825351118
lumo_extrapolated,1,0.06267400830984116,0.9728686274609483,0.09418416322336062
lumo_extrapolated,2,0.06078030914068222,0.9713808904965927,0.09287619170628313
lumo_extrapolated,3,0.05807194858789444,0.9773363334973094,0.08472951799024327
lumo_extrapolated,4,0.064185731112957,0.9728479674965392,0.0924417287698806
