target,split,MAE,R2,RMSE
lumo,0,0.03242310881614685,0.9937427224003549,0.045910468452357356
lumo,1,0.03250017389655113,0.9936445949738002,0.04747198353076286
lumo,2,0.03917871043086052,0.9908295791897043,0.05571811335604306
lumo,3,0.03265148773789406,0.9935679201317691,0.0473725983215687
lumo,4,0.031651146709918976,0.9924855753106027,0.051258735428361825
