target,split,MAE,R2,RMSE
lumo,0,0.031152844429016113,0.9938444552363885,0.045535726642824015
lumo,1,0.03278503939509392,0.9931797858118017,0.04917730883935352
lumo,2,0.03218740597367287,0.9927793078178105,0.04944144816945751
lumo,3,0.030485529452562332,0.9941733984815315,0.045087811063250535
lumo,4,0.03328215703368187,0.9915617897856748,0.05431817720908073
