target,split,MAE,R2,RMSE
delta_optical_lumo,0,0.03965653106570244,0.8569497631006826,0.056916518619823275
delta_optical_lumo,1,0.03887399658560753,0.8579571418705105,0.05831627312460471
delta_optical_lumo,2,0.04467334225773811,0.8222374448209917,0.06532364407974177
delta_optical_lumo,3,0.0377311110496521,0.8715810292745355,0.05406883167181416
delta_optical_lumo,4,0.0392889641225338,0.8357501853716072,0.06283284014559724
