target,split,MAE,R2,RMSE
gap,0,0.04475097730755806,0.9755591031214628,0.06732556772499093
gap,1,0.04922545328736305,0.9699461446768483,0.07650800658421189
gap,2,0.046006374061107635,0.975955740061478,0.0668587380038123
gap,3,0.04306613281369209,0.9767876360548224,0.06688336467125097
gap,4,0.05192078277468681,0.9718515441755405,0.07640688357158786
