target,split,MAE,R2,RMSE
delta_lumo,0,0.0350780189037323,0.8840940054367745,0.05137055072362534
delta_lumo,1,0.034948475658893585,0.8856315408339788,0.05184536178068372
delta_lumo,2,0.03631081432104111,0.8643477460094557,0.05591704785877471
delta_lumo,3,0.03583545982837677,0.8888862940285198,0.04981419528639442
delta_lumo,4,0.03660735860466957,0.8651754051504735,0.056974967772991304
