target,split,MAE,R2,RMSE
delta_homo,0,0.036423493176698685,0.8026481600309887,0.05443111632697314
delta_homo,1,0.03887880593538284,0.6936635822810768,0.06908095851040487
delta_homo,2,0.036134153604507446,0.7845074936077298,0.05594433320854007
delta_homo,3,0.042208850383758545,0.6855587749005358,0.06826588845786057
delta_homo,4,0.035439081490039825,0.7472805212242961,0.06487803845236044
