target,split,MAE,R2,RMSE
homo_extrapolated,0,0.06322469562292099,0.9653455423574387,0.09919956934251624
homo_extrapolated,1,0.06375007331371307,0.9559176019047518,0.11739817993187594
homo_extrapolated,2,0.06031816080212593,0.9689699786190354,0.0930499473580212
homo_extrapolated,3,0.062430161982774734,0.965387331342184,0.10475917824773727
homo_extrapolated,4,0.06398778408765793,0.9629855227888539,0.10228410085469047
