target,split,MAE,R2,RMSE
gap,0,0.042064033448696136,0.9783390445843925,0.06338117107582614
gap,1,0.044886182993650436,0.9683075876886835,0.07856596535696618
gap,2,0.04677102342247963,0.9729592850585088,0.07090250140226137
gap,3,0.04105759784579277,0.9743335519872462,0.07033011427758722
gap,4,0.05556054413318634,0.9718125148196404,0.07645983551695265
