target,split,MAE,R2,RMSE
delta_homo,0,0.03757593035697937,0.788242271473855,0.05638275350892928
delta_homo,1,0.037708643823862076,0.704875453028228,0.06780499732136501
delta_homo,2,0.034960512071847916,0.8009517543976076,0.053767419507550235
delta_homo,3,0.03711879253387451,0.7266195622790785,0.06365283186901834
delta_homo,4,0.03562697768211365,0.7387870187491082,0.06595924992171978
