target,split,MAE,R2,RMSE
homo_extrapolated,0,0.06674467772245407,0.9634045699556546,0.10193977067530403
homo_extrapolated,1,0.06765596568584442,0.9548031240114356,0.11887293196558019
homo_extrapolated,2,0.061967890709638596,0.9676074848359852,0.09507086211262038
homo_extrapolated,3,0.060909487307071686,0.9678087619000679,0.10102838131076411
homo_extrapolated,4,0.06295645236968994,0.9627107767788697,0.10266301066056681
