target,split,MAE,R2,RMSE
gap,0,0.048808351159095764,0.9733658426225377,0.07028148549906761
gap,1,0.05023092404007912,0.9577796576532936,0.09068128753365286
gap,2,0.04632369056344032,0.9752955823220253,0.06777035832624628
gap,3,0.04334372654557228,0.9710950743297343,0.07463531230536329
gap,4,0.04618822783231735,0.9774507166922646,0.06838668890636627
