target,split,MAE,R2,RMSE
lumo,0,0.03097001649439335,0.9940929696500529,0.04460706228400827
lumo,1,0.03434496000409126,0.9929011737930489,0.0501717244843655
lumo,2,0.034140557050704956,0.9922346292569316,0.05127230818357913
lumo,3,0.0318598635494709,0.99322244263802,0.04862819031117818
lumo,4,0.032688163220882416,0.991526718588802,0.054430938809256806
