target,split,MAE,R2,RMSE
optical_lumo_extrapolated,0,0.06594456732273102,0.9638134350651777,0.09613928859463207
optical_lumo_extrapolated,1,0.06862792372703552,0.9614291693211023,0.10194118674673013
optical_lumo_extrapolated,2,0.06490221619606018,0.9628085929363716,0.09710635815059701
optical_lumo_extrapolated,3,0.06604490429162979,0.9654417012985496,0.09761706042729869
optical_lumo_extrapolated,4,0.07077459990978241,0.9589082927335655,0.104207167103297
