target,split,MAE,R2,RMSE
homo,0,0.0393466055393219,0.984793887128335,0.05950776905202463
homo,1,0.041061680763959885,0.9842424874257913,0.06528619432693945
homo,2,0.04009079188108444,0.9853385930870782,0.05924365894925553
homo,3,0.03696950152516365,0.9869613726261711,0.05827585251272859
homo,4,0.0372912771999836,0.9808153635155191,0.06891735417775736
