target,split,MAE,R2,RMSE
delta_lumo,0,0.037599626928567886,0.870376326267433,0.05432546363820119
delta_lumo,1,0.03459363430738449,0.8804817148734534,0.052999764676966155
delta_lumo,2,0.03392605111002922,0.8692524212191931,0.05489686713015868
delta_lumo,3,0.037341538816690445,0.8732020974442852,0.05321393247730121
delta_lumo,4,0.03502075746655464,0.8735367224843245,0.055180007215721624
