target,split,MAE,R2,RMSE
gap,0,0.0737820416688919,0.9433734735490625,0.1024781818400088
gap,1,0.07871128618717194,0.923349998214053,0.12218359078131935
gap,2,0.0690019503235817,0.9464277534356395,0.09979813119364365
gap,3,0.07764293998479843,0.9303263493006261,0.11587579067484112
gap,4,0.07800756394863129,0.9390494734328773,0.1124330326280096
