target,split,MAE,R2,RMSE
optical_lumo,0,0.04417166858911514,0.9865002414032172,0.06249304077027545
optical_lumo,1,0.04088027402758598,0.9881434440102174,0.061073186470410976
optical_lumo,2,0.03887439891695976,0.9883619041151531,0.05856552238817682
optical_lumo,3,0.03742257133126259,0.9907943467691811,0.05377891963288202
optical_lumo,4,0.04025103896856308,0.9861989770440985,0.06510356863065069
