target,split,MAE,R2,RMSE
delta_optical_lumo,0,0.04102729260921478,0.8492216759801476,0.05843371351298517
delta_optical_lumo,1,0.038717880845069885,0.8620959651443783,0.05746038566288066
delta_optical_lumo,2,0.03842351213097572,0.857254248916362,0.05853718769378428
delta_optical_lumo,3,0.038662388920784,0.856957051369263,0.05706444796327058
delta_optical_lumo,4,0.038832925260066986,0.8337812608798052,0.06320831767301317
