target,split,MAE,R2,RMSE
homo_extrapolated,0,0.06185563653707504,0.9667877473218796,0.09711345504451198
homo_extrapolated,1,0.06620540469884872,0.9523169154094704,0.12209867148003668
homo_extrapolated,2,0.062407445162534714,0.9679974854015672,0.09449681214349696
homo_extrapolated,3,0.06375440210103989,0.962758113349812,0.10866517249910433
homo_extrapolated,4,0.06248188763856888,0.961434824966119,0.10440468466674845
