target,split,MAE,R2,RMSE
homo,0,0.04072064533829689,0.9842287583799729,0.060603471038304296
homo,1,0.03668836131691933,0.9883412234785204,0.05615701448669005
homo,2,0.035097479820251465,0.9878600535279886,0.053909144116540186
homo,3,0.038668230175971985,0.9865456125331797,0.05919767718508893
homo,4,0.041140198707580566,0.9780221545938477,0.07376398499485223
