target,split,MAE,R2,RMSE
homo,0,0.03923677280545235,0.984238090334107,0.060585538378912854
homo,1,0.03811364620923996,0.9867423800909724,0.05988393173801713
homo,2,0.03531913086771965,0.9884056605169689,0.05268379496648194
homo,3,0.0391557477414608,0.9859634614406665,0.06046481108589111
homo,4,0.03654700517654419,0.9812744998139576,0.06808767820968403
