target,split,MAE,R2,RMSE
optical_lumo,0,0.04360441118478775,0.9864286015464614,0.06265863760063912
optical_lumo,1,0.042357947677373886,0.9884460713986917,0.06028873072509808
optical_lumo,2,0.038565438240766525,0.9879239209690093,0.05965735962384296
optical_lumo,3,0.039151255041360855,0.9893713881783818,0.05778605357223611
optical_lumo,4,0.04060850292444229,0.9858758022486116,0.0658614127940072
