target,split,MAE,R2,RMSE
optical_lumo_extrapolated,0,0.06550191342830658,0.9631753007648404,0.09698327401109202
optical_lumo_extrapolated,1,0.06766455620527267,0.9601144565003576,0.1036639949646857
optical_lumo_extrapolated,2,0.06552771478891373,0.962821792618356,0.09708912204742018
optical_lumo_extrapolated,3,0.06328462064266205,0.9653739468129346,0.09771270550605828
optical_lumo_extrapolated,4,0.06607802957296371,0.960867398493448,0.10169271686063854
