target,split,MAE,R2,RMSE
spectral_overlap,0,109.65635681152344,0.9811290747515219,184.39849426581551
spectral_overlap,1,108.37306213378906,0.9800267074322049,180.0897291543163
spectral_overlap,2,113.12442016601562,0.9793327989713428,189.1996300207799
spectral_overlap,3,101.94381713867188,0.984122310453385,168.09802873806998
spectral_overlap,4,117.98909759521484,0.9796533840181567,195.40052016627286
