target,split,MAE,R2,RMSE
gap,0,0.04374449700117111,0.9768497908479606,0.06552377739423926
gap,1,0.04454739764332771,0.963754197855491,0.08402057632636277
gap,2,0.04375271499156952,0.9766789091790051,0.06584562287588674
gap,3,0.04356949031352997,0.967762748130698,0.07882018140006262
gap,4,0.046701088547706604,0.9773873123843861,0.06848276446426797
