target,split,MAE,R2,RMSE
lumo_extrapolated,0,0.06262999027967453,0.9727469470806546,0.09162289283659639
lumo_extrapolated,1,0.061340898275375366,0.9742022580119047,0.09184020622713747
lumo_extrapolated,2,0.061092257499694824,0.9720745168086146,0.09174379376455158
lumo_extrapolated,3,0.06679076701402664,0.9707015864985102,0.09633668588464088
lumo_extrapolated,4,0.06314598023891449,0.9741210077769317,0.09024862098531877
