target,split,MAE,R2,RMSE
delta_lumo,0,0.03386763110756874,0.8912477873591982,0.04975999434999107
delta_lumo,1,0.03382565826177597,0.8905998725211199,0.05070673996539227
delta_lumo,2,0.03563323989510536,0.8688134413697064,0.0549889456344415
delta_lumo,3,0.03487522155046463,0.8842127160604891,0.050851028899497726
delta_lumo,4,0.03650834783911705,0.8715620334301015,0.05560914685338385
