target,split,MAE,R2,RMSE
delta_optical_lumo,0,0.03997369483113289,0.8511777245218554,0.05805344616930018
delta_optical_lumo,1,0.040208492428064346,0.8509978778843721,0.05972776748871265
delta_optical_lumo,2,0.040349867194890976,0.843106359225393,0.06136955020843497
delta_optical_lumo,3,0.038837239146232605,0.8696239412111944,0.05447927496314606
delta_optical_lumo,4,0.038758061826229095,0.8343397705393122,0.06310203541725698
