target,split,MAE,R2,RMSE
lumo_extrapolated,0,0.061400048434734344,0.9737160665130444,0.08997909054653949
lumo_extrapolated,1,0.06239284574985504,0.9726622802588102,0.09454164447857016
lumo_extrapolated,2,0.06435006856918335,0.970173224710046,0.0948155319603543
lumo_extrapolated,3,0.06198862940073013,0.9746520762874008,0.08960677593788867
lumo_extrapolated,4,0.0609552375972271,0.9752256161297316,0.0883015483754533
