target,split,MAE,R2,RMSE
gap_extrapolated,0,0.07408460229635239,0.9330283077631876,0.11235411012600839
gap_extrapolated,1,0.0767504945397377,0.915563881110175,0.1262249383271192
gap_extrapolated,2,0.07545687258243561,0.9172110163342619,0.12033203341089813
gap_extrapolated,3,0.07042855769395828,0.935605709921255,0.11125244529720933
gap_extrapolated,4,0.07386109977960587,0.9349434443296113,0.10925193232075742
