target,split,MAE,R2,RMSE
optical_lumo,0,0.04007953405380249,0.9880526767659418,0.058790068760367895
optical_lumo,1,0.04177824780344963,0.9878103799248709,0.06192505216990469
optical_lumo,2,0.038191746920347214,0.9886675551539097,0.05779135372074957
optical_lumo,3,0.038094937801361084,0.9896028354270584,0.05715341938699497
optical_lumo,4,0.04068050533533096,0.9855460533455225,0.06662578967142645
