target,split,MAE,R2,RMSE
homo_extrapolated,0,0.06326580792665482,0.9659813860772315,0.09828529417059291
homo_extrapolated,1,0.06636973470449448,0.9581103480097397,0.11444112955709607
homo_extrapolated,2,0.06652627140283585,0.9649489500839192,0.0988952902285493
homo_extrapolated,3,0.06590423732995987,0.9668976019415597,0.10244818702271626
homo_extrapolated,4,0.06626711785793304,0.9613451513421907,0.10452599736061521
