target,split,MAE,R2,RMSE
homo_extrapolated,0,0.06709989160299301,0.9623447009370095,0.10340541694988029
homo_extrapolated,1,0.06597929447889328,0.956654171432054,0.11641325289508289
homo_extrapolated,2,0.06276415288448334,0.9670607287066515,0.09586985816776414
homo_extrapolated,3,0.06367675960063934,0.9594933666906508,0.11332810189407179
homo_extrapolated,4,0.06239142268896103,0.9643385233675058,0.10039728955215244
