target,split,MAE,R2,RMSE
spectral_overlap,0,106.412109375,0.9799957085757527,189.85514626288116
spectral_overlap,1,114.05633544921875,0.9770521231172071,193.03468762116304
spectral_overlap,2,105.59428405761719,0.981504259190379,178.9844561599554
spectral_overlap,3,124.7240219116211,0.9796115616359867,190.48507159355034
spectral_overlap,4,119.0540771484375,0.9783471697845838,201.57513526288406
