target,split,MAE,R2,RMSE
optical_lumo,0,0.03829509764909744,0.9888312465646039,0.05684221706569971
optical_lumo,1,0.043069273233413696,0.9872476631615974,0.06333826845923263
optical_lumo,2,0.036970194429159164,0.9894586198435001,0.05573779585058393
optical_lumo,3,0.037991706281900406,0.9892724735840058,0.05805432248440344
optical_lumo,4,0.04599310830235481,0.9836993411002363,0.07075412133516448
