target,split,MAE,R2,RMSE
optical_lumo_extrapolated,0,0.06620307266712189,0.9633437033144561,0.09676125967286374
optical_lumo_extrapolated,1,0.06306730210781097,0.9660869646236145,0.09558803099291101
optical_lumo_extrapolated,2,0.06396005302667618,0.9630642232575541,0.09677205826754334
optical_lumo_extrapolated,3,0.062002941966056824,0.9671624321996845,0.09515575140241463
optical_lumo_extrapolated,4,0.06540066003799438,0.9595199598612469,0.10342867366294745
