target,split,MAE,R2,RMSE
homo,0,0.040790971368551254,0.9844532426352774,0.06017061772552268
homo,1,0.03775312751531601,0.985349577191876,0.06295099559504909
homo,2,0.037479810416698456,0.9861159207382357,0.05765176398314473
homo,3,0.040362950414419174,0.9836069191387047,0.0653435902142042
homo,4,0.037085384130477905,0.9795569022400107,0.07114185196735674
