target,split,MAE,R2,RMSE
homo_extrapolated,0,0.06537941843271255,0.9635136848789978,0.10178768429726012
homo_extrapolated,1,0.09960192441940308,0.928769140469916,0.14923231128163955
homo_extrapolated,2,0.06666381657123566,0.9629959381878446,0.10161312382150277
homo_extrapolated,3,0.06590383499860764,0.9601785065580278,0.112365585898959
homo_extrapolated,4,0.06726901233196259,0.9594249945514568,0.10709066482165175
