target,split,MAE,R2,RMSE
homo,0,0.0379054881632328,0.9854291429194857,0.058251499948073805
homo,1,0.037871353328228,0.9860736487342109,0.06137566379233806
homo,2,0.0377320758998394,0.986135902114421,0.05761026284260778
homo,3,0.041445545852184296,0.9844497978789976,0.06364154649184896
homo,4,0.03890776261687279,0.9795914369549021,0.07108173530836907
