target,split,MAE,R2,RMSE
optical_lumo,0,0.04122404009103775,0.9878329150639754,0.05932830288674242
optical_lumo,1,0.0429588183760643,0.9843359802958869,0.07019770377240944
optical_lumo,2,0.04154809191823006,0.9874102870309183,0.06091285850772943
optical_lumo,3,0.03742623329162598,0.9905980089136663,0.054349390540592506
optical_lumo,4,0.03942830488085747,0.9869092561482247,0.06340613860167056
