target,split,MAE,R2,RMSE
homo,0,0.0393417663872242,0.9845534349648172,0.05997641686678606
homo,1,0.0355803556740284,0.9878530460346725,0.057320664212761024
homo,2,0.03543810546398163,0.988575644251641,0.052296173301561846
homo,3,0.04128548130393028,0.9860643305425567,0.06024716399817171
homo,4,0.03897309675812721,0.9807182134066207,0.06909163175098111
