target,split,MAE,R2,RMSE
optical_lumo_extrapolated,0,0.06595700979232788,0.9622745919881779,0.09816217975503497
optical_lumo_extrapolated,1,0.06434588879346848,0.9662125753187183,0.09541084461100498
optical_lumo_extrapolated,2,0.06538276374340057,0.9623051591774361,0.09776137892202597
optical_lumo_extrapolated,3,0.06444493681192398,0.9648690215104199,0.09842256288883058
optical_lumo_extrapolated,4,0.07004924863576889,0.9588444128585621,0.10428813369066466
