target,split,MAE,R2,RMSE
delta_optical_lumo,0,0.0398070365190506,0.8590651585202319,0.056494116391611136
delta_optical_lumo,1,0.03873952850699425,0.8597841240952314,0.05794002115076318
delta_optical_lumo,2,0.040191132575273514,0.8509179035220252,0.05982228636539671
delta_optical_lumo,3,0.039188202470541,0.8695031565375017,0.0545045034614662
delta_optical_lumo,4,0.03786082938313484,0.8407674825631282,0.061865726715874654
