target,split,MAE,R2,RMSE
delta_homo,0,0.03525210916996002,0.8093317822362407,0.05350148151574061
delta_homo,1,0.03789589926600456,0.6877598731606894,0.06974344650175685
delta_homo,2,0.035025615245103836,0.773225457413426,0.057390125248854666
delta_homo,3,0.03869406878948212,0.7285669881924941,0.06342571129042934
delta_homo,4,0.038019854575395584,0.7188839705987975,0.06842599755782328
