target,split,MAE,R2,RMSE
spectral_overlap,0,142.34542846679688,0.972884279434006,221.0402430836973
spectral_overlap,1,139.37916564941406,0.9701714724147683,220.07971744631536
spectral_overlap,2,132.36306762695312,0.9749891368248856,208.13436540489894
spectral_overlap,3,138.1565399169922,0.973966613712623,215.24560825949504
spectral_overlap,4,124.37413787841797,0.9764631489468939,210.16181451740943
