target,split,MAE,R2,RMSE
lumo,0,0.03196891397237778,0.9934309308700664,0.047040391747200413
lumo,1,0.03326503932476044,0.993311634587952,0.048699639072319355
lumo,2,0.03884948417544365,0.9905126785926147,0.05667265652229958
lumo,3,0.031164342537522316,0.9940627111487316,0.04551406221902146
lumo,4,0.03331390768289566,0.9920089303172547,0.0528594295901446
