target,split,MAE,R2,RMSE
delta_lumo,0,0.0350780189037323,0.8840940054367745,0.05137055072362534
delta_lumo,1,0.034948475658893585,0.8856315294421715,0.051845364026117356
delta_lumo,2,0.036310821771621704,0.8643477460094557,0.05591704785877471
delta_lumo,3,0.03583545610308647,0.8888862940285198,0.04981419528639442
delta_lumo,4,0.03660735860466957,0.8651754162705331,0.05697496572971987
