target,split,MAE,R2,RMSE
lumo_extrapolated,0,0.06414308398962021,0.972574472518775,0.09191235927782164
lumo_extrapolated,1,0.06265909969806671,0.9722471472191814,0.09525676195824154
lumo_extrapolated,2,0.06361690908670425,0.9705309877846698,0.09424517413610996
lumo_extrapolated,3,0.06341004371643066,0.9750981415615364,0.08881483527139425
lumo_extrapolated,4,0.06295760720968246,0.9718315980303797,0.09415599709365106
