target,split,MAE,R2,RMSE
gap,0,0.041889291256666183,0.9785900527864748,0.06301286868071918
gap,1,0.043922025710344315,0.9715396955778366,0.0744520335802937
gap,2,0.04357634112238884,0.975816799353569,0.06705163342328554
gap,3,0.04161377623677254,0.9761399141270285,0.06781010666372551
gap,4,0.04210292547941208,0.9804108972481529,0.06374005867776199
