target,split,MAE,R2,RMSE
delta_homo,0,0.036880530416965485,0.7873836454253396,0.056496947671297135
delta_homo,1,0.03788615018129349,0.7300208699420656,0.0648521153672648
delta_homo,2,0.035757020115852356,0.7839901908994836,0.056011441957766334
delta_homo,3,0.040555864572525024,0.6940737886201868,0.0673352294651847
delta_homo,4,0.036131519824266434,0.7287916341872409,0.06720937993613685
