target,split,MAE,R2,RMSE
gap_extrapolated,0,0.07731848955154419,0.9261681982906126,0.11796822753057928
gap_extrapolated,1,0.07139027863740921,0.9263867584323852,0.11785798193467237
gap_extrapolated,2,0.07439057528972626,0.9138393120439097,0.12275793194903079
gap_extrapolated,3,0.07010211795568466,0.9318189573094249,0.11447685796332077
gap_extrapolated,4,0.06818763166666031,0.9416477442640674,0.10346951447356832
