target,split,MAE,R2,RMSE
gap_extrapolated,0,0.07315853983163834,0.9364165422295125,0.10947511127451677
gap_extrapolated,1,0.0759393721818924,0.918238380935188,0.12420977089176473
gap_extrapolated,2,0.07408159971237183,0.9170625784867721,0.12043985973460565
gap_extrapolated,3,0.07709060609340668,0.9265864600708018,0.11878838216855869
gap_extrapolated,4,0.06904353946447372,0.9420579423844945,0.10310519472589082
