mae,rmse,r2,target,split
0.04260111600160599,0.0636046730731576,0.9860156996865497,optical_lumo,0
0.04205746203660965,0.060882076940250246,0.9882175302138195,optical_lumo,1
0.04051480069756508,0.05949182107628474,0.9879908460379618,optical_lumo,2
0.040233682841062546,0.058164970802045086,0.9892315420258865,optical_lumo,3
0.043232262134552,0.06881102473468848,0.9845823655391435,optical_lumo,4
