target,split,MAE,R2,RMSE
homo_extrapolated,0,0.06192924082279205,0.9672017029108838,0.09650634870621094
homo_extrapolated,1,0.0671132504940033,0.9522915436270522,0.12213114939096383
homo_extrapolated,2,0.06325127184391022,0.9660501884321472,0.09732934117257803
homo_extrapolated,3,0.06597298383712769,0.9623464160447163,0.10926415156692876
homo_extrapolated,4,0.06670104712247849,0.9585477260554336,0.10824217573652475
