target,split,MAE,R2,RMSE
delta_lumo,0,0.03672295808792114,0.8746752770881046,0.05341701933873113
delta_lumo,1,0.033595334738492966,0.8944780424281937,0.04979986747156504
delta_lumo,2,0.035424958914518356,0.8589368129208013,0.05702135975205565
delta_lumo,3,0.03328277915716171,0.8961841949537883,0.04815052751492202
delta_lumo,4,0.035261549055576324,0.8747056853839805,0.05492438586330232
