target,split,MAE,R2,RMSE
gap_extrapolated,0,0.07655620574951172,0.9278374125629375,0.11662707233453208
gap_extrapolated,1,0.07723021507263184,0.9089828155854854,0.1310517192794384
gap_extrapolated,2,0.0735635757446289,0.9197299408433357,0.11848729038814584
gap_extrapolated,3,0.07231248915195465,0.9304299836055782,0.11563703129651426
gap_extrapolated,4,0.07582919299602509,0.9302405194350112,0.11313193033260496
