target,split,MAE,R2,RMSE
homo_extrapolated,0,0.06674468517303467,0.9634045699556546,0.10193977067530403
homo_extrapolated,1,0.06765597313642502,0.9548031205860565,0.11887293588288307
homo_extrapolated,2,0.0619678869843483,0.9676074848359852,0.09507086211262038
homo_extrapolated,3,0.060909487307071686,0.9678087619000679,0.10102838131076411
homo_extrapolated,4,0.06295644491910934,0.9627107767788697,0.10266301066056681
