target,split,MAE,R2,RMSE
gap_extrapolated,0,0.07408460229635239,0.9330283191266193,0.1123540976922493
gap_extrapolated,1,0.0767504870891571,0.9155638867856748,0.12622493094884185
gap_extrapolated,2,0.0754568800330162,0.9172110285805987,0.12033202567129149
gap_extrapolated,3,0.07042855769395828,0.935605709921255,0.11125244529720933
gap_extrapolated,4,0.07386110723018646,0.9349434443296113,0.10925193232075742
