target,split,MAE,R2,RMSE
delta_homo,0,0.036691319197416306,0.7847852427248184,0.05684112544813883
delta_homo,1,0.03803073614835739,0.6957250029371773,0.06884813308550693
delta_homo,2,0.037188101559877396,0.770215785021515,0.05776970082966889
delta_homo,3,0.03759368509054184,0.7170839298097849,0.06475343605055346
delta_homo,4,0.0369400829076767,0.7327989732354099,0.06671099300540805
