target,split,MAE,R2,RMSE
spectral_overlap,0,118.12474822998047,0.9795756365605155,191.83817847016272
spectral_overlap,1,120.40360260009766,0.9766232263095953,194.8302546449088
spectral_overlap,2,114.00234985351562,0.9802490966925491,184.9579238468847
spectral_overlap,3,108.17193603515625,0.9828996024892951,174.45044290929732
spectral_overlap,4,105.76603698730469,0.9824925925053561,181.25522621775627
