target,split,MAE,R2,RMSE
lumo_extrapolated,0,0.06081622838973999,0.9746011285860857,0.08845117680571109
lumo_extrapolated,1,0.0627320259809494,0.9726621115687891,0.09454193508038779
lumo_extrapolated,2,0.06330409646034241,0.9704767418505531,0.09433187768228532
lumo_extrapolated,3,0.06260176002979279,0.9724387623919248,0.09343702506738864
lumo_extrapolated,4,0.06209901347756386,0.9738556054591946,0.0907102143098913
