target,split,MAE,R2,RMSE
optical_lumo_extrapolated,0,0.06780463457107544,0.9622615353817765,0.0981791658163762
optical_lumo_extrapolated,1,0.06507764011621475,0.9650162547815616,0.09708527060224653
optical_lumo_extrapolated,2,0.06548511981964111,0.9610878317061076,0.09932740355963686
optical_lumo_extrapolated,3,0.06409015506505966,0.9663040533595723,0.0963914166651578
optical_lumo_extrapolated,4,0.0663079246878624,0.9595989475313409,0.10332771555982269
