target,split,MAE,R2,RMSE
delta_optical_lumo,0,0.04368695989251137,0.8336912785828905,0.061369352924718706
delta_optical_lumo,1,0.04680921882390976,0.8085808270104946,0.06769752263304067
delta_optical_lumo,2,0.045347217470407486,0.8200889400000196,0.06571722192389022
delta_optical_lumo,3,0.04418444260954857,0.8333276998514737,0.061597644996412224
delta_optical_lumo,4,0.04436451941728592,0.7955616499048792,0.07009958109919251
