target,split,MAE,R2,RMSE
spectral_overlap,0,423.4870910644531,0.808086219331471,588.0494505141553
spectral_overlap,1,400.61029052734375,0.8076339227819769,558.8925992532018
spectral_overlap,2,408.8863830566406,0.814096799604046,567.4438573550691
spectral_overlap,3,363.4993896484375,0.8556805104781646,506.7939978433052
spectral_overlap,4,417.1711730957031,0.8234361200411484,575.6129341840748
