target,split,MAE,R2,RMSE
spectral_overlap,0,121.29851531982422,0.9792979302125759,193.13796477518343
spectral_overlap,1,112.2712631225586,0.9770515878399163,193.03694392201197
spectral_overlap,2,109.74122619628906,0.9804309371359924,184.104526186892
spectral_overlap,3,117.05747985839844,0.9808699588593199,184.51297803271183
spectral_overlap,4,123.72169494628906,0.9793464395194554,196.86888879403978
