target,split,MAE,R2,RMSE
homo,0,0.04745553061366081,0.9791945594410781,0.06960701671934019
homo,1,0.04660361632704735,0.9825540812285204,0.0686948921136955
homo,2,0.04973050579428673,0.9775327688306386,0.07333795961583348
homo,3,0.043352242559194565,0.9823590611667421,0.06778499232685468
homo,4,0.04433199018239975,0.9747456608115931,0.07907146893957735
