target,split,MAE,R2,RMSE
spectral_overlap,0,112.34262084960938,0.9807727598499187,186.13123310583853
spectral_overlap,1,117.25155639648438,0.9762609722162593,196.33402858712495
spectral_overlap,2,116.22501373291016,0.98018709920776,185.24798624074162
spectral_overlap,3,118.18253326416016,0.9800981899861532,188.19810664230923
spectral_overlap,4,121.71172332763672,0.9802037207041797,192.7398059885399
