target,split,MAE,R2,RMSE
optical_lumo,0,0.042821481823921204,0.9856343864426828,0.06446600192934937
optical_lumo,1,0.04128528758883476,0.9878134182328381,0.061917334539313126
optical_lumo,2,0.039926838129758835,0.9884396062014804,0.05836968894446935
optical_lumo,3,0.03921850770711899,0.9896040966688817,0.05714995249228326
optical_lumo,4,0.04140644147992134,0.9860050413057257,0.06555939741743859
