target,split,MAE,R2,RMSE
lumo,0,0.032178398221731186,0.993613670448936,0.046381488304389575
lumo,1,0.03380975499749184,0.9927250663584652,0.05079024033558918
lumo,2,0.03486201912164688,0.9919940835604952,0.05206037651210167
lumo,3,0.03178950771689415,0.9939853398260039,0.045809657389719406
lumo,4,0.03722279518842697,0.9905367647217371,0.057522775189385644
