target,split,MAE,R2,RMSE
gap,0,0.046026986092329025,0.9753963657280772,0.06754933733580676
gap,1,0.045912519097328186,0.9667445760434286,0.08048001194356628
gap,2,0.04419991374015808,0.9768185958734261,0.06564812706834548
gap,3,0.0497053898870945,0.9698237872487796,0.07625894582949905
gap,4,0.04354079067707062,0.9797186548083382,0.06485650959637505
