target,split,MAE,R2,RMSE
optical_lumo,0,0.043783221393823624,0.9869495203328069,0.06144434143603794
optical_lumo,1,0.040536534041166306,0.9884003946511836,0.0604077845020584
optical_lumo,2,0.038076288998126984,0.988534935974324,0.05812852466187046
optical_lumo,3,0.037706274539232254,0.9906458858237183,0.054210835577971635
optical_lumo,4,0.04108364135026932,0.9858246495715576,0.06598056717254884
