target,split,MAE,R2,RMSE
optical_lumo_extrapolated,0,0.06780463457107544,0.9622615269960306,0.09817918004529891
optical_lumo_extrapolated,1,0.06507764011621475,0.9650162547815616,0.09708527060224653
optical_lumo_extrapolated,2,0.06548511981964111,0.9610878274822092,0.09932740824778191
optical_lumo_extrapolated,3,0.06409015506505966,0.9663040533595723,0.0963914166651578
optical_lumo_extrapolated,4,0.066307932138443,0.9595989434788208,0.10332772006646715
