target,split,MAE,R2,RMSE
lumo,0,0.03374477103352547,0.992933852366561,0.04878770347226464
lumo,1,0.03465813398361206,0.9927370769096654,0.05074829857289639
lumo,2,0.036399956792593,0.9914099716548743,0.05392610626509617
lumo,3,0.033170655369758606,0.9926799348162778,0.05053694351832499
lumo,4,0.03416326642036438,0.9912961240527943,0.05516661719792562
