target,split,MAE,R2,RMSE
homo_extrapolated,0,0.06415851414203644,0.965514521140115,0.09895741991407896
homo_extrapolated,1,0.06449724733829498,0.9591182657870513,0.11305595059664929
homo_extrapolated,2,0.06223142892122269,0.966069091060605,0.09730224341374687
homo_extrapolated,3,0.06219656392931938,0.9603877193687855,0.1120700250411178
homo_extrapolated,4,0.06683775782585144,0.961380430469769,0.10447828699507343
