target,split,MAE,R2,RMSE
lumo,0,0.033769309520721436,0.9929912549772191,0.04858913106830387
lumo,1,0.033710140734910965,0.9923235755357919,0.052172932693925325
lumo,2,0.03397952392697334,0.9925350450535197,0.0502707492484579
lumo,3,0.03154998645186424,0.9937529403972589,0.04668628683885447
lumo,4,0.03404086083173752,0.9917781183186928,0.05361738510615128
