target,split,MAE,R2,RMSE
delta_optical_lumo,0,0.03769778460264206,0.8654846457614156,0.05519248701059725
delta_optical_lumo,1,0.041646916419267654,0.8500521582759557,0.059917013640699505
delta_optical_lumo,2,0.03846919909119606,0.8517175546806762,0.05966163303495915
delta_optical_lumo,3,0.038080282509326935,0.8648839836747105,0.05546075937984336
delta_optical_lumo,4,0.03947465866804123,0.8325762674619341,0.06343701671312896
