target,split,MAE,R2,RMSE
gap_extrapolated,0,0.07126978784799576,0.9388651458819196,0.10734646924918227
gap_extrapolated,1,0.08694031089544296,0.9038482136160053,0.13469755139649348
gap_extrapolated,2,0.0732983723282814,0.9190672364544249,0.11897539970325197
gap_extrapolated,3,0.07409393787384033,0.9316001254320363,0.11466042181411892
gap_extrapolated,4,0.06752592325210571,0.9437828244885791,0.10155892365834625
