target,split,MAE,R2,RMSE
lumo,0,0.03272399306297302,0.9935829900447225,0.04649276407259619
lumo,1,0.03388300910592079,0.9931638709065275,0.049234652977573026
lumo,2,0.07358215004205704,0.9724950898008163,0.09649546246780959
lumo,3,0.03246404603123665,0.993580469269661,0.04732636359876789
lumo,4,0.03521061688661575,0.9914840270139703,0.05456788955707962
