target,split,MAE,R2,RMSE
spectral_overlap,0,106.41210174560547,0.9799957085757527,189.85514626288116
spectral_overlap,1,114.05634307861328,0.9770521203509162,193.03469773916294
spectral_overlap,2,105.59427642822266,0.9815042617837649,178.98444524769465
spectral_overlap,3,124.72402954101562,0.9796115616359867,190.48507159355034
spectral_overlap,4,119.0540771484375,0.9783471697845838,201.57513526288406
