target,split,MAE,R2,RMSE
delta_homo,0,0.03695080801844597,0.7896498867351951,0.05619504590291436
delta_homo,1,0.03923916444182396,0.6867673856661212,0.06985419970198363
delta_homo,2,0.03499717637896538,0.8032768698772985,0.053452463711001943
delta_homo,3,0.03660622611641884,0.7351761797118544,0.06264876750255458
delta_homo,4,0.03575219213962555,0.7309488917708049,0.06694154409984378
