target,split,MAE,R2,RMSE
lumo,0,0.031442709267139435,0.9940894032979666,0.04462052418898733
lumo,1,0.034764960408210754,0.9926372625621169,0.051095824932260725
lumo,2,0.03573412075638771,0.991403335502456,0.05394693244101151
lumo,3,0.030460195615887642,0.9940984217278436,0.04537697831073004
lumo,4,0.033214133232831955,0.9917590405738326,0.05367955461404292
