target,split,MAE,R2,RMSE
delta_optical_lumo,0,0.04025043919682503,0.8529612556543432,0.05770453201193048
delta_optical_lumo,1,0.03966010361909866,0.8525564868693816,0.05941456030524863
delta_optical_lumo,2,0.038862403482198715,0.8628701654542669,0.05737414663356491
delta_optical_lumo,3,0.03873296082019806,0.867399927251638,0.05494197536313424
delta_optical_lumo,4,0.039705678820610046,0.8277983092754952,0.06433583554883429
