target,split,MAE,R2,RMSE
homo_extrapolated,0,0.06647443771362305,0.9659390291816118,0.09834646450814154
homo_extrapolated,1,0.06621744483709335,0.9440112344759083,0.13230589708125032
homo_extrapolated,2,0.063066765666008,0.9650584356431862,0.09874071696264142
homo_extrapolated,3,0.06634524464607239,0.9611448643814602,0.11099381192943084
homo_extrapolated,4,0.06472587585449219,0.960290869605677,0.10594184168918155
