target,split,MAE,R2,RMSE
gap_extrapolated,0,0.0760246217250824,0.9311206261923649,0.113943069947269
gap_extrapolated,1,0.07470782101154327,0.9151185813956572,0.12655734210630373
gap_extrapolated,2,0.07429397106170654,0.9172411913079617,0.12031010123747364
gap_extrapolated,3,0.07179155200719833,0.9341392103932967,0.11251213154019926
gap_extrapolated,4,0.07272634655237198,0.9340030017765406,0.11003875705973166
