target,split,MAE,R2,RMSE
delta_optical_lumo,0,0.04075774922966957,0.8565399987855682,0.05699797853523855
delta_optical_lumo,1,0.04276115819811821,0.853249164698216,0.059274833742321446
delta_optical_lumo,2,0.03941240534186363,0.8470827098234406,0.06058687573056318
delta_optical_lumo,3,0.03739958256483078,0.8709037530326715,0.0542112221184667
delta_optical_lumo,4,0.03946949914097786,0.8304804833839228,0.06383282746253269
