target,split,MAE,R2,RMSE
homo,0,0.039862826466560364,0.984036973328744,0.06097084090046234
homo,1,0.038003046065568924,0.9864550525805207,0.06052937562381075
homo,2,0.035198915749788284,0.9882981988282437,0.05292738147582614
homo,3,0.04111659526824951,0.9843527002283076,0.06383992876239647
homo,4,0.03724236413836479,0.9816892083815396,0.06732949621610666
