target,split,MAE,R2,RMSE
lumo_extrapolated,0,0.06557614356279373,0.9707302623293306,0.09495237315766769
lumo_extrapolated,1,0.06267401576042175,0.9728686258231811,0.09418416816751747
lumo_extrapolated,2,0.06078031659126282,0.9713808940497423,0.09287618669249767
lumo_extrapolated,3,0.05807194858789444,0.9773363334973094,0.08472951799024327
lumo_extrapolated,4,0.064185731112957,0.9728479691979234,0.0924417287698806
