target,split,MAE,R2,RMSE
optical_lumo_extrapolated,0,0.06481218338012695,0.9661201944392844,0.09302457147376286
optical_lumo_extrapolated,1,0.06628398597240448,0.9634600193173596,0.0992211696374774
optical_lumo_extrapolated,2,0.06447483599185944,0.963497852874258,0.0962023220549187
optical_lumo_extrapolated,3,0.06301519274711609,0.966820187572691,0.09565033721906759
optical_lumo_extrapolated,4,0.06516553461551666,0.9617067807804467,0.10059616814592794
