target,split,MAE,R2,RMSE
homo_extrapolated,0,0.06423524022102356,0.9649459295049709,0.09976988370344812
homo_extrapolated,1,0.06724691390991211,0.956239885540823,0.11696824782531506
homo_extrapolated,2,0.06378857046365738,0.9665935785502813,0.0965472865697062
homo_extrapolated,3,0.07158884406089783,0.9595352700508423,0.11326946822098023
homo_extrapolated,4,0.06354032456874847,0.9619903869208289,0.1036499384645375
