target,split,MAE,R2,RMSE
delta_lumo,0,0.03585939481854439,0.875198215738499,0.05330545870021654
delta_lumo,1,0.035523299127817154,0.8796988357026166,0.053173063954028266
delta_lumo,2,0.035332128405570984,0.8654890216008937,0.05568133052881549
delta_lumo,3,0.033160172402858734,0.8953565517176558,0.04834208097964307
delta_lumo,4,0.03619370236992836,0.8701656208324797,0.055910628903332114
