target,split,MAE,R2,RMSE
gap,0,0.0467693954706192,0.9727770770214835,0.07105404837804814
gap,1,0.046993549913167953,0.971858317780344,0.07403410354104943
gap,2,0.04582881182432175,0.9749995927316881,0.06817513569953683
gap,3,0.041494980454444885,0.9769917516312352,0.06658864916908519
gap,4,0.04977884888648987,0.9767003884914495,0.06951516117983846
