target,split,MAE,R2,RMSE
homo,0,0.03915989026427269,0.9843360764273547,0.060396925920122635
homo,1,0.03631303086876869,0.9885940918006239,0.055544679178490854
homo,2,0.03859382122755051,0.9866906900682008,0.056445824726380905
homo,3,0.03671897202730179,0.9850589782190747,0.06238250939564888
homo,4,0.036680787801742554,0.9803493514195833,0.06974936521149003
