target,split,MAE,R2,RMSE
spectral_overlap,0,110.9111099243164,0.9808374692506013,185.817755559715
spectral_overlap,1,111.6226577758789,0.9786987135198153,185.9803312013128
spectral_overlap,2,109.85518646240234,0.9812523298979475,180.19930372368256
spectral_overlap,3,100.61384582519531,0.983841440526328,169.57830856089763
spectral_overlap,4,116.45814514160156,0.980852021303405,189.5575543370667
