target,split,MAE,R2,RMSE
gap_extrapolated,0,0.07711144536733627,0.9285533201311468,0.11604711461662022
gap_extrapolated,1,0.07147026062011719,0.924834963276338,0.11909374893922187
gap_extrapolated,2,0.07415709644556046,0.9178141055559769,0.11989294224983857
gap_extrapolated,3,0.07519570738077164,0.9242696614939695,0.12064819505762642
gap_extrapolated,4,0.06369538605213165,0.9496791028871261,0.09608548039619864
