target,split,MAE,R2,RMSE
optical_lumo_extrapolated,0,0.06785565614700317,0.9610931913311245,0.09968734475874098
optical_lumo_extrapolated,1,0.0664786770939827,0.9600334878645783,0.10376916281837383
optical_lumo_extrapolated,2,0.06615931540727615,0.962035121139374,0.09811092389641839
optical_lumo_extrapolated,3,0.06361131370067596,0.9669219299920184,0.09550357469857453
optical_lumo_extrapolated,4,0.06409557163715363,0.9624193191869905,0.09965585110555526
