target,split,MAE,R2,RMSE
optical_lumo,0,0.03962601348757744,0.9870839894397105,0.06112696799472397
optical_lumo,1,0.04054354503750801,0.9879425607895806,0.06158838741687763
optical_lumo,2,0.040497735142707825,0.98818655205853,0.059005078335977235
optical_lumo,3,0.03984040394425392,0.9890046829704374,0.058774458855148176
optical_lumo,4,0.04067659005522728,0.9862480984692346,0.0649876035849987
