target,split,MAE,R2,RMSE
delta_optical_lumo,0,0.039826035499572754,0.8578511996675257,0.05673690332981744
delta_optical_lumo,1,0.04060112684965134,0.8536117856009252,0.05920155509899451
delta_optical_lumo,2,0.037731610238552094,0.8584053423871237,0.058300690115724835
delta_optical_lumo,3,0.04079160466790199,0.8511226811930054,0.05821657577405089
delta_optical_lumo,4,0.04482148960232735,0.8096361245130459,0.06764356636328021
