target,split,MAE,R2,RMSE
homo,0,0.035922858864068985,0.9866630900728997,0.055730401629656645
homo,1,0.03686866536736488,0.9849041842145172,0.06390072980020542
homo,2,0.037840478122234344,0.9866791537480758,0.05647028185962678
homo,3,0.039188917726278305,0.986844672474966,0.05853606603295364
homo,4,0.03843063488602638,0.9810570156787736,0.06848193149768056
