target,split,MAE,R2,RMSE
gap,0,0.04546118527650833,0.976484488521769,0.06603872400127338
gap,1,0.04695123806595802,0.9635957005478722,0.08420407866767711
gap,2,0.044956907629966736,0.9757610721449489,0.06712884657665416
gap,3,0.042589444667100906,0.9737332336312984,0.0711478408772963
gap,4,0.04154868796467781,0.9811472358634057,0.0625306181117935
