target,split,MAE,R2,RMSE
gap_extrapolated,0,0.07236237823963165,0.9347542766957467,0.11089688568400047
gap_extrapolated,1,0.07577455043792725,0.9172334996421256,0.12497073441880861
gap_extrapolated,2,0.07404708117246628,0.9159547503736112,0.12124157542648101
gap_extrapolated,3,0.07440757751464844,0.9283996138084001,0.11731230527168619
gap_extrapolated,4,0.06838084757328033,0.9370581179652138,0.10746163586050209
