target,split,MAE,R2,RMSE
optical_lumo,0,0.040875013917684555,0.9868531034214176,0.06167089864722952
optical_lumo,1,0.04119764640927315,0.9883593425998923,0.06051458374440558
optical_lumo,2,0.04079276695847511,0.9874091641789015,0.06091557423128586
optical_lumo,3,0.03997261822223663,0.9893598742336013,0.05781734380212522
optical_lumo,4,0.03954001143574715,0.9867581554154257,0.06377102337503784
