target,split,MAE,R2,RMSE
optical_lumo_extrapolated,0,0.0689588263630867,0.9600162519110277,0.10105759949353742
optical_lumo_extrapolated,1,0.06480106711387634,0.9643376843501213,0.09802231367012258
optical_lumo_extrapolated,2,0.06583017855882645,0.9601921667570693,0.10046403868650165
optical_lumo_extrapolated,3,0.06266190111637115,0.968774765633564,0.09279026079733001
optical_lumo_extrapolated,4,0.06418271362781525,0.9635744738434788,0.09811229081369106
