acc,f1_macro,logloss,roc_auc,target,split
0.9893179950698439,0.9851776567652692,0.046667524141231896,0.9999066468039676,Class,0
0.9827444535743632,0.9790971744645866,0.0884850417742314,0.998978416485583,Class,1
0.9819227608874281,0.97319173830521,0.07974774063311744,0.9993616531135967,Class,2
0.9852095316351684,0.9773325010518479,0.06828918772294962,0.9993299517709537,Class,3
0.9843878389482333,0.9731501533842879,0.06863914286175257,0.9986227767329883,Class,4
