target,split,acc,f1_macro,logloss,roc_auc
Class,0,0.9884963023829088,0.9809535822486566,0.0344943709432726,0.999922826903567
Class,1,0.9786359901396876,0.96544964798297,0.1059036090128962,0.999047622855467
Class,2,0.9868529170090388,0.98470728439009,0.0601888292125984,0.999735241820908
Class,3,0.990961380443714,0.9881584183493866,0.05300306852184,0.9994388378340266
Class,4,0.990961380443714,0.9819299247312157,0.0512530019754231,0.999245776033162
