target,split,MAE,R2,RMSE
TC,0,0.0207370370626449,0.7346065226685079,0.036822635467684
TC,1,0.0194426123052835,0.715875191636361,0.0331989331263993
TC,2,0.0189688447862863,0.8107274332024179,0.0314767238600262
TC,3,0.0177272949367761,0.7811653418196843,0.0294562544428132
TC,4,0.0173883363604545,0.8011343920992927,0.0267350782014737
