target,split,MAE,R2,RMSE
TC,0,0.0231383386999368,0.7138454598956583,0.0382357898534364
TC,1,0.0191170461475849,0.7431745700515271,0.0315637484624598
TC,2,0.0192576367408037,0.7868322695307336,0.0334046119704521
TC,3,0.0169873088598251,0.8126057667996334,0.0272582251449061
TC,4,0.0181256588548421,0.7525391943723412,0.0298232407665598
