target,split,MAE,R2,RMSE
TC,0,0.0181207247078418,0.7798983654292951,0.0335336929445266
TC,1,0.0179639775305986,0.7596988869890389,0.0305314518863651
TC,2,0.0192736573517322,0.7855786745271556,0.0335026894406586
TC,3,0.0167407505214214,0.7759139754772785,0.0298075894393544
TC,4,0.0195639971643686,0.7263588422172331,0.0313611753819591
