target,split,MAE,R2,RMSE
TC,0,0.02073703706264496,0.7346065226685079,0.03682263546768401
TC,1,0.019442612305283546,0.715875191636361,0.03319893312639936
TC,2,0.018968844786286354,0.8107274332024179,0.031476723860026215
TC,3,0.01772729493677616,0.7811653418196843,0.029456254442813284
TC,4,0.01738833636045456,0.8011343920992927,0.02673507820147375
