mae,rmse,r2,target,split
0.018454503268003464,0.033960194521771875,0.7742639986393874,TC,0
0.017877807840704918,0.02846013894257952,0.7911978756963498,TC,1
0.019960930570960045,0.03256596487813915,0.7974013712984652,TC,2
0.016649901866912842,0.02867556220507367,0.7926113676080282,TC,3
0.01831035315990448,0.03707265762803957,0.6176120592237173,TC,4
