target,split,MAE,R2,RMSE
TC,0,0.018120724707841873,0.7798983654292951,0.03353369294452662
TC,1,0.01796397753059864,0.7596988869890389,0.030531451886365156
TC,2,0.019273657351732254,0.7855786745271556,0.033502689440658616
TC,3,0.016740750521421432,0.7759139754772785,0.02980758943935443
TC,4,0.01956399716436863,0.7263588422172331,0.03136117538195911
