mae,rmse,r2,target,split
0.026735983788967133,0.04119334574230682,0.6678650171525202,TC,0
0.017813965678215027,0.028088069551000253,0.7966216795133971,TC,1
0.0196091178804636,0.03303175063823005,0.7915644415608385,TC,2
0.020978108048439026,0.04089848075917241,0.5781331383167738,TC,3
0.020051293075084686,0.03182710176849385,0.7181675875787816,TC,4
