target,split,MAE,R2,RMSE
TC,0,0.0214280858635902,0.7275467417510102,0.0373091839781699
TC,1,0.0176879726350307,0.7559415960637326,0.0307692166681978
TC,2,0.0174306258559227,0.8217876980471354,0.0305432002273093
TC,3,0.0156115535646677,0.8405275218455867,0.0251456198034452
TC,4,0.016407910734415,0.818546994946763,0.0255378127229158
