target,split,MAE,R2,RMSE
TC,0,0.023138338699936867,0.7138454598956583,0.0382357898534364
TC,1,0.019117046147584915,0.7431745700515271,0.03156374846245988
TC,2,0.01925763674080372,0.7868322695307336,0.03340461197045219
TC,3,0.016987308859825134,0.8126057667996334,0.027258225144906174
TC,4,0.018125658854842186,0.7525391943723412,0.029823240766559896
