mae,rmse,r2,target,split
0.022571248933672905,0.03589838733347894,0.747762077703095,TC,0
0.018267681822180748,0.030425804428170607,0.7613590159653494,TC,1
0.01837128959596157,0.03321117240490212,0.789293940809278,TC,2
0.016865333542227745,0.027648636309053648,0.8071993474027397,TC,3
0.015716684982180595,0.02318421484718611,0.8504516838990552,TC,4
