mae,rmse,r2
0.01847929321229458,0.03288338786578204,0.7883522655016828
0.01853213459253311,0.030934628381357604,0.7533104900132515
0.01960895024240017,0.03261961706615388,0.7967332572139458
0.01675281673669815,0.028038443218406338,0.8017245822515651
0.018299324437975883,0.026274805133406735,0.8079228186938974
