test/mae,test/rmse,test/r2,split,target
5.882539788615304e-09,7.920696099006364e-09,1.0,0,Poly Diffusivity
5.054644258706276e-09,6.863262846934504e-09,1.0,1,Poly Diffusivity
6.05371663908727e-09,7.866094442476879e-09,1.0,2,Poly Diffusivity
5.104543898681868e-09,6.881338165953821e-09,1.0,3,Poly Diffusivity
5.483439480258312e-09,7.960681891461263e-09,1.0,4,Poly Diffusivity
