test/mae,test/rmse,test/r2,split,target
6.026135590531112e-09,8.202149182068297e-09,1.0,0,TFSI Diffusivity
6.441814193181017e-09,8.881799296034387e-09,1.0,1,TFSI Diffusivity
6.566120092088568e-09,8.712490284779051e-09,1.0,2,TFSI Diffusivity
7.458734962995095e-09,9.604097073179219e-09,1.0,3,TFSI Diffusivity
6.582766776119797e-09,9.165494141427644e-09,1.0,4,TFSI Diffusivity
