test/mae,test/rmse,test/r2,split,target
1.5115578207769431e-05,2.1077070414321497e-05,0.6265249848365784,0,Conductivity
1.560274358780589e-05,2.1389767425716855e-05,0.6147069931030273,1,Conductivity
1.7059874153346755e-05,2.2770702344132587e-05,0.6307002305984497,2,Conductivity
1.5502555470447987e-05,2.0446415874175727e-05,0.6586031913757324,3,Conductivity
1.6599095033598132e-05,2.3886321287136525e-05,0.5408239364624023,4,Conductivity
