test/mae,test/rmse,test/r2,split,target
0.16276022791862488,0.21191169321537018,0.37688595056533813,0,Transference Number
0.1665862798690796,0.22112531960010529,0.4215999245643616,1,Transference Number
0.15781381726264954,0.2091197967529297,0.45228311419487,2,Transference Number
0.16344676911830902,0.22103147208690643,0.46891140937805176,3,Transference Number
0.15497952699661255,0.20874947309494019,0.40434730052948,4,Transference Number
