test/mae,test/rmse,test/r2,split,target
2.9879998475479397e-09,4.221701210838091e-09,1.0,0,Poly Diffusivity
3.498719092220881e-09,5.139943581866646e-09,1.0,1,Poly Diffusivity
3.3518738895566003e-09,4.564377764637584e-09,1.0,2,Poly Diffusivity
3.1129243627248115e-09,4.3870214128105545e-09,1.0,3,Poly Diffusivity
3.0440534537490294e-09,4.414328902413445e-09,1.0,4,Poly Diffusivity
