test/mae,test/rmse,test/r2,split,target
6.141739561371651e-09,8.126844086575602e-09,1.0,0,Li Diffusivity
6.2473355377790085e-09,7.975236471224889e-09,1.0,1,Li Diffusivity
5.738483022099672e-09,7.697589232691371e-09,1.0,2,Li Diffusivity
5.479837916766428e-09,6.844460109789452e-09,1.0,3,Li Diffusivity
6.195802093600378e-09,7.84737341774644e-09,1.0,4,Li Diffusivity
