test/mae,test/rmse,test/r2,split,target
0.1611828655004501,0.211317703127861,0.3803742527961731,0,Transference Number
0.1654844433069229,0.2202035784721374,0.4264118671417236,1,Transference Number
0.1586926579475402,0.2154123485088348,0.4188248515129089,2,Transference Number
0.1666075885295868,0.2218000143766403,0.4652116298675537,3,Transference Number
0.1552279740571975,0.2131227850914001,0.3791279196739197,4,Transference Number
