target,split,test/mae,test/r2,test/rmse
Conductivity,0,1.4865317098156083e-05,1.0,2.0648762074415572e-05
Conductivity,1,1.7143061995739117e-05,1.0,2.291878809046466e-05
Conductivity,2,1.702160807326436e-05,1.0,2.2371190425474197e-05
Conductivity,3,1.648295801714994e-05,1.0,2.2384732801583596e-05
Conductivity,4,1.642463030293584e-05,1.0,2.3116939701139927e-05
