test/mae,test/rmse,test/r2,split,target
1.128445781262144e-08,1.409801786422804e-08,1.0,0,TFSI Diffusivity
9.891858887556282e-09,1.2496393253513816e-08,1.0,1,TFSI Diffusivity
1.1824354828604555e-08,1.527244464227806e-08,1.0,2,TFSI Diffusivity
1.0582883014365052e-08,1.3874744020370144e-08,1.0,3,TFSI Diffusivity
9.146207347043855e-09,1.224785162179387e-08,1.0,4,TFSI Diffusivity
