test/mae,test/rmse,test/r2,split,target
1.5013607480796054e-05,2.0256706193322316e-05,0.6550320982933044,0,Conductivity
1.6107283954625018e-05,2.189457882195711e-05,0.5963060855865479,1,Conductivity
1.689844975771848e-05,2.1700583602068946e-05,0.6645953059196472,2,Conductivity
1.5215301573334727e-05,2.0050452803843655e-05,0.6716980338096619,3,Conductivity
1.660940506553743e-05,2.3716240320936777e-05,0.547339677810669,4,Conductivity
