test/mae,test/rmse,test/r2,split,target
6.332151247789852e-09,8.380883542713491e-09,1.0,0,TFSI Diffusivity
6.422044673826122e-09,8.909923465694192e-09,1.0,1,TFSI Diffusivity
6.742237879109325e-09,8.754536651167655e-09,1.0,2,TFSI Diffusivity
6.9355614584765135e-09,9.172265613699437e-09,1.0,3,TFSI Diffusivity
6.559146559226292e-09,9.157698599437936e-09,1.0,4,TFSI Diffusivity
