target,split,test/mae,test/r2,test/rmse
Li Diffusivity,0,6.463292567815415e-09,1.0,8.377667448655757e-09
Li Diffusivity,1,6.313521261347432e-09,1.0,7.988402828118524e-09
Li Diffusivity,2,6.479556002858544e-09,1.0,8.371165094445132e-09
Li Diffusivity,3,6.3179101950083805e-09,1.0,8.171926246802741e-09
Li Diffusivity,4,6.502425708987403e-09,1.0,8.466548351293568e-09
