test/mae,test/rmse,test/r2,split,target
0.1828808188438415,0.2330863624811172,0.2461387515068054,0,Transference Number
0.1786776185035705,0.2339818030595779,0.352387011051178,1,Transference Number
0.169071689248085,0.2230426222085952,0.376923143863678,2,Transference Number
0.1970433890819549,0.2600253820419311,0.2649950385093689,3,Transference Number
0.1661724895238876,0.2281980961561203,0.288186252117157,4,Transference Number
