test/mae,test/rmse,test/r2,split,target
7.072658014806166e-09,9.753482466123842e-09,1.0,0,TFSI Diffusivity
7.846471028472024e-09,1.069342392412409e-08,1.0,1,TFSI Diffusivity
7.733454765457282e-09,1.108204550348546e-08,1.0,2,TFSI Diffusivity
8.885571389782854e-09,1.1334921445893542e-08,1.0,3,TFSI Diffusivity
7.928900203069134e-09,1.1526720022914105e-08,1.0,4,TFSI Diffusivity
