test/mae,test/rmse,test/r2,split,target
5.398493652108982e-09,7.549947333984619e-09,1.0,0,Poly Diffusivity
5.235752276178118e-09,7.471490981458828e-09,1.0,1,Poly Diffusivity
7.064846929694113e-09,9.129853317801917e-09,1.0,2,Poly Diffusivity
5.700652394580175e-09,8.106143312147651e-09,1.0,3,Poly Diffusivity
7.88999443557259e-09,1.0294513685948914e-08,1.0,4,Poly Diffusivity
