test/mae,test/rmse,test/r2,split,target
4.135527476023526e-09,5.3598614435657055e-09,1.0,0,Li Diffusivity
4.492500149666512e-09,5.761835897288847e-09,1.0,1,Li Diffusivity
4.131174513588576e-09,5.280547110686484e-09,1.0,2,Li Diffusivity
4.295430677814238e-09,5.631652033599721e-09,1.0,3,Li Diffusivity
4.347525894843329e-09,5.867662800085327e-09,1.0,4,Li Diffusivity
