test/mae,test/rmse,test/r2,split,target
1.4672746146970894e-05,2.049876275123097e-05,1.0,0,Conductivity
1.7305084838881157e-05,2.3355432858807035e-05,1.0,1,Conductivity
1.639251786400564e-05,2.1801211914862506e-05,1.0,2,Conductivity
1.7706955986795947e-05,2.3240441805683076e-05,1.0,3,Conductivity
1.6503989172633737e-05,2.3089585738489404e-05,1.0,4,Conductivity
