target,split,test/mae,test/r2,test/rmse
TFSI Diffusivity,0,1.1814281108968316e-08,1.0,1.5018091659158017e-08
TFSI Diffusivity,1,1.1417986556239157e-08,1.0,1.4818742677391583e-08
TFSI Diffusivity,2,1.1995214599380688e-08,1.0,1.5852098300683792e-08
TFSI Diffusivity,3,1.1341843908496685e-08,1.0,1.4347061316755116e-08
TFSI Diffusivity,4,1.2001614813073047e-08,1.0,1.5686188348240648e-08
