test/mae,test/rmse,test/r2,split,target
2.9368043552580048e-09,4.2140446687710664e-09,1.0,0,Poly Diffusivity
3.437931272998185e-09,5.066528974140283e-09,1.0,1,Poly Diffusivity
3.5671745557408485e-09,4.765807748441375e-09,1.0,2,Poly Diffusivity
3.013417071429103e-09,4.205294334980181e-09,1.0,3,Poly Diffusivity
3.0382056870337237e-09,4.385906304804621e-09,1.0,4,Poly Diffusivity
