test/mae,test/rmse,test/r2,split,target
5.991720453124571e-09,8.217108771191306e-09,0.6995153427124023,0,TFSI Diffusivity
6.239221139736628e-09,8.647327298660912e-09,0.659454882144928,1,TFSI Diffusivity
6.588008805152867e-09,8.750086877284957e-09,0.6952531337738037,2,TFSI Diffusivity
6.21516393906063e-09,8.432166076488556e-09,0.6543853878974915,3,TFSI Diffusivity
6.4333560700902134e-09,9.10051856095606e-09,0.6634036898612976,4,TFSI Diffusivity
