target,split,test/mae,test/r2,test/rmse
Conductivity,0,2.4052622393355705e-05,1.0,3.450117219472304e-05
Conductivity,1,2.539716115279589e-05,1.0,3.446151822572574e-05
Conductivity,2,2.5578794520697556e-05,1.0,3.747191294678487e-05
Conductivity,3,2.4288105123559944e-05,1.0,3.500314778648317e-05
Conductivity,4,2.4034601665334776e-05,1.0,3.52664319507312e-05
