test/mae,test/rmse,test/r2,split,target
1.5095451999513898e-05,2.027671507676132e-05,0.6543502807617188,0,Conductivity
1.6442741980426945e-05,2.2523461666423827e-05,0.5727822780609131,1,Conductivity
1.6107929695863277e-05,2.145775761164259e-05,0.6720595955848694,2,Conductivity
1.608887396287173e-05,2.1624891815008596e-05,0.618114709854126,3,Conductivity
1.647969475015998e-05,2.323577064089477e-05,0.5654948949813843,4,Conductivity
