target,split,test/mae,test/r2,test/rmse
bandgap_chain,0,0.840731143951416,0.3910489082336426,1.136495590209961
bandgap_chain,1,0.798913836479187,0.4474008083343506,1.0503497123718262
bandgap_chain,2,0.7841997742652893,0.5118694305419922,1.0165852308273315
bandgap_chain,3,0.6306409239768982,0.645858645439148,0.8483461737632751
bandgap_chain,4,0.7803959250450134,0.4966772198677063,1.0221750736236572
