target,split,test/mae,test/r2,test/rmse
bandgap_chain,0,0.840731143951416,0.3910489082336426,1.136495590209961
bandgap_chain,1,0.7280954122543335,0.5861194729804993,0.909005045890808
bandgap_chain,2,0.7253597378730774,0.5731514692306519,0.9506325721740724
bandgap_chain,3,0.6775635480880737,0.6005020141601562,0.9010359048843384
bandgap_chain,4,0.7306787371635437,0.5045886039733887,1.01410973072052
