test/mae,test/rmse,test/r2,split,target
0.568647027015686,0.7890213131904602,0.7064880132675171,0,bandgap_chain
0.5675703287124634,0.7196829319000244,0.7405669093132019,1,bandgap_chain
0.5834001302719116,0.7323525547981262,0.7466689944267273,2,bandgap_chain
0.5458773970603943,0.7252545952796936,0.7411727905273438,3,bandgap_chain
0.5816631317138672,0.8407272100448608,0.6595081090927124,4,bandgap_chain
