target,split,test/mae,test/r2,test/rmse
bandgap_chain,0,0.3963741660118103,0.853385329246521,0.557654619216919
bandgap_chain,1,0.3553815186023712,0.884519100189209,0.480157732963562
bandgap_chain,2,0.396401047706604,0.8611593246459961,0.5421682596206665
bandgap_chain,3,0.4106470048427582,0.8394242525100708,0.5712481141090393
bandgap_chain,4,0.3890590965747833,0.8567068576812744,0.5453994274139404
