target,split,test/mae,test/r2,test/rmse
TC,0,0.0245046373456716,0.6300725936889648,0.0434739105403423
TC,1,0.0242112223058938,0.5760114192962646,0.0405553169548511
TC,2,0.0282590687274932,0.5384079217910767,0.0491558127105236
TC,3,0.0298151019960641,0.3922237157821655,0.0490897744894027
TC,4,0.0262819454073905,0.6316330432891846,0.0363866128027439
