target,split,test/mae,test/r2,test/rmse
TC,0,0.024504637345671654,0.6300725936889648,0.04347391054034233
TC,1,0.024211222305893898,0.5760114192962646,0.04055531695485115
TC,2,0.028259068727493286,0.5384079217910767,0.049155812710523605
TC,3,0.029815101996064186,0.3922237157821655,0.04908977448940277
TC,4,0.026281945407390594,0.6316330432891846,0.03638661280274391
