target,split,test/mae,test/r2,test/rmse
TC,0,0.0257261730730533,0.6935884952545166,0.0395660735666751
TC,1,0.0237168446183204,0.5973391532897949,0.0395221337676048
TC,2,0.0251854229718446,0.624760627746582,0.0443200133740901
TC,3,0.0213902369141578,0.7587029933929443,0.0309310797601938
TC,4,0.0293472968041896,-0.2985135316848755,0.0683163329958915
