target,split,test/mae,test/r2,test/rmse
TC,0,0.0226062182337045,0.7195942401885986,0.0378498323261737
TC,1,0.0208186395466327,0.7171546816825867,0.0331241823732852
TC,2,0.0252578966319561,0.6595948934555054,0.0422127582132816
TC,3,0.0205955933779478,0.4877672791481018,0.0450663939118385
TC,4,0.0244029015302658,0.4917435050010681,0.042740810662508
