target,split,test/mae,test/r2,test/rmse
TC,0,0.0245046373456716,0.6300725936889648,0.0434739105403423
TC,1,0.0250276196748018,0.5545927286148071,0.0415670610964298
TC,2,0.0295180566608905,0.5467860698699951,0.0487076677381992
TC,3,0.0393831208348274,0.2223173379898071,0.0555290654301643
TC,4,0.0253832042217254,0.6422623991966248,0.0358577966690063
