target,split,test/mae,test/r2,test/rmse
TC,0,0.04206185042858124,0.18245774507522583,0.0646287202835083
TC,1,0.04028734937310219,0.1000906229019165,0.05908402428030968
TC,2,0.04021579027175903,0.1958819031715393,0.06487922370433807
TC,3,0.03778764232993126,0.29621654748916626,0.052824899554252625
TC,4,0.037379272282123566,0.25813180208206177,0.0516374409198761
