target,split,test/mae,test/r2,test/rmse
TC,0,0.0420618504285812,0.1824577450752258,0.0646287202835083
TC,1,0.0390840582549572,0.2931601405143738,0.0523638054728508
TC,2,0.0398728139698505,0.2179285883903503,0.0639836341142654
TC,3,0.0446225106716156,0.043133795261383,0.0615948997437953
TC,4,0.0397708527743816,0.2045950293540954,0.0534681864082813
