target,split,test/mae,test/r2,test/rmse
TC,0,0.0420618504285812,0.1824577450752258,0.0646287202835083
TC,1,0.0402873493731021,0.1000906229019165,0.0590840242803096
TC,2,0.040215790271759,0.1958819031715393,0.064879223704338
TC,3,0.0377876423299312,0.2962165474891662,0.0528248995542526
TC,4,0.0373792722821235,0.2581318020820617,0.0516374409198761
