test/mae,test/rmse,test/r2,split,target
6.465067592387186e-09,8.736014578403228e-09,0.6603661179542542,0,TFSI Diffusivity
7.108509780806571e-09,9.647015630775968e-09,0.5761650204658508,1,TFSI Diffusivity
6.886917258697167e-09,9.12637787564563e-09,0.6684787273406982,2,TFSI Diffusivity
7.387733091945847e-09,9.985757998265399e-09,0.5152966976165771,3,TFSI Diffusivity
7.1099925946782605e-09,1.0219607382566664e-08,0.5755314826965332,4,TFSI Diffusivity
