test/mae,test/rmse,test/r2,split,target
5.9886109404772014e-09,8.330068190787188e-09,0.6911971569061279,0,TFSI Diffusivity
6.303237487514934e-09,8.82779449540294e-09,0.6450923681259155,1,TFSI Diffusivity
6.517885342560703e-09,8.789710292944619e-09,0.6924868822097778,2,TFSI Diffusivity
6.235937100029787e-09,8.605796075755734e-09,0.6400054693222046,3,TFSI Diffusivity
6.9009584713342065e-09,9.734219652557385e-09,0.6148948073387146,4,TFSI Diffusivity
