test/mae,test/rmse,test/r2,split,target
3.192072384194944e-09,4.4104999652461174e-09,0.85377436876297,0,Poly Diffusivity
3.7756695547841446e-09,5.446739947956303e-09,0.7563904523849487,1,Poly Diffusivity
3.292818684386134e-09,4.621637739177231e-09,0.8527509570121765,2,Poly Diffusivity
3.6670355640922025e-09,5.049616280672353e-09,0.7897186279296875,3,Poly Diffusivity
3.4094602696654874e-09,5.44553335757314e-09,0.7571535706520081,4,Poly Diffusivity
