test/mae,test/rmse,test/r2,split,target
4.274878673271587e-09,5.573449257667562e-09,0.5568196773529053,0,Li Diffusivity
4.8155746057432225e-09,6.2893876773273405e-09,0.38012200593948364,1,Li Diffusivity
4.648245344185398e-09,5.905632427527507e-09,0.5019450187683105,2,Li Diffusivity
4.795287278369642e-09,6.33523900006594e-09,0.39880576729774475,3,Li Diffusivity
4.746667059407628e-09,6.466895463574929e-09,0.4160621166229248,4,Li Diffusivity
