test/mae,test/rmse,test/r2,split,target
3.022423866738677e-09,4.222442395729331e-09,0.8659781813621521,0,Poly Diffusivity
3.469026399471886e-09,4.972981582085367e-09,0.7969259023666382,1,Poly Diffusivity
3.305845153178666e-09,4.639068684753056e-09,0.85163813829422,2,Poly Diffusivity
3.5753160432250297e-09,4.903964789804149e-09,0.8016744256019592,3,Poly Diffusivity
3.3781804020804884e-09,5.042155581946872e-09,0.7917987108230591,4,Poly Diffusivity
