test/mae,test/rmse,test/r2,split,target
1.584051460667979e-05,2.1419746190076694e-05,0.6142821907997131,0,Conductivity
1.7645494153839536e-05,2.3815837266738527e-05,0.5223489999771118,1,Conductivity
1.766354762366973e-05,2.3614364181412384e-05,0.6028279066085815,2,Conductivity
1.688396150711924e-05,2.4709444915060885e-05,0.501401424407959,3,Conductivity
1.8090175217366777e-05,2.590063013485633e-05,0.46011486649513245,4,Conductivity
