test/mae,test/rmse,test/r2,split,target
0.6909223794937134,0.911217987537384,0.6085350513458252,0,bandgap_chain
0.5780746340751648,0.7601736783981323,0.7105532884597778,1,bandgap_chain
1.1818451881408691,1.3977919816970823,0.0771459341049194,2,bandgap_chain
0.6320992708206177,0.9366912245750428,0.5682604312896729,3,bandgap_chain
0.6003432869911194,0.8517027497291565,0.6505599617958069,4,bandgap_chain
