test/mae,test/rmse,test/r2,split,target
0.423505961894989,0.5997167825698853,0.8304332494735718,0,bandgap_chain
0.3724337220191955,0.5110567808151245,0.8691778779029846,1,bandgap_chain
0.4069177806377411,0.5842846035957336,0.8387510776519775,2,bandgap_chain
0.4226295948028564,0.5821387767791748,0.8332438468933105,3,bandgap_chain
0.4226151704788208,0.6470076441764832,0.7983420491218567,4,bandgap_chain
