split,test/mae,test/r2,test/rmse
0,0.36989036202430725,0.8763723373413086,0.5120750665664673
1,0.31318849325180054,0.9091627597808838,0.4258537292480469
2,0.34751096367836,0.8813422322273254,0.5012151002883911
3,0.33690139651298523,0.8816958069801331,0.49032682180404663
4,0.38224637508392334,0.8231978416442871,0.6058226823806763
