target,split,test/mae,test/r2,test/rmse
bandgap_chain,0,0.5783289670944214,0.6897013783454895,0.8112705945968628
bandgap_chain,1,0.4900384247303009,0.7764843702316284,0.6680092811584473
bandgap_chain,2,0.4937111735343933,0.7838271260261536,0.6765137314796448
bandgap_chain,3,0.4935557544231415,0.7870196104049683,0.6578931212425232
bandgap_chain,4,0.558781623840332,0.6543928384780884,0.8470189571380615
