target,split,test/mae,test/r2,test/rmse
bandgap_chain,0,0.3506089448928833,0.8783102035522461,0.5080458521842957
bandgap_chain,1,0.3199596703052521,0.9093037247657776,0.4255232512950897
bandgap_chain,2,0.39056670665740967,0.8662287592887878,0.5321785807609558
bandgap_chain,3,0.32445600628852844,0.8911487460136414,0.47032952308654785
bandgap_chain,4,0.3697477877140045,0.8508579134941101,0.5564188957214355
