target,split,test/mae,test/r2,test/rmse
bandgap_chain,0,0.3633977472782135,0.8646495342254639,0.5358037352561951
bandgap_chain,1,0.33566543459892273,0.8950950503349304,0.45764267444610596
bandgap_chain,2,0.34434837102890015,0.8881599307060242,0.48660293221473694
bandgap_chain,3,0.3466273844242096,0.8756696581840515,0.5026597380638123
bandgap_chain,4,0.3566209077835083,0.8729262351989746,0.513605535030365
