target,split,test/mae,test/r2,test/rmse
bandgap_chain,0,0.3695501685142517,0.866237461566925,0.532651424407959
bandgap_chain,1,0.3143685460090637,0.9087464213371276,0.4268285632133484
bandgap_chain,2,0.3697952032089233,0.8800190687179565,0.5040018558502197
bandgap_chain,3,0.3401444554328918,0.8835982084274292,0.4863684773445129
bandgap_chain,4,0.3673804104328155,0.8484280109405518,0.5609332919120789
