target,split,test/mae,test/r2,test/rmse
bandgap_chain,0,0.3677096366882324,0.8597171902656555,0.5454798936843872
bandgap_chain,1,0.3184796273708343,0.8986829519271851,0.4497488141059875
bandgap_chain,2,0.3416395485401153,0.8870028853416443,0.489113301038742
bandgap_chain,3,0.3293929994106293,0.8901962041854858,0.4723820686340332
bandgap_chain,4,0.3530458211898803,0.861920952796936,0.5353845953941345
