target,split,test/mae,test/r2,test/rmse
bandgap_chain,0,0.3786271214485168,0.8706424236297607,0.5238075256347656
bandgap_chain,1,0.3345730900764465,0.8984243273735046,0.4503222703933716
bandgap_chain,2,0.347625583410263,0.8849296569824219,0.4935802221298218
bandgap_chain,3,0.3552346527576446,0.874527633190155,0.5049630999565125
bandgap_chain,4,0.3589825928211212,0.841089129447937,0.5743525624275208
