target,split,test/mae,test/r2,test/rmse
bandgap_chain,0,0.4622699320316314,0.8048603534698486,0.6433517932891846
bandgap_chain,1,0.4148613512516022,0.8390529155731201,0.5668525099754333
bandgap_chain,2,0.4062723815441131,0.8596819639205933,0.5450454950332642
bandgap_chain,3,0.3879341185092926,0.8572160005569458,0.5386731028556824
bandgap_chain,4,0.4308549761772156,0.8083654642105103,0.6307228803634644
