target,split,test/mae,test/r2,test/rmse,model
bandgap_chain,0,0.44506419169354383,0.8273022218678632,0.6052288362605127,Linear
bandgap_chain,0,0.4080871438256658,0.8283936039462365,0.6033134010858843,RF
bandgap_chain,0,0.43469085619651676,0.8073408363519206,0.639250493770994,XGB
