target,split,test/mae,test/r2,test/rmse
bandgap_chain,0,0.6906100511550903,0.6089564561843872,0.9107273817062378
bandgap_chain,1,0.5774893164634705,0.7115707397460938,0.7588365077972412
bandgap_chain,2,0.6253387928009033,0.3593924641609192,1.1645872592926023
bandgap_chain,3,0.6197093725204468,0.6114391088485718,0.888617992401123
bandgap_chain,4,0.5896645784378052,0.6573700904846191,0.8433626294136047
