target,split,test/mae,test/r2,test/rmse,model
bandgap_chain,0,0.445064081432167,0.8273023465172903,0.605228617840096,Linear
bandgap_chain,0,0.4069239331719127,0.8289389648971015,0.6023539805716067,RF
bandgap_chain,0,0.4274529505390232,0.8134649269888806,0.6290084613607451,XGB
