target,split,test/mae,test/r2,test/rmse
bandgap_chain,0,0.5652914643287659,0.7323163747787476,0.7535060048103333
bandgap_chain,1,0.4678192734718323,0.7875038385391235,0.6513344645500183
bandgap_chain,2,0.5026546716690063,0.7802690267562866,0.6820585131645203
bandgap_chain,3,0.4813098311424255,0.7883713841438293,0.6558020710945129
bandgap_chain,4,0.5768738985061646,0.6351152062416077,0.8703212738037109
