split,test/multiclass-accuracy,test/multiclass-f1,test/multiclass-roc
0,0.9739957451820374,0.9773646593093872,0.9998624920845032
1,0.9599753022193909,0.9668937921524048,0.9993162155151367
2,0.9575859904289246,0.96236252784729,0.999437153339386
3,0.9674604535102844,0.9668335318565369,0.9996376037597656
4,0.9761045575141907,0.9781310558319092,0.9991247057914734
