split,test/multiclass-accuracy,test/multiclass-f1,test/multiclass-roc
0,0.972179114818573,0.9710611701011658,0.9997608065605164
1,0.9769827127456665,0.9741551876068115,0.9994369745254517
2,0.9663022756576538,0.9696944355964661,0.9992721676826477
3,0.9546074867248535,0.9578717947006226,0.9994884729385376
4,0.957727313041687,0.9650275707244873,0.9992052912712097
