target,split,test/accuracy,test/f1,test/roc_auc,model
Class,0,0.962171052631579,0.9456997609725396,0.9975214141582714,LogReg
Class,0,0.9654605263157896,0.957242350222444,0.9990564101696952,RF
Class,0,0.9769736842105264,0.9694104624552576,0.9993883658730592,XGB
