target,split,test/accuracy,test/f1,test/roc_auc,model
Class,0,0.9235197368421053,0.8812907851090751,0.9905231002156822,LogReg
Class,0,0.9292763157894737,0.9053282315836142,0.9972962036770593,RF
Class,0,0.9490131578947368,0.932560135222943,0.9982122563796946,XGB
Class,1,0.8922697368421053,0.866248507005736,0.9818346692980354,LogReg
Class,1,0.9037828947368421,0.8760134890367951,0.9952416204511483,RF
Class,1,0.9235197368421053,0.9076101766134768,0.9969346138293311,XGB
Class,2,0.9111842105263158,0.8963693291233547,0.9938311905459025,LogReg
Class,2,0.9185855263157895,0.8954581445075013,0.996462238426712,RF
Class,2,0.9432565789473685,0.910936831216455,0.9971612529230104,XGB
