split,test/multiclass-accuracy,test/multiclass-f1,test/multiclass-roc
0,0.9697637557983398,0.9693253040313721,0.9992778897285461
1,0.9790607690811157,0.9803828597068787,0.9993624687194824
2,0.9604310989379883,0.9626497030258179,0.9978620409965515
3,0.9479940533638,0.9489336609840393,0.998916745185852
4,0.9642253518104553,0.9666212797164917,0.9991394281387329
