split,test/multiclass-accuracy,test/multiclass-f1,test/multiclass-roc
0,0.9386783242225647,0.9454994201660156,0.9975723624229431
1,0.9416406154632568,0.9410885572433472,0.9980257153511047
2,0.9338316917419434,0.9404322504997253,0.9959496855735779
3,0.9372969269752502,0.940449595451355,0.9964805841445923
4,0.9535593390464783,0.9575425982475281,0.9967623949050903
