target,split,test/mae,test/r2,test/rmse
TC,0,0.020900584757328,0.7788711190223694,0.0336119122803211
TC,1,0.0208226479589939,0.7284746766090393,0.0324545688927173
TC,2,0.024780198931694,0.6308033466339111,0.0439617112278938
TC,3,0.0219399761408567,0.6569738984107971,0.0368793047964572
TC,4,0.0219576396048069,0.6581063270568848,0.0350547470152378
