target,split,test/mae,test/r2,test/rmse,model
TC,0,0.03769354242362143,0.31608435743438035,0.05911137079289081,Linear
TC,0,0.02392997304836019,0.6455645416201758,0.042553799572570356,RF
TC,0,0.02531797164527482,0.6141591208702915,0.044399070831988005,XGB
