target,split,test/mae,test/r2,test/rmse,model
TC,0,0.037693616081968,0.3160841076262437,0.0591113815884474,Linear
TC,0,0.024109880769848338,0.6414703407365723,0.04279887036845437,RF
TC,0,0.025286724092915044,0.6157953336892732,0.04430483054632598,XGB
