target,split,test/mae,test/r2,test/rmse
TC,0,0.020900584757328033,0.7788711190223694,0.03361191228032112
TC,1,0.021159039810299873,0.7044938802719116,0.033857423812150955
TC,2,0.02426600269973278,0.5938786268234253,0.04610771685838699
TC,3,0.02329912781715393,0.5655608773231506,0.04150339588522911
TC,4,0.02088831551373005,0.7002382278442383,0.0328238420188427
