target,split,test/mae,test/r2,test/rmse
TC,0,0.020900584757328,0.7788711190223694,0.0336119122803211
TC,1,0.0211590398102998,0.7044938802719116,0.0338574238121509
TC,2,0.0242660026997327,0.5938786268234253,0.0461077168583869
TC,3,0.0232991278171539,0.5655608773231506,0.0415033958852291
TC,4,0.02088831551373,0.7002382278442383,0.0328238420188427
