target,split,test/mae,test/r2,test/rmse
TC,0,0.0176272429525852,0.8548316955566406,0.0272336807101964
TC,1,0.0211336910724639,0.700959324836731,0.0340593084692955
TC,2,0.0220066681504249,0.6798156499862671,0.0409398041665554
TC,3,0.0179484114050865,0.7976127862930298,0.0283276587724685
TC,4,0.02862917073071,-1.2506959438323977,0.089941419661045
