target,split,test/mae,test/r2,test/rmse,model
TC,0,0.037693616081968,0.3160841076262437,0.0591113815884474,Linear
TC,0,0.0241098807698483,0.6414703407365723,0.0427988703684543,RF
TC,0,0.025286724092915,0.6157953336892732,0.0443048305463259,XGB
