target,split,test/mae,test/r2,test/rmse
TC,0,0.0197625197470188,0.7465112209320068,0.0359873473644256
TC,1,0.0192579310387372,0.7104246616363525,0.0335159450769424
TC,2,0.0207846462726593,0.7177448868751526,0.0384385176002979
TC,3,0.0165879875421524,0.8485010862350464,0.0245089065283536
TC,4,0.0233518183231353,0.6528130769729614,0.0353250652551651
