target,split,test/mae,test/r2,test/rmse
TC,0,0.019762519747018814,0.7465112209320068,0.03598734736442566
TC,1,0.01973295956850052,0.6984313726425171,0.03420296683907509
TC,2,0.019923677667975426,0.7826745510101318,0.03372880816459656
TC,3,0.016821932047605515,0.7989228367805481,0.02823583036661148
TC,4,0.021944738924503326,0.6597340106964111,0.0349712036550045
