target,split,test/mae,test/r2,test/rmse
TC,0,0.0197625197470188,0.7465112209320068,0.0359873473644256
TC,1,0.0197329595685005,0.6984313726425171,0.034202966839075
TC,2,0.0199236776679754,0.7826745510101318,0.0337288081645965
TC,3,0.0168219320476055,0.7989228367805481,0.0282358303666114
TC,4,0.0219447389245033,0.6597340106964111,0.0349712036550045
