test/mae,test/rmse,test/r2,split,target
0.11885510385036469,0.1604660451412201,0.8640329241752625,0,IP vs SHE (eV)
0.12859727442264557,0.17614907026290894,0.8811869621276855,1,IP vs SHE (eV)
0.11296120285987854,0.15507900714874268,0.8961257338523865,2,IP vs SHE (eV)
0.11763012409210205,0.15568821132183075,0.9016284942626953,3,IP vs SHE (eV)
0.1086549237370491,0.1490049809217453,0.9040003418922424,4,IP vs SHE (eV)
