test/mae,test/rmse,test/r2,split,target
0.060560066252946854,0.09087898582220078,0.9759050011634827,0,EA vs SHE (eV)
0.08568806946277618,0.12071716040372849,0.9588010311126709,1,EA vs SHE (eV)
0.06145291030406952,0.09473513066768646,0.9770757555961609,2,EA vs SHE (eV)
0.06473884731531143,0.09428727626800537,0.9740472435951233,3,EA vs SHE (eV)
0.060007624328136444,0.09502441436052322,0.9747927188873291,4,EA vs SHE (eV)
