test/mae,test/rmse,test/r2,split,target
0.03736678883433342,0.05778686702251434,0.9856158494949341,0,IP vs SHE (eV)
0.04080718010663986,0.06228368356823921,0.9840160608291626,1,IP vs SHE (eV)
0.03827100247144699,0.061224315315485,0.98373943567276,2,IP vs SHE (eV)
0.037657368928194046,0.060488104820251465,0.9846779108047485,3,IP vs SHE (eV)
0.03747757896780968,0.059149596840143204,0.9842585325241089,4,IP vs SHE (eV)
