test/mae,test/rmse,test/r2,split,target
0.12624287605285645,0.1714899092912674,0.9148788452148438,0,EA vs SHE (eV)
0.1242586150765419,0.17310190200805664,0.917851984500885,1,EA vs SHE (eV)
0.11976346373558044,0.16368667781352997,0.9216711521148682,2,EA vs SHE (eV)
0.12189269065856934,0.16875191032886505,0.9216339588165283,3,EA vs SHE (eV)
0.1236957386136055,0.17188820242881775,0.9175863265991211,4,EA vs SHE (eV)
