test/mae,test/rmse,test/r2,split,target
0.0373667888343334,0.0577868670225143,0.985615849494934,0,IP vs SHE (eV)
0.0408071801066398,0.0622836835682392,0.9840160608291626,1,IP vs SHE (eV)
0.0382710024714469,0.061224315315485,0.98373943567276,2,IP vs SHE (eV)
0.037657368928194,0.0604881048202514,0.9846779108047484,3,IP vs SHE (eV)
0.0374775789678096,0.0591495968401432,0.9842585325241088,4,IP vs SHE (eV)
