target,split,test/mae,test/r2,test/rmse
Transference Number,0,0.15799365937709808,0.41484200954437256,0.2053561508655548
Transference Number,1,0.16342929005622864,0.4586796760559082,0.21392004191875458
Transference Number,2,0.15642622113227844,0.45222485065460205,0.2091308981180191
Transference Number,3,0.1669483482837677,0.47801440954208374,0.21912901103496552
Transference Number,4,0.1561296582221985,0.39660531282424927,0.21010169386863708
