target,split,test/mae,test/r2,test/rmse
Conductivity,0,1.5061383237480186e-05,1.0,2.0161340216873214e-05
Conductivity,1,1.5969015294103883e-05,1.0,2.1595298676402308e-05
Conductivity,2,1.5790155885042623e-05,1.0,2.1184534489293583e-05
Conductivity,3,1.6243790014414117e-05,1.0,2.2720900233252905e-05
Conductivity,4,1.6619524103589356e-05,1.0,2.34745311900042e-05
