test/mae,test/rmse,test/r2,split,target
1.5607949535478838e-05,2.0930416212650016e-05,0.6317042708396912,0,Conductivity
1.6443407730548643e-05,2.2408659788197838e-05,0.5771262645721436,1,Conductivity
1.6908434190554544e-05,2.232164297311101e-05,0.6451224088668823,2,Conductivity
1.6232519556069747e-05,2.2059424736653455e-05,0.6026132106781006,3,Conductivity
1.6655038052704185e-05,2.3028538635117002e-05,0.5732107758522034,4,Conductivity
