test/mae,test/rmse,test/r2,split,target
6.503037663918576e-09,8.99457663905423e-09,0.6399641633033752,0,TFSI Diffusivity
6.761124105025829e-09,9.447967741493812e-09,0.5934746265411377,1,TFSI Diffusivity
6.67330057879667e-09,9.331060368822364e-09,0.6534415483474731,2,TFSI Diffusivity
7.356304898564758e-09,9.919361332322296e-09,0.5217210054397583,3,TFSI Diffusivity
7.059011153387473e-09,1.0051957488599328e-08,0.5893438458442688,4,TFSI Diffusivity
