target,split,test/mae,test/r2,test/rmse
Transference Number,0,0.17668774724006653,0.27229785919189453,0.2290065884590149
Transference Number,1,0.20731085538864136,0.09521031379699707,0.2765655815601349
Transference Number,2,0.17658762633800507,0.2932654023170471,0.23754462599754333
Transference Number,3,0.19379080832004547,0.23583900928497314,0.2651325464248657
Transference Number,4,0.18917956948280334,0.1117786169052124,0.25491154193878174
