test/mae,test/rmse,test/r2,split,target
6.435576072050253e-09,8.67890559419493e-09,0.6647921204566956,0,TFSI Diffusivity
7.220923414763547e-09,9.647255438949287e-09,0.5761439800262451,1,TFSI Diffusivity
6.743304137302175e-09,9.056813077279458e-09,0.6735134720802307,2,TFSI Diffusivity
7.181290673230478e-09,9.945906320751874e-09,0.5191578269004822,3,TFSI Diffusivity
7.323101680611899e-09,1.0452996690446525e-08,0.5559226274490356,4,TFSI Diffusivity
