target,split,test/mae,test/r2,test/rmse
Poly Diffusivity,0,3.319913677302111e-09,1.0,4.359507421725084e-09
Poly Diffusivity,1,3.380542068498471e-09,1.0,4.784520335476827e-09
Poly Diffusivity,2,3.2684148720818484e-09,1.0,4.42124470367844e-09
Poly Diffusivity,3,3.137618165283129e-09,1.0,4.311941026458044e-09
Poly Diffusivity,4,3.1579361348121893e-09,1.0,4.52671411466099e-09
