target,split,test/mae,test/r2,test/rmse
Conductivity,0,1.5968462321325205e-05,1.0,2.1621992345899343e-05
Conductivity,1,1.7414946341887116e-05,1.0,2.3355993107543327e-05
Conductivity,2,1.6531595974811353e-05,1.0,2.2106811229605228e-05
Conductivity,3,1.703087764326483e-05,1.0,2.350764953007456e-05
Conductivity,4,1.704138412605971e-05,1.0,2.3505375793320127e-05
