target,split,test/mae,test/r2,test/rmse
Li Diffusivity,0,4.08297307075145e-09,1.0,5.369508837560488e-09
Li Diffusivity,1,4.438027279007883e-09,1.0,5.662392776883962e-09
Li Diffusivity,2,4.272928233461926e-09,1.0,5.4047153419389815e-09
Li Diffusivity,3,4.310184653633087e-09,1.0,5.598315144794697e-09
Li Diffusivity,4,4.385537710760445e-09,1.0,5.861301666243435e-09
