target,split,test/mae,test/r2,test/rmse
Transference Number,0,0.16501520574092865,0.3361719250679016,0.2187252640724182
Transference Number,1,0.17720402777194977,0.3656182885169983,0.2315792441368103
Transference Number,2,0.1705789715051651,0.35007959604263306,0.2277965545654297
Transference Number,3,0.1703803688287735,0.4166187644004822,0.23165775835514069
Transference Number,4,0.16357313096523285,0.3253270387649536,0.22216491401195526
