target,split,test/mae,test/r2,test/rmse,model
Conductivity,0,1.670885414735444e-05,0.5716398045098094,2.257272801455912e-05,Linear
Conductivity,0,1.5498894151260503e-05,0.622404596165938,2.119301982030614e-05,RF
Conductivity,0,1.6346685264844983e-05,0.5693754853781352,2.2632309289654485e-05,XGB
