target,split,test/mae,test/r2,test/rmse
Poly Diffusivity,0,3.019174910079414e-09,1.0,4.209925741349707e-09
Poly Diffusivity,1,3.624517130873528e-09,1.0,5.197669405987426e-09
Poly Diffusivity,2,3.346107835255907e-09,1.0,4.602634717798537e-09
Poly Diffusivity,3,3.828517058934722e-09,1.0,5.204281894322094e-09
Poly Diffusivity,4,3.448181074006129e-09,1.0,5.28097388041715e-09
