target,split,test/mae,test/r2,test/rmse
Li Diffusivity,0,4.38173408667808e-09,1.0,5.766416677488451e-09
Li Diffusivity,1,4.5067771736739815e-09,1.0,5.979304162906374e-09
Li Diffusivity,2,4.336156766981958e-09,1.0,5.524781077070884e-09
Li Diffusivity,3,4.439129508426731e-09,1.0,5.847917261547764e-09
Li Diffusivity,4,4.873802694760343e-09,1.0,6.37119468294145e-09
