test/mae,test/rmse,test/r2,split,target
4.506819806238127e-09,5.930897550854297e-09,0.4981507360935211,0,Li Diffusivity
4.997844804677243e-09,6.576943878400243e-09,0.3221435546875,1,Li Diffusivity
4.655370755557442e-09,5.9243894234839445e-09,0.4987761974334717,2,Li Diffusivity
4.753155646852747e-09,6.2312115467477724e-09,0.4183875322341919,3,Li Diffusivity
4.618819549051523e-09,6.280316711126943e-09,0.4492708146572113,4,Li Diffusivity
