target,split,test/mae,test/r2,test/rmse
Li Diffusivity,0,4.2716017389921035e-09,1.0,5.841254591132383e-09
Li Diffusivity,1,4.566630629199153e-09,1.0,6.036639188522486e-09
Li Diffusivity,2,4.469127290462893e-09,1.0,5.712278206004839e-09
Li Diffusivity,3,4.783853757572842e-09,1.0,6.202355518070135e-09
Li Diffusivity,4,4.5882746491088255e-09,1.0,6.030187904570994e-09
