test/mae,test/rmse,test/r2,split,target
6.084257986316288e-09,8.548535213037667e-09,0.674787163734436,0,TFSI Diffusivity
6.756205817026739e-09,9.602428185928602e-09,0.5800737738609314,1,TFSI Diffusivity
6.600759494546082e-09,8.96726870536213e-09,0.679937481880188,2,TFSI Diffusivity
7.213377450909775e-09,9.603298600779908e-09,0.5517144203186035,3,TFSI Diffusivity
6.8491323723662845e-09,9.721488503089404e-09,0.615901529788971,4,TFSI Diffusivity
