target,split,test/mae,test/r2,test/rmse
Li Diffusivity,0,4.812716003499418e-09,1.0,6.410101338616414e-09
Li Diffusivity,1,4.8787414108630855e-09,1.0,6.4105889485688294e-09
Li Diffusivity,2,4.6857810964695545e-09,1.0,6.0316218686296e-09
Li Diffusivity,3,4.734049152688158e-09,1.0,6.075320246878846e-09
Li Diffusivity,4,4.77654493735713e-09,1.0,6.327788071303075e-09
