test/mae,test/rmse,test/r2,split,target
1.591566797287669e-05,2.1305078917066567e-05,0.6184009313583374,0,Conductivity
1.701373366813641e-05,2.338115154998377e-05,0.5396260023117065,1,Conductivity
1.639693982724566e-05,2.1882238797843456e-05,0.6589565277099609,2,Conductivity
1.6028565369197167e-05,2.1797999579575844e-05,0.6119762063026428,3,Conductivity
1.6691372366040014e-05,2.3264001356437802e-05,0.5644384026527405,4,Conductivity
