test/mae,test/rmse,test/r2,split,target
1.6061807400546968e-05,2.1053434466011822e-05,0.6273621916770935,0,Conductivity
1.7483895135228522e-05,2.3688609871896915e-05,0.5274386405944824,1,Conductivity
1.7107911844504997e-05,2.2814390831626952e-05,0.6292816996574402,2,Conductivity
1.6995565601973794e-05,2.4223272703238763e-05,0.5208288431167603,3,Conductivity
1.8218426703242585e-05,2.4627735911053605e-05,0.5118765234947205,4,Conductivity
