target,split,test/mae,test/r2,test/rmse
Li Diffusivity,0,4.0642675891433555e-09,1.0,5.354970689097627e-09
Li Diffusivity,1,4.438440281973044e-09,1.0,5.714095419051546e-09
Li Diffusivity,2,4.298752465103917e-09,1.0,5.444630968298725e-09
Li Diffusivity,3,4.292803446048765e-09,1.0,5.568902672337117e-09
Li Diffusivity,4,4.269026021574973e-09,1.0,5.662864399624823e-09
