target,split,test/mae,test/r2,test/rmse
Poly Diffusivity,0,2.8950495334356674e-09,1.0,4.184038449039917e-09
Poly Diffusivity,1,3.5693543676273976e-09,1.0,5.058409691116594e-09
Poly Diffusivity,2,3.341617649255113e-09,1.0,4.664430175438383e-09
Poly Diffusivity,3,3.4474512133897406e-09,1.0,4.7160777505439455e-09
Poly Diffusivity,4,3.2970519647790297e-09,1.0,5.457319485202561e-09
