target,split,test/mae,test/r2,test/rmse
Li Diffusivity,0,4.184972812737442e-09,1.0,5.416753268150387e-09
Li Diffusivity,1,4.622227489647912e-09,1.0,5.864685181933282e-09
Li Diffusivity,2,4.20579970850099e-09,1.0,5.378165024438886e-09
Li Diffusivity,3,4.397151087687234e-09,1.0,5.701137339997331e-09
Li Diffusivity,4,4.3653347603367365e-09,1.0,5.706674688354951e-09
