target,split,test/mae,test/r2,test/rmse
TFSI Diffusivity,0,6.2906018172270706e-09,1.0,8.405359963603587e-09
TFSI Diffusivity,1,6.339373914698854e-09,1.0,8.628542325084254e-09
TFSI Diffusivity,2,6.409268671347945e-09,1.0,8.513137750298938e-09
TFSI Diffusivity,3,6.615134662268929e-09,1.0,8.756051883551663e-09
TFSI Diffusivity,4,6.579698119679733e-09,1.0,9.077969487236714e-09
