target,split,test/mae,test/r2,test/rmse
Poly Diffusivity,0,2.9497002618228407e-09,1.0,4.040132228766424e-09
Poly Diffusivity,1,3.1968485636468813e-09,1.0,4.633495365169438e-09
Poly Diffusivity,2,3.2428697505082482e-09,1.0,4.3970764806999796e-09
Poly Diffusivity,3,2.996851433678671e-09,1.0,4.093958505535511e-09
Poly Diffusivity,4,2.877555083102834e-09,1.0,4.157188815412383e-09
