target,split,test/mae,test/r2,test/rmse
Poly Diffusivity,0,3.0363307423897368e-09,1.0,4.15962597699604e-09
Poly Diffusivity,1,3.4326030906584037e-09,1.0,5.018719217986245e-09
Poly Diffusivity,2,3.2613145517501607e-09,1.0,4.588264879146209e-09
Poly Diffusivity,3,2.983091329511467e-09,1.0,4.129585562395732e-09
Poly Diffusivity,4,3.0135527406827123e-09,1.0,4.287561417015695e-09
