target,split,test/mae,test/r2,test/rmse
Conductivity,0,1.4955937331251334e-05,1.0,2.0824161765631288e-05
Conductivity,1,1.6667396266711876e-05,1.0,2.2301275748759508e-05
Conductivity,2,1.632970270293299e-05,1.0,2.2195090423338115e-05
Conductivity,3,1.5705076293670572e-05,1.0,2.150311593140941e-05
Conductivity,4,1.710015203570947e-05,1.0,2.466341175022535e-05
