target,split,test/mae,test/r2,test/rmse
TFSI Diffusivity,0,6.123035856120396e-09,1.0,8.239534388110314e-09
TFSI Diffusivity,1,6.5194125653533774e-09,1.0,8.866531508999742e-09
TFSI Diffusivity,2,6.5832428397527565e-09,1.0,8.826862796240675e-09
TFSI Diffusivity,3,6.923638551370459e-09,1.0,9.277425938591932e-09
TFSI Diffusivity,4,6.655513917763756e-09,1.0,9.413012591608094e-09
