target,split,test/mae,test/r2,test/rmse
Conductivity,0,1.6744928871048614e-05,1.0,2.2480262487079017e-05
Conductivity,1,1.7338685211143456e-05,1.0,2.3170172426034696e-05
Conductivity,2,1.654113111726474e-05,1.0,2.2575512048206292e-05
Conductivity,3,1.664967385295313e-05,1.0,2.3220563889481127e-05
Conductivity,4,1.8073440514854155e-05,1.0,2.5773766537895426e-05
