test/mae,test/rmse,test/r2,split,target
2.916686892007192e-09,4.10657818861182e-09,0.8732324838638306,0,Poly Diffusivity
3.639844869951503e-09,5.116151058359719e-09,0.7850648164749146,1,Poly Diffusivity
3.511970936287412e-09,4.809949327722052e-09,0.8405070304870605,2,Poly Diffusivity
3.536906767465098e-09,5.03594144163344e-09,0.7908560037612915,3,Poly Diffusivity
3.2432903029899762e-09,4.594330249574341e-09,0.827139675617218,4,Poly Diffusivity
