target,split,test/mae,test/r2,test/rmse
Li Diffusivity,0,4.187346025474881e-09,1.0,5.510262024444046e-09
Li Diffusivity,1,4.5046473218235406e-09,1.0,6.016016129706259e-09
Li Diffusivity,2,4.47417125570837e-09,1.0,5.705114158871538e-09
Li Diffusivity,3,4.5908365997604506e-09,1.0,5.95177018780646e-09
Li Diffusivity,4,4.4321506464939375e-09,1.0,5.8980527128937865e-09
