target,split,test/mae,test/r2,test/rmse
TFSI Diffusivity,0,6.439996091955891e-09,1.0,8.599383427565499e-09
TFSI Diffusivity,1,7.227561660272386e-09,1.0,9.753816421209649e-09
TFSI Diffusivity,2,7.044205219131072e-09,1.0,9.403256839846108e-09
TFSI Diffusivity,3,7.511938626691972e-09,1.0,1.0755512924731647e-08
TFSI Diffusivity,4,7.265321233518307e-09,1.0,1.076664091215207e-08
