target,split,test/mae,test/r2,test/rmse
Transference Number,0,0.15529724955558777,0.42738842964172363,0.2031427025794983
Transference Number,1,0.16590312123298645,0.43801069259643555,0.21796578168869019
Transference Number,2,0.153252512216568,0.4561256766319275,0.2083849459886551
Transference Number,3,0.16431252658367157,0.4735785126686096,0.2200581282377243
Transference Number,4,0.1554846167564392,0.37717485427856445,0.21345773339271545
