target,split,test/mae,test/r2,test/rmse
Li Diffusivity,0,4.406924158928405e-09,1.0,5.718888029804248e-09
Li Diffusivity,1,4.3517607295484595e-09,1.0,5.628883581465516e-09
Li Diffusivity,2,4.1555079377531e-09,1.0,5.249080725633348e-09
Li Diffusivity,3,4.414356435944455e-09,1.0,5.653367551872179e-09
Li Diffusivity,4,4.462288316631202e-09,1.0,5.80489256662986e-09
