target,split,test/mae,test/r2,test/rmse
Li Diffusivity,0,4.251535568045028e-09,1.0,5.46460787731462e-09
Li Diffusivity,1,4.741141257369463e-09,1.0,6.229986748707006e-09
Li Diffusivity,2,4.580176238278e-09,1.0,5.900673727410322e-09
Li Diffusivity,3,4.775547068902597e-09,1.0,6.230667093376496e-09
Li Diffusivity,4,4.720738910890532e-09,1.0,6.205039593254469e-09
