target,split,test/mae,test/r2,test/rmse
Li Diffusivity,0,4.070379588938522e-09,1.0,5.4161124474205735e-09
Li Diffusivity,1,4.488986959927388e-09,1.0,5.7993703173053746e-09
Li Diffusivity,2,4.177236334612644e-09,1.0,5.307552175537467e-09
Li Diffusivity,3,4.483985183156847e-09,1.0,5.765213195729757e-09
Li Diffusivity,4,4.365229955283212e-09,1.0,5.81099346419478e-09
