target,split,test/mae,test/r2,test/rmse
TFSI Diffusivity,0,6.400455276889261e-09,1.0,8.557186959023966e-09
TFSI Diffusivity,1,6.376938976870861e-09,1.0,8.66267679811017e-09
TFSI Diffusivity,2,6.319819778610736e-09,1.0,8.495393721830169e-09
TFSI Diffusivity,3,6.506013949802991e-09,1.0,8.777958804273567e-09
TFSI Diffusivity,4,6.403210406347171e-09,1.0,8.981626109516583e-09
