target,split,test/mae,test/r2,test/rmse
TFSI Diffusivity,0,6.065006719069288e-09,1.0,8.585018917983689e-09
TFSI Diffusivity,1,7.1468377882411005e-09,1.0,9.509469656165948e-09
TFSI Diffusivity,2,6.879987246577457e-09,1.0,9.253254162899793e-09
TFSI Diffusivity,3,6.649634620714551e-09,1.0,8.985606037015259e-09
TFSI Diffusivity,4,6.609707003946141e-09,1.0,9.369038878048741e-09
