target,split,test/mae,test/r2,test/rmse
TFSI Diffusivity,0,6.520728401682163e-09,1.0,8.689172936726663e-09
TFSI Diffusivity,1,7.346972363819759e-09,1.0,9.749570928363482e-09
TFSI Diffusivity,2,7.011011771140829e-09,1.0,9.540420009557238e-09
TFSI Diffusivity,3,7.372004784400588e-09,1.0,9.89687176655707e-09
TFSI Diffusivity,4,7.461807172148838e-09,1.0,1.0613558920624655e-08
