target,split,test/mae,test/r2,test/rmse
Transference Number,0,0.17338883876800537,0.2769421339035034,0.2282746434211731
Transference Number,1,0.1921945959329605,0.24358373880386353,0.25287434458732605
Transference Number,2,0.17402949929237366,0.33962440490722656,0.2296214997768402
Transference Number,3,0.18264861404895782,0.2995402216911316,0.25384125113487244
Transference Number,4,0.1828306019306183,0.14962023496627808,0.2494223266839981
