target,split,test/mae,test/r2,test/rmse
Conductivity,0,1.4570567145710811e-05,1.0,1.9523462469805963e-05
Conductivity,1,1.538297874503769e-05,1.0,2.0565183149301447e-05
Conductivity,2,1.5532461475231685e-05,1.0,2.0506768123595975e-05
Conductivity,3,1.5072902897372842e-05,1.0,2.0259893062757328e-05
Conductivity,4,1.605111719982233e-05,1.0,2.2485546651296318e-05
