target,split,test/mae,test/r2,test/rmse
Poly Diffusivity,0,2.9065030382469104e-09,1.0,3.965027861596582e-09
Poly Diffusivity,1,3.1447877635315535e-09,1.0,4.445987134005236e-09
Poly Diffusivity,2,3.1256333077323006e-09,1.0,4.309025580795378e-09
Poly Diffusivity,3,2.9751405783429163e-09,1.0,4.1079992740833404e-09
Poly Diffusivity,4,3.0011741980473516e-09,1.0,4.334671288575009e-09
