target,split,test/mae,test/r2,test/rmse
Li Diffusivity,0,4.099985684291596e-09,1.0,5.347849718617681e-09
Li Diffusivity,1,4.48978010325618e-09,1.0,5.785762091647939e-09
Li Diffusivity,2,4.2553649493015655e-09,1.0,5.458345775366524e-09
Li Diffusivity,3,4.406886855434777e-09,1.0,5.686561888040842e-09
Li Diffusivity,4,4.41988046162578e-09,1.0,5.940120395564463e-09
