target,split,test/mae,test/r2,test/rmse
Poly Diffusivity,0,3.1136051514835117e-09,1.0,4.276526244240131e-09
Poly Diffusivity,1,3.400282277965516e-09,1.0,4.783556661891453e-09
Poly Diffusivity,2,3.3739508964458764e-09,1.0,4.58799487290662e-09
Poly Diffusivity,3,3.264971626393276e-09,1.0,4.484861371167881e-09
Poly Diffusivity,4,3.183225461000916e-09,1.0,4.414122400930864e-09
