target,split,test/mae,test/r2,test/rmse
Poly Diffusivity,0,3.0202544909485596e-09,1.0,4.177055146215025e-09
Poly Diffusivity,1,3.5154579247631546e-09,1.0,4.929031405254136e-09
Poly Diffusivity,2,3.717471663833294e-09,1.0,5.192747565274658e-09
Poly Diffusivity,3,3.121254810167784e-09,1.0,4.4126147180634234e-09
Poly Diffusivity,4,3.2756941603651057e-09,1.0,4.823136556808549e-09
