target,split,test/mae,test/r2,test/rmse
TFSI Diffusivity,0,6.114575956672752e-09,1.0,8.177390320440736e-09
TFSI Diffusivity,1,6.2650382659512616e-09,1.0,8.626637182373997e-09
TFSI Diffusivity,2,6.237276028997485e-09,1.0,8.533163509127917e-09
TFSI Diffusivity,3,6.510346484134288e-09,1.0,8.658375350023562e-09
TFSI Diffusivity,4,6.364335281006106e-09,1.0,8.986862809479135e-09
