target,split,test/mae,test/r2,test/rmse
Conductivity,0,1.6356458218069747e-05,1.0,2.248474811494816e-05
Conductivity,1,1.777508805389516e-05,1.0,2.3866909032221884e-05
Conductivity,2,1.7704272977425717e-05,1.0,2.3754928406560794e-05
Conductivity,3,1.741176311043091e-05,1.0,2.3717399017186835e-05
Conductivity,4,1.9251274352427572e-05,1.0,3.183352600899525e-05
