target,split,test/mae,test/r2,test/rmse
TFSI Diffusivity,0,6.207371949784601e-09,1.0,8.242162508054207e-09
TFSI Diffusivity,1,6.657329354453623e-09,1.0,9.00396557312888e-09
TFSI Diffusivity,2,6.550548548034385e-09,1.0,8.903247916691726e-09
TFSI Diffusivity,3,6.563777965595818e-09,1.0,8.787798044807005e-09
TFSI Diffusivity,4,6.476026381818656e-09,1.0,9.086139840519536e-09
