test/mae,test/rmse,test/r2,split,target
5.8775122546705916e-09,8.222396097323781e-09,0.6991285085678101,0,TFSI Diffusivity
6.531588159219837e-09,9.01791885610237e-09,0.629640519618988,1,TFSI Diffusivity
6.632344895507458e-09,9.098614306424224e-09,0.6704927682876587,2,TFSI Diffusivity
6.279514241924744e-09,8.507352156073011e-09,0.6481944918632507,3,TFSI Diffusivity
6.498666049736812e-09,9.252604904474993e-09,0.6520593762397766,4,TFSI Diffusivity
