test/mae,test/rmse,test/r2,split,target
1.603172677278053e-05,2.22210910578724e-05,0.5848817825317383,0,Conductivity
1.7748045138432644e-05,2.3997363314265385e-05,0.51503986120224,1,Conductivity
1.6607213183306158e-05,2.2648246158496477e-05,0.6346615552902222,2,Conductivity
1.5758059817017056e-05,2.143240453733597e-05,0.6248828768730164,3,Conductivity
1.795353637135122e-05,2.6063662517117336e-05,0.45329684019088745,4,Conductivity
