target,split,test/mae,test/r2,test/rmse
TFSI Diffusivity,0,6.494766502385119e-09,1.0,9.04975649973494e-09
TFSI Diffusivity,1,7.079937081044818e-09,1.0,9.963905256427097e-09
TFSI Diffusivity,2,7.052203709889682e-09,1.0,9.931913069749498e-09
TFSI Diffusivity,3,6.866604618238625e-09,1.0,9.065965755894467e-09
TFSI Diffusivity,4,7.366567800204393e-09,1.0,1.0413780060503086e-08
