target,split,test/mae,test/r2,test/rmse
Conductivity,0,1.4955937331251334e-05,1.0,2.0824161765631288e-05
Conductivity,1,1.6881944247870706e-05,1.0,2.2586951672565192e-05
Conductivity,2,1.6568767023272812e-05,1.0,2.2787282432545908e-05
Conductivity,3,1.5705076293670572e-05,1.0,2.150311593140941e-05
Conductivity,4,1.7294460121775046e-05,1.0,2.3782657081028447e-05
