target,split,test/mae,test/r2,test/rmse
Transference Number,0,0.16750562191009521,0.2918849587440491,0.22590354084968567
Transference Number,1,0.1795908659696579,0.2972034811973572,0.24374689161777496
Transference Number,2,0.17006747424602509,0.36912792921066284,0.2244335114955902
Transference Number,3,0.18321995437145233,0.3034989833831787,0.2531229257583618
Transference Number,4,0.16371877491474152,0.30945831537246704,0.2247624546289444
