test/mae,test/rmse,test/r2,split,target
1.7286440197494812e-05,2.4042039513005875e-05,0.5140589475631714,0,Conductivity
1.806856926123146e-05,2.5257975721615367e-05,0.4627503752708435,1,Conductivity
1.6188661902560852e-05,2.2152338715386577e-05,0.6504853367805481,2,Conductivity
1.7222393580595963e-05,2.3054362827679142e-05,0.5659583806991577,3,Conductivity
1.783847801561933e-05,2.5414345145691186e-05,0.48019734025001526,4,Conductivity
