target,split,test/mae,test/r2,test/rmse
TFSI Diffusivity,0,5.986909634714266e-09,1.0,8.120168537573136e-09
TFSI Diffusivity,1,6.381128514476586e-09,1.0,8.704282628002602e-09
TFSI Diffusivity,2,6.486426062934925e-09,1.0,8.647115912197023e-09
TFSI Diffusivity,3,6.606040603429619e-09,1.0,8.648791904874997e-09
TFSI Diffusivity,4,6.3321978771568865e-09,1.0,8.902804715660295e-09
