target,split,test/mae,test/r2,test/rmse
Li Diffusivity,0,4.38703384730843e-09,1.0,5.704726913080549e-09
Li Diffusivity,1,4.974739287177954e-09,1.0,6.403786834141556e-09
Li Diffusivity,2,4.694642008473693e-09,1.0,6.013191722331612e-09
Li Diffusivity,3,4.73315520110873e-09,1.0,6.135386865224746e-09
Li Diffusivity,4,4.988881308065629e-09,1.0,6.569717658777563e-09
