target,split,test/mae,test/r2,test/rmse
Conductivity,0,1.6219697499764152e-05,1.0,2.1341309548006393e-05
Conductivity,1,1.579073432367295e-05,1.0,2.1561731045949273e-05
Conductivity,2,1.5816725863260217e-05,1.0,2.1207044483162463e-05
Conductivity,3,1.612277264939621e-05,1.0,2.1201818526606075e-05
Conductivity,4,1.589985186001286e-05,1.0,2.3157803298090585e-05
