target,split,test/mae,test/r2,test/rmse
Conductivity,0,1.530739427835215e-05,1.0,2.031192161666695e-05
Conductivity,1,1.605510806257371e-05,1.0,2.1764564735349268e-05
Conductivity,2,1.5552986951661296e-05,1.0,2.0800578568014316e-05
Conductivity,3,1.622784293431323e-05,1.0,2.168704850191716e-05
Conductivity,4,1.6731171854189597e-05,1.0,2.299936932104174e-05
