target,split,test/mae,test/r2,test/rmse
Poly Diffusivity,0,3.08710190743966e-09,1.0,4.293227107154962e-09
Poly Diffusivity,1,3.831178041480143e-09,1.0,5.54825119181146e-09
Poly Diffusivity,2,3.6620739773951527e-09,1.0,5.115058154814278e-09
Poly Diffusivity,3,3.497599543322849e-09,1.0,4.829657118676778e-09
Poly Diffusivity,4,3.4544924698565183e-09,1.0,5.3015605239181696e-09
