target,split,test/mae,test/r2,test/rmse
Poly Diffusivity,0,3.0943154705198594e-09,1.0,4.2646117748290635e-09
Poly Diffusivity,1,3.363331169126127e-09,1.0,4.691396160438899e-09
Poly Diffusivity,2,3.2900775437383345e-09,1.0,4.586668378436798e-09
Poly Diffusivity,3,3.3303517721350318e-09,1.0,4.54848381181705e-09
Poly Diffusivity,4,3.017477823163972e-09,1.0,4.2367052088820856e-09
