target,split,test/mae,test/r2,test/rmse
Conductivity,0,1.5272597011062317e-05,1.0,2.0016099369968288e-05
Conductivity,1,1.6140826119226404e-05,1.0,2.161290103686042e-05
Conductivity,2,1.5941919627948664e-05,1.0,2.1017676772316918e-05
Conductivity,3,1.5855388483032584e-05,1.0,2.142372431990225e-05
Conductivity,4,1.6994066754705273e-05,1.0,2.3649028662475757e-05
