target,split,test/mae,test/r2,test/rmse
Transference Number,0,0.15699061751365662,0.4273906350135803,0.20314230024814606
Transference Number,1,0.16619709134101868,0.43907129764556885,0.21776001155376434
Transference Number,2,0.15845242142677307,0.44397538900375366,0.21069978177547455
Transference Number,3,0.16973036527633667,0.42378175258636475,0.2302311658859253
Transference Number,4,0.15329216420650482,0.39768141508102417,0.20991426706314087
