target,split,test/mae,test/r2,test/rmse
Conductivity,0,1.6228097592829727e-05,1.0,2.1193072825553827e-05
Conductivity,1,1.802379119908437e-05,1.0,2.402910467935726e-05
Conductivity,2,1.7383657905156724e-05,1.0,2.3428303393302485e-05
Conductivity,3,1.787330438673962e-05,1.0,2.4640610718051903e-05
Conductivity,4,1.8030725186690688e-05,1.0,2.444012716296129e-05
