test/mae,test/rmse,test/r2,split,target
0.434634268283844,0.5871565937995911,0.8374614715576172,0,bandgap_chain
0.3339340090751648,0.4454899728298187,0.900592565536499,1,bandgap_chain
0.3519763052463531,0.4994222223758697,0.8821895718574524,2,bandgap_chain
0.3798387348651886,0.5116686820983887,0.8711731433868408,3,bandgap_chain
0.3656938076019287,0.5630249381065369,0.8472955226898193,4,bandgap_chain
