target,split,test/mae,test/r2,test/rmse
bandgap_chain,0,0.5352296829223633,0.7121089696884155,0.781429648399353
bandgap_chain,1,0.437187522649765,0.8325998187065125,0.5781046748161316
bandgap_chain,2,0.4704998731613159,0.7997938394546509,0.6510505676269531
bandgap_chain,3,0.4605094790458679,0.7954878211021423,0.6446813941001892
bandgap_chain,4,0.5144439935684204,0.6984491348266602,0.7911922931671143
