target,split,test/mae,test/r2,test/rmse
bandgap_chain,0,0.5783699750900269,0.6731441020965576,0.8326336741447449
bandgap_chain,1,0.5620492696762085,0.7011092305183411,0.7724756598472595
bandgap_chain,2,0.6142171621322632,0.6376878023147583,0.8758253455162048
bandgap_chain,3,0.5168190598487854,0.7525561451911926,0.7091268301010132
bandgap_chain,4,0.5524150729179382,0.6863842010498047,0.8068646192550659
