target,split,test/mae,test/r2,test/rmse
bandgap_chain,0,0.3760085999965668,0.8594452142715454,0.5460075736045837
bandgap_chain,1,0.29978474974632263,0.9159942269325256,0.40952757000923157
bandgap_chain,2,0.35281604528427124,0.8823189735412598,0.4991479516029358
bandgap_chain,3,0.3541632890701294,0.8702832460403442,0.5134327411651611
bandgap_chain,4,0.3597186803817749,0.8439123034477234,0.5692277550697327
