target,split,test/mae,test/r2,test/rmse
bandgap_chain,0,0.3629817366600036,0.875511109828949,0.5138556957244873
bandgap_chain,1,0.3157400786876678,0.9036733508110046,0.4385325014591217
bandgap_chain,2,0.3145405054092407,0.908704400062561,0.4396438300609588
bandgap_chain,3,0.3399832248687744,0.8815444707870483,0.490640252828598
bandgap_chain,4,0.3299953043460846,0.8914408087730408,0.4747173190116882
