target,split,test/mae,test/r2,test/rmse
bandgap_chain,0,0.34154874086380005,0.8854491114616394,0.49291837215423584
bandgap_chain,1,0.2907121181488037,0.9163661003112793,0.4086199998855591
bandgap_chain,2,0.31148985028266907,0.9008761644363403,0.45810502767562866
bandgap_chain,3,0.3263133764266968,0.8966934084892273,0.45819419622421265
bandgap_chain,4,0.3179742991924286,0.9008889198303223,0.4535892605781555
