target,split,test/mae,test/r2,test/rmse
bandgap_chain,0,0.3534541428089142,0.8777948617935181,0.5091204047203064
bandgap_chain,1,0.30205607414245605,0.9164010286331177,0.4085346758365631
bandgap_chain,2,0.33911168575286865,0.8946651220321655,0.47223925590515137
bandgap_chain,3,0.34303519129753113,0.8843234181404114,0.4848509430885315
bandgap_chain,4,0.35866305232048035,0.8592915534973145,0.5404577851295471
