target,split,test/mae,test/r2,test/rmse
bandgap_chain,0,0.3738093674182892,0.868294894695282,0.5285391211509705
bandgap_chain,1,0.3164658844470978,0.9067461490631104,0.431481271982193
bandgap_chain,2,0.33764004707336426,0.8930515646934509,0.47584250569343567
bandgap_chain,3,0.33209800720214844,0.881963312625885,0.48977211117744446
bandgap_chain,4,0.35220322012901306,0.8738162517547607,0.5118036866188049
