test/mae,test/rmse,test/r2,split,target
0.5778795480728149,0.8224319815635681,0.6811045408248901,0,bandgap_chain
0.5314972996711731,0.7488628029823303,0.7191027402877808,1,bandgap_chain
0.5621454119682312,0.7828614115715027,0.7105206251144409,2,bandgap_chain
0.5022416114807129,0.6865391731262207,0.7680686116218567,3,bandgap_chain
0.5787250995635986,0.8476153016090393,0.653905987739563,4,bandgap_chain
