target,split,test/mae,test/r2,test/rmse
bandgap_chain,0,0.3520916700363159,0.8759002685546875,0.5130518078804016
bandgap_chain,1,0.29848915338516235,0.9153916835784912,0.4109935760498047
bandgap_chain,2,0.3202262818813324,0.8983564972877502,0.46389082074165344
bandgap_chain,3,0.32242855429649353,0.8903887271881104,0.4719686508178711
bandgap_chain,4,0.3218650221824646,0.9015613794326782,0.4520478844642639
