test/mae,test/rmse,test/r2,split,target
0.5070992708206177,0.6901963949203491,0.7754082679748535,0,bandgap_chain
0.4557414650917053,0.7001024484634399,0.7544916868209839,1,bandgap_chain
0.43640732765197754,0.6052840352058411,0.8269520998001099,2,bandgap_chain
0.4389529228210449,0.6333727836608887,0.8025997877120972,3,bandgap_chain
0.4792134165763855,0.7270172238349915,0.7453838586807251,4,bandgap_chain
