target,split,test/mae,test/r2,test/rmse,model
bandgap_chain,0,0.4176948830627789,0.8396724835618148,0.5831499858404983,Linear
bandgap_chain,0,0.37219466779661,0.8625125421115176,0.5400174302438698,RF
bandgap_chain,0,0.4012878659689398,0.8409632266528464,0.5807978697209609,XGB
