test/mae,test/rmse,test/r2,split,target
0.4234417378902435,0.5980568528175354,0.8313705921173096,0,bandgap_chain
0.4082484245300293,0.5448107719421387,0.8513262271881104,1,bandgap_chain
0.424254447221756,0.6277633905410767,0.8138599395751953,2,bandgap_chain
0.3784641921520233,0.5342823266983032,0.8595342636108398,3,bandgap_chain
0.4534797966480255,0.6697092652320862,0.7839425802230835,4,bandgap_chain
