target,split,test/mae,test/r2,test/rmse
bandgap_chain,0,0.3433448374271393,0.8802918195724487,0.5038931965827942
bandgap_chain,1,0.3153281211853027,0.9044984579086304,0.4366504848003387
bandgap_chain,2,0.3314977586269378,0.8902152180671692,0.4821107983589172
bandgap_chain,3,0.337114930152893,0.8869896531105042,0.4792298674583435
bandgap_chain,4,0.3078910112380981,0.9029909372329712,0.4487538337707519
