test/mae,test/rmse,test/r2,split,target
0.35147252678871155,0.5067494511604309,0.8789304494857788,0,bandgap_chain
0.3086918294429779,0.4243377149105072,0.9098083972930908,1,bandgap_chain
0.3052002489566803,0.44134244322776794,0.9079975485801697,2,bandgap_chain
0.35146376490592957,0.48187538981437683,0.8857389092445374,3,bandgap_chain
0.328080952167511,0.4843471348285675,0.8869917988777161,4,bandgap_chain
