target,split,test/mae,test/r2,test/rmse
bandgap_chain,0,0.3505580723285675,0.8738188743591309,0.5173364281654358
bandgap_chain,1,0.2952778041362762,0.9126520156860352,0.4175947308540344
bandgap_chain,2,0.3236458003520965,0.8923940062522888,0.477303147315979
bandgap_chain,3,0.3190182447433471,0.8947251439094543,0.4625384509563446
bandgap_chain,4,0.3188152909278869,0.8961450457572937,0.4643177688121795
