target,split,test/mae,test/r2,test/rmse
bandgap_chain,0,0.34030357003211975,0.8802357912063599,0.5040102601051331
bandgap_chain,1,0.3183511793613434,0.9028445482254028,0.44041508436203003
bandgap_chain,2,0.3288295865058899,0.89088374376297,0.4806409180164337
bandgap_chain,3,0.3266337811946869,0.8908482193946838,0.47097837924957275
bandgap_chain,4,0.324177622795105,0.8912715911865234,0.47508710622787476
