target,split,test/mae,test/r2,test/rmse
bandgap_chain,0,0.4188714921474457,0.8359105587005615,0.5899513363838196
bandgap_chain,1,0.3626849353313446,0.881219744682312,0.4869682192802429
bandgap_chain,2,0.3768506348133087,0.8715828657150269,0.5214198231697083
bandgap_chain,3,0.3781980276107788,0.8683844208717346,0.5171770453453064
bandgap_chain,4,0.4310936331748962,0.8088738918304443,0.6298856735229492
