test/mae,test/rmse,test/r2,split,target
0.5356320738792419,0.7883154153823853,0.707012951374054,0,bandgap_chain
0.4311285614967346,0.5605525970458984,0.8426105380058289,1,bandgap_chain
0.4398453533649444,0.6120543479919434,0.8230592012405396,2,bandgap_chain
0.4588159024715423,0.6368029713630676,0.8004558086395264,3,bandgap_chain
0.5250219106674194,0.8060430288314819,0.6870225667953491,4,bandgap_chain
