target,split,test/mae,test/r2,test/rmse,model
bandgap_chain,0,0.4176949835103159,0.8396724614919518,0.5831500259772138,Linear
bandgap_chain,0,0.37118200193704587,0.8623580447110449,0.5403207592357364,RF
bandgap_chain,0,0.39827284948335145,0.8424394598554488,0.5780960039111476,XGB
