test/mae,test/rmse,test/r2,split,target
0.3514725267887115,0.5067494511604309,0.8789304494857788,0,bandgap_chain
0.3086918294429779,0.4243377149105072,0.9098083972930908,1,bandgap_chain
0.3052002489566803,0.4413424432277679,0.9079975485801696,2,bandgap_chain
0.3514637649059295,0.4818753898143768,0.8857389092445374,3,bandgap_chain
0.328080952167511,0.4843471348285675,0.8869917988777161,4,bandgap_chain
