test/mae,test/rmse,test/r2,split,target
0.4048693180084228,0.5729943513870239,0.8452078104019165,0,bandgap_chain
0.4028556048870086,0.5501787662506104,0.8483820557594299,1,bandgap_chain
0.3648310303688049,0.5038877129554749,0.8800734281539917,2,bandgap_chain
0.3991739153861999,0.5684167146682739,0.8410126566886902,3,bandgap_chain
0.4066934287548065,0.6344855427742004,0.8060722351074219,4,bandgap_chain
