test/mae,test/rmse,test/r2,split,target
0.3404044210910797,0.5018917322158813,0.8812404870986938,0,bandgap_chain
0.3201183080673218,0.42583560943603516,0.9091705083847046,1,bandgap_chain
0.31080368161201477,0.4505166709423065,0.9041328430175781,2,bandgap_chain
0.3288877606391907,0.47175759077072144,0.8904867172241211,3,bandgap_chain
0.33242523670196533,0.48635169863700867,0.8860544562339783,4,bandgap_chain
