target,split,test/mae,test/r2,test/rmse
bandgap_chain,0,0.3760085999965668,0.8594452142715454,0.5460075736045837
bandgap_chain,1,0.3185083568096161,0.9027429223060608,0.4406452775001526
bandgap_chain,2,0.3361413180828094,0.8919074535369873,0.4783809185028076
bandgap_chain,3,0.3458454310894012,0.8745554685592651,0.5049070119857788
bandgap_chain,4,0.3507981598377228,0.8510276079177856,0.5561021566390991
