target,split,test/mae,test/r2,test/rmse
bandgap_chain,0,0.3738093674182892,0.868294894695282,0.5285391211509705
bandgap_chain,1,0.3164658844470978,0.9067461490631104,0.431481271982193
bandgap_chain,2,0.3376400470733642,0.8930515646934509,0.4758425056934356
bandgap_chain,3,0.3320980072021484,0.881963312625885,0.4897721111774444
bandgap_chain,4,0.352203220129013,0.8738162517547607,0.5118036866188049
