test/mae,test/rmse,test/r2,split,target
0.34611931443214417,0.5111113786697388,0.8768372535705566,0,bandgap_chain
0.3028711974620819,0.42014411091804504,0.9115822315216064,1,bandgap_chain
0.3306766152381897,0.4932618737220764,0.8850780129432678,2,bandgap_chain
0.33022353053092957,0.47568070888519287,0.8886577486991882,3,bandgap_chain
0.33816075325012207,0.48058733344078064,0.8887394666671753,4,bandgap_chain
