test/mae,test/rmse,test/r2,split,target
0.3698833882808685,0.5258293151855469,0.869641900062561,0,bandgap_chain
0.3095829486846924,0.4226633310317993,0.910518765449524,1,bandgap_chain
0.3429182767868042,0.4874047935009002,0.8877910375595093,2,bandgap_chain
0.357189804315567,0.5181582570075989,0.8678845167160034,3,bandgap_chain
0.3736684322357178,0.5663906335830688,0.8454643487930298,4,bandgap_chain
