test/mae,test/rmse,test/r2,split,target
0.377757579088211,0.5348139405250549,0.8651491403579712,0,bandgap_chain
0.3069491386413574,0.4252925217151642,0.9094020128250122,1,bandgap_chain
0.3531675040721893,0.4776133298873901,0.892254114151001,2,bandgap_chain
0.3484811186790466,0.48733651638031,0.8831343650817871,3,bandgap_chain
0.3665907680988312,0.5535804629325867,0.8523756265640259,4,bandgap_chain
