target,split,test/mae,test/r2,test/rmse
bandgap_chain,0,0.4124552309513092,0.8363109827041626,0.5892310738563538
bandgap_chain,1,0.3947219252586365,0.8589552044868469,0.5306486487388611
bandgap_chain,2,0.3589360117912292,0.878998339176178,0.506141185760498
bandgap_chain,3,0.4165653586387634,0.8291977047920227,0.5891588926315308
bandgap_chain,4,0.4376305341720581,0.7931309938430786,0.655314028263092
