test/mae,test/rmse,test/r2,split,target
0.4141590297222137,0.5763720870018005,0.8433774709701538,0,bandgap_chain
0.3571276664733886,0.4848332405090332,0.8822590112686157,1,bandgap_chain
0.3756331503391266,0.5252339243888855,0.8696972727775574,2,bandgap_chain
0.3692322075366974,0.5029672980308533,0.8755174875259399,3,bandgap_chain
0.4282001554965973,0.627659022808075,0.8102228045463562,4,bandgap_chain
