target,split,test/mae,test/r2,test/rmse
bandgap_chain,0,0.3562242388725281,0.8853302001953125,0.49317413568496704
bandgap_chain,1,0.3187531530857086,0.9085801243782043,0.4272172749042511
bandgap_chain,2,0.3369486331939697,0.8958572149276733,0.4695594012737274
bandgap_chain,3,0.32988280057907104,0.8917908072471619,0.4689403474330902
bandgap_chain,4,0.3549724519252777,0.8639286160469055,0.5314777493476868
