test/mae,test/rmse,test/r2,split,target
0.6750380396842957,0.8961371183395386,0.6213854551315308,0,bandgap_chain
0.5957887768745422,0.773708164691925,0.7001546621322632,1,bandgap_chain
1.1830588579177856,1.3984849452972412,0.07623058557510376,2,bandgap_chain
0.6273014545440674,0.9175809621810913,0.5856974124908447,3,bandgap_chain
0.5772075653076172,0.8273738026618958,0.6702383756637573,4,bandgap_chain
