test/mae,test/rmse,test/r2,split,target
0.05530639365315437,0.0749848261475563,0.7517102956771851,0,delta_optical_lumo
0.05277177318930626,0.07395938038825989,0.7715314626693726,1,delta_optical_lumo
0.05538398027420044,0.07943969964981079,0.7371096611022949,2,delta_optical_lumo
0.054931867867708206,0.07663267850875854,0.7420335412025452,3,delta_optical_lumo
0.052984997630119324,0.07801754772663116,0.7467694282531738,4,delta_optical_lumo
