test/mae,test/rmse,test/r2,split,target
0.0262563303112983,0.0397047512233257,0.995319962501526,0,lumo
0.0278322491794824,0.0441141575574874,0.9945118427276612,1,lumo
0.0288387052714824,0.0451862290501594,0.9939687252044678,2,lumo
0.0273220036178827,0.041958037763834,0.994954228401184,3,lumo
0.028278948739171,0.0481061600148677,0.9933814406394958,4,lumo
