target,split,test/mae,test/r2,test/rmse
optical_lumo,0,0.09830489009618759,0.9346884489059448,0.1374557614326477
optical_lumo,1,0.104743093252182,0.9207503795623779,0.1578960120677948
optical_lumo,2,0.09427204728126526,0.9342264533042908,0.13922898471355438
optical_lumo,3,0.10241476446390152,0.9270465970039368,0.15139305591583252
optical_lumo,4,0.09953852742910385,0.9352487921714783,0.1410180777311325
