target,split,test/mae,test/r2,test/rmse
lumo,0,0.040654007345438004,0.9898309111595154,0.05852746218442917
lumo,1,0.04272547736763954,0.9896125197410583,0.060690514743328094
lumo,2,0.04144018143415451,0.9873465299606323,0.06544946879148483
lumo,3,0.040474534034729004,0.9895625114440918,0.06034606322646141
lumo,4,0.04106782376766205,0.9893338680267334,0.06106942147016525
