target,split,test/mae,test/r2,test/rmse
homo_extrapolated,0,0.06003793701529503,0.9680211544036865,0.09529291838407516
homo_extrapolated,1,0.06248340383172035,0.9590166211128235,0.11319634318351746
homo_extrapolated,2,0.05937092751264572,0.9667764902114868,0.09628202766180038
homo_extrapolated,3,0.0643390342593193,0.9649412035942078,0.10543159395456314
homo_extrapolated,4,0.060234807431697845,0.9663388133049011,0.09754212945699692
