test/mae,test/rmse,test/r2,split,target
0.1330120861530304,0.1801254004240036,0.9036809206008911,0,lumo
0.13101434707641602,0.1877628117799759,0.9005768299102783,1,lumo
0.24081207811832428,4.815904140472412,-67.50978088378906,2,lumo
0.12188155949115753,0.1683567464351654,0.9187620878219604,3,lumo
0.12959860265254974,0.1793489009141922,0.9080063700675964,4,lumo
