target,split,test/mae,test/r2,test/rmse,model
optical_lumo_extrapolated,0,0.11510859568232419,0.9037971378421432,0.15675493750758487,Linear
optical_lumo_extrapolated,0,0.09236319069933407,0.9329212742394013,0.13089396841566345,RF
optical_lumo_extrapolated,0,0.0906165675876837,0.9384431323550366,0.12539074679101456,XGB
optical_lumo_extrapolated,1,0.11677971961368291,0.9072950244298352,0.15804170259798295,Linear
optical_lumo_extrapolated,1,0.08927107682383716,0.9410266417237004,0.12605152599439995,RF
optical_lumo_extrapolated,1,0.08887987663809609,0.9407216271126198,0.12637707954126717,XGB
optical_lumo_extrapolated,2,0.1122079132789252,0.9048064694461088,0.1553567339895245,Linear
optical_lumo_extrapolated,2,0.08756916033518138,0.9398819500311206,0.12346072075438269,RF
optical_lumo_extrapolated,2,0.08735048015161162,0.940212163624774,0.12312118424850678,XGB
optical_lumo_extrapolated,3,0.10951067530640435,0.914751290200642,0.15331810435903254,Linear
optical_lumo_extrapolated,3,0.08874335520194196,0.9413870194365069,0.12712952864672036,RF
optical_lumo_extrapolated,3,0.08669718161268289,0.9450186832419215,0.123128078438662,XGB
optical_lumo_extrapolated,4,0.111795480267851,0.9055002943083804,0.1580286135270227,Linear
optical_lumo_extrapolated,4,0.08808297666016733,0.9386158602534009,0.12736455682889397,RF
optical_lumo_extrapolated,4,0.08568880707466475,0.9398664491108737,0.12606047136188153,XGB
