target,split,test/mae,test/r2,test/rmse
spectral_overlap,0,333.0030212402344,0.880031168460846,464.9378662109375
spectral_overlap,1,326.3165588378906,0.8506179451942444,492.50811767578125
spectral_overlap,2,575.114990234375,-58.32392883300781,10136.6494140625
spectral_overlap,3,298.8758850097656,0.899884819984436,422.1035461425781
spectral_overlap,4,297.84552001953125,0.899452269077301,434.3759765625
