test/mae,test/rmse,test/r2,split,target
0.17836959660053253,0.24228182435035706,0.7932797074317932,0,homo_extrapolated
0.17547394335269928,0.25017058849334717,0.7998225092887878,1,homo_extrapolated
0.8754547834396362,30.01786994934082,-3228.349609375,2,homo_extrapolated
0.1784941554069519,0.2489510178565979,0.8045284152030945,3,homo_extrapolated
0.16929475963115692,0.22474656999111176,0.8212971687316895,4,homo_extrapolated
