target,split,test/mae,test/r2,test/rmse
optical_lumo,0,0.03671349585056305,0.9876554608345032,0.05975934490561485
optical_lumo,1,0.03619265928864479,0.9896741509437561,0.056994833052158356
optical_lumo,2,0.03427697718143463,0.9907604455947876,0.05218309164047241
optical_lumo,3,0.03528029844164848,0.9906954169273376,0.05406699329614639
optical_lumo,4,0.035504769533872604,0.9884921908378601,0.059449292719364166
