target,split,test/mae,test/r2,test/rmse
homo,0,0.06731303781270981,0.9614952802658081,0.09469395130872726
homo,1,0.07390499114990234,0.9562496542930603,0.10878162831068039
homo,2,0.06997302174568176,0.956171989440918,0.10243111103773117
homo,3,0.07253777980804443,0.9572495818138123,0.10552359372377396
homo,4,0.06949896365404129,0.9541143178939819,0.10658666491508484
