target,split,test/mae,test/r2,test/rmse
lumo,0,0.11112283170223236,0.9246418476104736,0.15932497382164001
lumo,1,0.11830684542655945,0.9201760292053223,0.1682412326335907
lumo,2,0.10753856599330902,0.9335705637931824,0.1499621868133545
lumo,3,0.10761914402246475,0.9318461418151855,0.15420421957969666
lumo,4,0.10782699286937714,0.9352847337722778,0.15042607486248016
