target,split,test/mae,test/r2,test/rmse
optical_lumo,0,0.20948153734207153,0.5038716793060303,0.37884798645973206
optical_lumo,1,0.2126377671957016,0.7289319038391113,0.29201948642730713
optical_lumo,2,1.0817748308181763,-4670.35009765625,37.10438919067383
optical_lumo,3,0.20596663653850555,0.7456612586975098,0.2826763987541199
optical_lumo,4,0.2088862955570221,0.756476879119873,0.27347707748413086
