target,split,test/mae,test/r2,test/rmse
gap_extrapolated,0,0.07114436477422714,0.9323492646217346,0.11292238533496857
gap_extrapolated,1,0.07232066988945007,0.9092150926589966,0.1308840811252594
gap_extrapolated,2,0.0738586038351059,0.9082298278808594,0.12669119238853455
gap_extrapolated,3,0.07069718837738037,0.9380494356155396,0.10912080854177475
gap_extrapolated,4,0.064048632979393,0.946700930595398,0.09888797998428345
