target,split,test/mae,test/r2,test/rmse
gap,0,0.03833906725049019,0.981514036655426,0.058551449328660965
gap,1,0.04008319228887558,0.9753080606460571,0.06934778392314911
gap,2,0.0382232703268528,0.9835166931152344,0.05535706877708435
gap,3,0.037868861109018326,0.9776737093925476,0.06559440493583679
gap,4,0.03713100776076317,0.9838200211524963,0.057928748428821564
