target,split,test/mae,test/r2,test/rmse
spectral_overlap,0,111.3650894165039,0.9803749918937683,188.0465850830078
spectral_overlap,1,113.61851501464844,0.9776143431663513,190.6553192138672
spectral_overlap,2,106.9521713256836,0.9808197021484375,182.2667999267578
spectral_overlap,3,110.80537414550781,0.9821736216545105,178.11509704589844
spectral_overlap,4,113.99004364013672,0.9815642833709717,185.99859619140625
