target,split,test/mae,test/r2,test/rmse
homo,0,0.08439074456691742,0.9405665397644043,0.11764702200889587
homo,1,0.09187012165784836,0.9385268092155457,0.1289459615945816
homo,2,0.10068518668413162,-1.6433241367340088,0.795483410358429
homo,3,0.08313312381505966,0.9476310014724731,0.1167929470539093
homo,4,0.08018715679645538,0.9460746049880981,0.11554761230945587
