target,split,test/mae,test/r2,test/rmse
gap,0,0.0415787547826767,0.9782077074050903,0.06357230246067047
gap,1,0.04311458766460419,0.9700616002082825,0.07636065036058426
gap,2,0.03927537426352501,0.9811703562736511,0.05916598066687584
gap,3,0.040329139679670334,0.9741278886795044,0.07061132788658142
gap,4,0.04200885444879532,0.9820261597633362,0.06105562672019005
