target,split,test/mae,test/r2,test/rmse
lumo,0,0.04668493941426277,0.9876346588134766,0.06453899294137955
lumo,1,0.0475316196680069,0.9852093458175659,0.07242012023925781
lumo,2,0.04762252792716026,0.9860010147094727,0.06884142756462097
lumo,3,0.0438532754778862,0.9888413548469543,0.062396034598350525
lumo,4,0.04750841483473778,0.9842228293418884,0.07427360862493515
