target,split,test/mae,test/r2,test/rmse
optical_lumo,0,0.04022689908742905,0.9868627786636353,0.06164809688925743
optical_lumo,1,0.04260999336838722,0.9869416356086731,0.06409388780593872
optical_lumo,2,0.04183906316757202,0.9622644782066345,0.10545794665813446
optical_lumo,3,0.03909226506948471,0.98561692237854,0.06722161918878555
optical_lumo,4,0.04209005832672119,0.9860296845436096,0.06550192832946777
