target,split,test/mae,test/r2,test/rmse
homo_extrapolated,0,0.0653347373008728,0.9633126258850098,0.1020643338561058
homo_extrapolated,1,0.06628790497779846,0.9556140899658203,0.1177966296672821
homo_extrapolated,2,0.062004491686820984,0.9644964933395386,0.09953400492668152
homo_extrapolated,3,0.0662376806139946,0.9623796939849854,0.10921374708414078
homo_extrapolated,4,0.06378152966499329,0.9607572555541992,0.1053166538476944
