test/mae,test/rmse,test/r2,split,target
0.09144569933414459,0.12918806076049805,0.9504541754722595,0,lumo
0.09223783761262894,0.13292992115020752,0.9501673579216003,1,lumo
0.08983226865530014,0.1375126838684082,0.9441424012184143,2,lumo
0.08517799526453018,0.12002623081207275,0.9587094783782959,3,lumo
0.0971817895770073,0.1368977576494217,0.9464014768600464,4,lumo
