target,split,test/mae,test/r2,test/rmse
homo,0,0.03466751426458359,0.9846691489219666,0.05975141003727913
homo,1,0.03416520357131958,0.9873505234718323,0.05849266052246094
homo,2,0.03269624337553978,0.9903926849365234,0.047957539558410645
homo,3,0.031949613243341446,0.9899311661720276,0.05121167004108429
homo,4,0.03570130839943886,0.9835143089294434,0.06388784199953079
