target,split,test/mae,test/r2,test/rmse
gap,0,0.042798563838005066,0.9776426553726196,0.06439121812582016
gap,1,0.04360866919159889,0.9739329814910889,0.07125262916088104
gap,2,0.0427221804857254,0.9777243137359619,0.06435272842645645
gap,3,0.04186286777257919,0.9732640981674194,0.07178040593862534
gap,4,0.04293426498770714,0.9794039130210876,0.06535778939723969
