test/mae,test/rmse,test/r2,split,target
0.0829030647873878,0.1208739429712295,0.9485474824905396,0,homo_extrapolated
0.0822217687964439,0.1553354561328888,0.9228236675262452,1,homo_extrapolated
0.0764928013086319,0.1100635230541229,0.9565847516059875,2,homo_extrapolated
0.075375847518444,0.1223106682300567,0.9528171420097352,3,homo_extrapolated
0.0767435804009437,0.1145754680037498,0.9535561203956604,4,homo_extrapolated
