target,split,test/mae,test/r2,test/rmse
spectral_overlap,0,111.8824691772461,0.9801132082939148,189.2967529296875
spectral_overlap,1,111.84300994873047,0.9792962670326233,183.35321044921875
spectral_overlap,2,116.37796783447266,0.9689540266990662,231.88999938964844
spectral_overlap,3,105.62406158447266,0.9826589226722717,175.6737823486328
spectral_overlap,4,111.69464111328125,0.983330488204956,176.8646240234375
