target,split,test/mae,test/r2,test/rmse
delta_optical_lumo,0,0.038663651794195175,0.8622445464134216,0.05585324764251709
delta_optical_lumo,1,0.03679743781685829,0.8776953816413879,0.054112982004880905
delta_optical_lumo,2,0.03823811933398247,0.8527474403381348,0.059454094618558884
delta_optical_lumo,3,0.0376850888133049,0.8668856024742126,0.05504842847585678
delta_optical_lumo,4,0.038024384528398514,0.8351283073425293,0.06295167654752731
