test/mae,test/rmse,test/r2,split,target
99.37714385986328,172.7711944580078,0.9834338426589966,0,spectral_overlap
111.92536926269531,177.67599487304688,0.9805585145950317,1,spectral_overlap
94.05738830566406,162.72320556640625,0.9847123622894287,2,spectral_overlap
105.6997299194336,166.3075408935547,0.9844587445259094,3,spectral_overlap
110.22403717041016,177.73524475097656,0.983165979385376,4,spectral_overlap
