target,split,test/mae,test/r2,test/rmse
lumo,0,0.07904832065105438,0.9649030566215515,0.10873103141784668
lumo,1,0.08060407638549805,0.9586912989616394,0.12102820724248886
lumo,2,0.08077368140220642,0.954321026802063,0.12435399740934372
lumo,3,0.0805959403514862,0.95978182554245,0.11845740675926208
lumo,4,0.07877244800329208,0.9651142954826355,0.11044438183307648
