target,split,test/mae,test/r2,test/rmse,model
delta_lumo,0,0.05425125222750189,0.7694889735013558,0.07244478733433335,Linear
delta_lumo,0,0.03638038356985625,0.8747263350905292,0.0534061389077973,RF
delta_lumo,0,0.03696336660334103,0.8673808102760968,0.05494959230855293,XGB
delta_lumo,1,0.05515724724610594,0.7573145537616508,0.07552289726712962,Linear
delta_lumo,1,0.037326489915192926,0.8713517413875314,0.05498683617372196,RF
delta_lumo,1,0.039038528655034765,0.8569087823532935,0.05799135624417645,XGB
delta_lumo,2,0.05330769371598707,0.7578974421903977,0.07470168845000415,Linear
delta_lumo,2,0.036193737293388255,0.8591042456959425,0.05698751013303873,RF
delta_lumo,2,0.03804629450519804,0.8468514177680175,0.059413784895800424,XGB
delta_lumo,3,0.053130499407167874,0.7676799295666111,0.07202987425966334,Linear
delta_lumo,3,0.03438207180905964,0.8839642486884418,0.05090555779770575,RF
delta_lumo,3,0.036044658504921084,0.877745658450529,0.052251821764278464,XGB
delta_lumo,4,0.05377913075130489,0.7688833294001665,0.07459593556772437,Linear
delta_lumo,4,0.038130006800015756,0.8543416105321144,0.059219846960305446,RF
delta_lumo,4,0.039216997349344807,0.8459269602813977,0.06090638933344593,XGB
