target,split,test/mae,test/r2,test/rmse
lumo,0,0.031894367188215256,0.9939783215522766,0.04503784701228142
lumo,1,0.0353194884955883,0.9925623536109924,0.05135517194867134
lumo,2,0.03232269361615181,0.992989718914032,0.048715800046920776
lumo,3,0.030646061524748802,0.9944621920585632,0.04395607113838196
lumo,4,0.03283530846238136,0.9925737977027893,0.05095691606402397
