target,split,test/mae,test/r2,test/rmse
homo_extrapolated,0,0.17787589132785797,0.7939788103103638,0.24187180399894714
homo_extrapolated,1,0.17550128698349,0.7995840907096863,0.2503195106983185
homo_extrapolated,2,0.8437372446060181,-2943.86279296875,28.665193557739258
homo_extrapolated,3,0.1763920933008194,0.8067367076873779,0.24754080176353455
homo_extrapolated,4,0.16784554719924927,0.8217772841453552,0.2244444489479065
