target,split,test/mae,test/r2,test/rmse
spectral_overlap,0,129.23207092285156,0.9752764105796814,211.06507873535156
spectral_overlap,1,147.4358673095703,0.9721528887748718,212.64447021484375
spectral_overlap,2,135.95729064941406,0.9763246178627014,202.5013427734375
spectral_overlap,3,124.33051300048828,0.9778902530670166,198.36312866210938
spectral_overlap,4,146.46865844726562,0.9720889925956726,228.858642578125
