target,split,test/mae,test/r2,test/rmse
spectral_overlap,0,169.14170837402344,0.9597376585006714,269.34576416015625
spectral_overlap,1,169.70802307128906,0.9590342044830322,257.9140319824219
spectral_overlap,2,167.4978790283203,0.9583017826080322,268.7435607910156
spectral_overlap,3,156.1419219970703,0.9687199592590332,235.94064331054688
spectral_overlap,4,160.57652282714844,0.9672436714172363,247.9290771484375
