target,split,test/mae,test/r2,test/rmse
spectral_overlap,0,138.49658203125,0.971785306930542,225.47496032714844
spectral_overlap,1,139.56222534179688,0.97166907787323,214.48387145996094
spectral_overlap,2,140.17884826660156,0.9683676958084106,234.0694580078125
spectral_overlap,3,126.97362518310547,0.9779011011123657,198.31442260742188
spectral_overlap,4,139.4732666015625,0.9763559699058533,210.63970947265625
