target,split,test/mae,test/r2,test/rmse
gap_extrapolated,0,0.14380183815956116,0.7921481728553772,0.19793416559696198
gap_extrapolated,1,0.1466175764799118,0.7809106111526489,0.20332492887973785
gap_extrapolated,2,0.1539812833070755,-0.11966383457183838,0.44252675771713257
gap_extrapolated,3,0.14566661417484283,0.7663302421569824,0.21192696690559387
gap_extrapolated,4,0.13650880753993988,0.8009011149406433,0.19112522900104523
