target,split,test/mae,test/r2,test/rmse
spectral_overlap,0,143.07127380371094,0.9712496399879456,227.60528564453125
spectral_overlap,1,143.23988342285156,0.9714037179946899,215.48599243164062
spectral_overlap,2,132.8638458251953,0.9772779941558838,198.38230895996094
spectral_overlap,3,126.61969757080078,0.9773781895637512,200.64695739746094
spectral_overlap,4,142.18887329101562,0.973362386226654,223.5771484375
