target,split,test/mae,test/r2,test/rmse
gap,0,0.045558713376522064,0.9716238379478455,0.07254264503717422
gap,1,0.04628311097621918,0.9690112471580505,0.07768860459327698
gap,2,0.04334985464811325,0.9721234440803528,0.07198973745107651
gap,3,0.04321998357772827,0.9691052436828613,0.0771615281701088
gap,4,0.04346108064055443,0.9813104271888733,0.06225936487317085
