target,split,test/mae,test/r2,test/rmse
spectral_overlap,0,435.7452697753906,0.792862057685852,610.9287719726562
spectral_overlap,1,404.93499755859375,0.7912455201148987,582.2132568359375
spectral_overlap,2,473.4129333496094,0.7143952250480652,703.3349609375
spectral_overlap,3,391.9192199707031,0.8246947526931763,558.5556640625
spectral_overlap,4,443.1886901855469,0.787624180316925,631.2947387695312
