target,split,test/mae,test/r2,test/rmse
homo_extrapolated,0,0.12509892880916595,0.8923290967941284,0.17485517263412476
homo_extrapolated,1,0.11796868592500687,0.8861977458000183,0.18862710893154144
homo_extrapolated,2,0.12232140451669693,0.8816098570823669,0.18175236880779266
homo_extrapolated,3,0.12591810524463654,0.8808608055114746,0.19435666501522064
homo_extrapolated,4,0.1247800663113594,0.8851553201675415,0.18017010390758514
