target,split,test/mae,test/r2,test/rmse
optical_lumo,0,0.06302431970834732,0.9706411361694336,0.09215893596410751
optical_lumo,1,0.06400291621685028,0.9695563316345215,0.09786362200975418
optical_lumo,2,0.06337080150842667,0.9617014527320862,0.10624177753925323
optical_lumo,3,0.05840940400958061,0.971611738204956,0.09443928301334381
optical_lumo,4,0.06281059980392456,0.9704675078392029,0.09523596614599228
