target,split,test/mae,test/r2,test/rmse,model
spectral_overlap,0,319.25635285606694,0.882555860663417,460.0197088531776,Linear
spectral_overlap,0,170.32329303968638,0.9607055654050848,266.0886107214568,RF
spectral_overlap,0,167.8165465708221,0.9625797790913221,259.6653121284276,XGB
spectral_overlap,1,318.9739636876456,0.8835535034191871,434.8378319066563,Linear
spectral_overlap,1,171.04972394356162,0.9558231205397753,267.83148289346985,RF
spectral_overlap,1,167.88929566059522,0.9567687664693821,264.94938883586207,XGB
spectral_overlap,2,309.990795606708,0.8973592931754866,421.63753360971936,Linear
spectral_overlap,2,167.76353461460585,0.9624666537620246,254.96941630774947,RF
spectral_overlap,2,171.4660180289395,0.9597825497818652,263.9287577504427,XGB
spectral_overlap,3,312.8241799071413,0.8900403461856583,442.3700011655544,Linear
spectral_overlap,3,157.07125355196536,0.9670587354561002,242.12471333405426,RF
spectral_overlap,3,162.98232099169013,0.9650105222216002,249.53858980772048,XGB
spectral_overlap,4,321.50926424964985,0.8917638426577402,450.677428918971,Linear
spectral_overlap,4,178.96605796272644,0.9569761200913522,284.14133179355014,RF
spectral_overlap,4,178.72726938905421,0.9575137558521997,282.3604046487092,XGB
