target,split,test/mae,test/r2,test/rmse
homo_extrapolated,0,0.06608296185731888,0.9644882082939148,0.10041895508766174
homo_extrapolated,1,0.0693623349070549,0.9487937688827515,0.12652896344661713
homo_extrapolated,2,0.06587084382772446,0.9641889333724976,0.09996108710765839
homo_extrapolated,3,0.06810708343982697,0.9589606523513794,0.11407022923231125
homo_extrapolated,4,0.06650472432374954,0.963520348072052,0.10154365748167038
