target,split,test/mae,test/r2,test/rmse
gap_extrapolated,0,0.07520166784524918,0.9300820231437683,0.11479905992746353
gap_extrapolated,1,0.07411826401948929,0.9151564240455627,0.126528799533844
gap_extrapolated,2,0.07743415981531143,0.9028884768486023,0.13032600283622742
gap_extrapolated,3,0.07395054399967194,0.9258936643600464,0.11934729665517807
gap_extrapolated,4,0.07518087327480316,0.9318428039550781,0.1118251234292984
