target,split,test/mae,test/r2,test/rmse
gap,0,0.08043026924133301,0.9293192028999329,0.11448989063501358
gap,1,0.09260648488998413,0.9048612713813782,0.13612373173236847
gap,2,0.07758596539497375,0.9206830263137817,0.12143231928348541
gap,3,0.07706284523010254,0.9194401502609253,0.12459991872310638
gap,4,0.08019321411848068,0.9399029612541199,0.11164305359125137
