target,split,test/mae,test/r2,test/rmse
delta_homo,0,0.03305695950984955,0.8173292875289917,0.052367400377988815
delta_homo,1,0.03525709733366966,0.6703400015830994,0.0716625452041626
delta_homo,2,0.032757386565208435,0.815601110458374,0.0517510324716568
delta_homo,3,0.03245573490858078,0.7720562815666199,0.05812297388911247
delta_homo,4,0.03475232422351837,0.7256410121917725,0.0675986185669899
