target,split,test/mae,test/r2,test/rmse
homo,0,0.055187951773405075,0.9710082411766052,0.08216795325279236
homo,1,0.05847548320889473,0.9703407287597656,0.08956637233495712
homo,2,0.05806043744087219,0.9682077169418335,0.08724018931388855
homo,3,0.05658365786075592,0.9729629755020142,0.08391872048377991
homo,4,0.05627414956688881,0.9663437604904175,0.09128446131944656
