target,split,test/mae,test/r2,test/rmse
spectral_overlap,0,372.0393371582031,0.8447320461273193,528.9341430664062
spectral_overlap,1,367.6767883300781,0.8277648091316223,528.841064453125
spectral_overlap,2,750.9158325195312,-154.59918212890625,16416.595703125
spectral_overlap,3,333.9295959472656,0.8793959021568298,463.286865234375
spectral_overlap,4,339.3407897949219,0.8807462453842163,473.0594177246094
