target,split,test/mae,test/r2,test/rmse
lumo,0,0.02863840013742447,0.994469165802002,0.04316334426403046
lumo,1,0.030838480219244957,0.9939353466033936,0.046373333781957626
lumo,2,0.028882289305329323,0.9938358068466187,0.04568138346076012
lumo,3,0.028472453355789185,0.9948172569274902,0.04252375289797783
lumo,4,0.030493002384901047,0.9923319220542908,0.05178016051650047
