test/mae,test/rmse,test/r2,split,target
0.10096630454063416,0.14166907966136932,0.9293208122253418,0,homo_extrapolated
0.10122030228376389,0.1600208282470703,0.918097734451294,1,homo_extrapolated
0.09812960773706436,0.1395263671875,0.9302301406860352,2,homo_extrapolated
0.11147140711545944,0.1707039177417755,0.9080942273139954,3,homo_extrapolated
0.10061055421829224,0.1474485546350479,0.9230822920799255,4,homo_extrapolated
