target,split,test/mae,test/r2,test/rmse
delta_optical_lumo,0,0.06945202499628067,0.6263156533241272,0.09199124574661255
delta_optical_lumo,1,0.07264595478773117,0.5961352586746216,0.0983327105641365
delta_optical_lumo,2,0.0707775354385376,0.600678563117981,0.09790651500225067
delta_optical_lumo,3,0.06976662576198578,0.6152346134185791,0.09359019994735718
delta_optical_lumo,4,0.0716211199760437,0.5947853326797485,0.09869083762168884
