target,split,test/mae,test/r2,test/rmse
optical_lumo,0,0.038866329938173294,0.9879425168037415,0.05906035006046295
optical_lumo,1,0.038784291595220566,0.9882803559303284,0.06071979179978371
optical_lumo,2,0.03796873241662979,0.9749255776405334,0.08596455305814743
optical_lumo,3,0.03623758628964424,0.9895824193954468,0.05720925331115723
optical_lumo,4,0.0384463295340538,0.9878610968589783,0.061057716608047485
