target,split,test/mae,test/r2,test/rmse
gap_extrapolated,0,0.12993855774402618,0.8411201238632202,0.17305265367031097
gap_extrapolated,1,0.11250202357769012,0.8480080366134644,0.1693519800901413
gap_extrapolated,2,0.12105358392000198,0.8115115761756897,0.1815674751996994
gap_extrapolated,3,0.11866018921136856,0.8411340713500977,0.17474322021007538
gap_extrapolated,4,0.11763755232095718,0.8470010161399841,0.16754363477230072
