target,split,test/mae,test/r2,test/rmse
gap,0,0.07061722874641418,0.9453867077827454,0.10063885897397995
gap,1,0.07258372008800507,0.9326667785644531,0.11451698839664459
gap,2,0.06947177648544312,0.9460419416427612,0.10015653073787689
gap,3,0.06881441175937653,0.9412580132484436,0.106397844851017
gap,4,0.07243593037128448,0.9477826952934265,0.10406684130430222
