target,split,test/mae,test/r2,test/rmse
spectral_overlap,0,109.58707427978516,0.9801738262176514,189.00791931152344
spectral_overlap,1,108.34331512451172,0.9796426892280579,181.81285095214844
spectral_overlap,2,107.86060333251953,0.9799226522445679,186.48020935058594
spectral_overlap,3,107.93660736083984,0.9833847880363464,171.95794677734375
spectral_overlap,4,112.16646575927734,0.9821894764900208,182.81773376464844
