test/mae,test/rmse,test/r2,split,target
0.08223754912614822,0.12085042148828506,0.9485675096511841,0,homo_extrapolated
0.08849091082811356,0.14424696564674377,0.9334487915039062,1,homo_extrapolated
0.08421790599822998,0.123153455555439,0.9456438422203064,2,homo_extrapolated
0.08985219150781631,0.14282158017158508,0.9356655478477478,3,homo_extrapolated
0.08496703207492828,0.12555843591690063,0.9442253112792969,4,homo_extrapolated
