target,split,test/mae,test/r2,test/rmse
homo,0,0.08970017731189728,0.9268904328346252,0.1304825246334076
homo,1,0.09901367127895355,0.9126464128494263,0.15371111035346985
homo,2,0.09176051616668701,0.921893835067749,0.13674093782901764
homo,3,0.0947866216301918,0.9231200218200684,0.14150969684123993
homo,4,0.09732302278280258,0.9198172688484192,0.1408979296684265
