target,split,test/mae,test/r2,test/rmse
lumo,0,0.03202296048402786,0.9942111968994141,0.04415835067629814
lumo,1,0.032263729721307755,0.9932260513305664,0.04901004210114479
lumo,2,0.03099045716226101,0.9931254386901855,0.048241812735795975
lumo,3,0.030766721814870834,0.9936911463737488,0.04691653698682785
lumo,4,0.033637017011642456,0.9923960566520691,0.05156325176358223
