target,split,test/mae,test/r2,test/rmse
homo,0,0.03999892622232437,0.9836153984069824,0.06177081540226936
homo,1,0.04098893702030182,0.986151397228241,0.06120232492685318
homo,2,0.042582713067531586,0.8707661032676697,0.1758912205696106
homo,3,0.037221312522888184,0.9859175682067871,0.06056451424956322
homo,4,0.03945828229188919,0.980484664440155,0.06951083242893219
