test/mae,test/rmse,test/r2,split,target
0.04006817564368248,0.05961247533559799,0.987716019153595,0,optical_lumo
0.041091810911893845,0.06609060615301132,0.9861153960227966,1,optical_lumo
0.04136599972844124,0.1292148381471634,0.9433478116989136,2,optical_lumo
0.03745412454009056,0.06265712529420853,0.9875038862228394,3,optical_lumo
0.03704899176955223,0.059111542999744415,0.9886226058006287,4,optical_lumo
