target,split,test/mae,test/r2,test/rmse
homo,0,0.04301602393388748,0.9823632836341858,0.06408759951591492
homo,1,0.04525143653154373,0.9829630851745605,0.06788287311792374
homo,2,0.040729373693466187,0.9844098687171936,0.06109156087040901
homo,3,0.04238229617476463,0.9841347932815552,0.06428395211696625
homo,4,0.04218330234289169,0.9795277714729309,0.07119458168745041
