target,split,test/mae,test/r2,test/rmse
homo,0,0.03189053758978844,0.9889363646507263,0.05075908452272415
homo,1,0.031425122171640396,0.9907166361808777,0.05010918900370598
homo,2,0.029386332258582115,0.9913944005966187,0.04538856819272041
homo,3,0.031002460047602654,0.9888086318969727,0.05399097874760628
homo,4,0.03088984824717045,0.9849650263786316,0.06101199984550476
