target,split,test/mae,test/r2,test/rmse
gap,0,0.18620361387729645,0.6766531467437744,0.24487854540348053
gap,1,0.1855994164943695,0.6255584955215454,0.27005183696746826
gap,2,0.17267443239688873,0.7000793218612671,0.23613175749778748
gap,3,0.1802678108215332,0.6630947589874268,0.25480759143829346
gap,4,0.1810673326253891,0.7028515338897705,0.2482515424489975
