target,split,test/mae,test/r2,test/rmse
gap,0,0.0521945096552372,0.9711729884147644,0.07311667501926422
gap,1,0.053417231887578964,0.9530186653137207,0.09565723687410355
gap,2,0.04855939373373985,0.9727001786231995,0.07124117761850357
gap,3,0.04968676343560219,0.9650602340698242,0.08205751329660416
gap,4,0.051619160920381546,0.9723737239837646,0.07569485902786255
