target,split,test/mae,test/r2,test/rmse
gap,0,0.1686396449804306,0.7271887063980103,0.22493012249469757
gap,1,0.18229235708713531,0.6526457071304321,0.26010066270828247
gap,2,0.17824687063694,0.6888057589530945,0.24052874743938446
gap,3,0.18661966919898987,0.6425119042396545,0.2624758183956146
gap,4,0.18077491223812103,0.7072360515594482,0.2464132308959961
