target,split,test/mae,test/r2,test/rmse
gap,0,0.04184534400701523,0.9768713712692261,0.06549246609210968
gap,1,0.043233104050159454,0.9713906645774841,0.07464642077684402
gap,2,0.03937358781695366,0.9800719618797302,0.060867249965667725
gap,3,0.039941318333148956,0.9755951166152954,0.06857990473508835
gap,4,0.039904799312353134,0.983059287071228,0.05927496775984764
