test/mae,test/rmse,test/r2,split,target
0.09036201983690262,0.1179109737277031,0.38606786727905273,0,delta_optical_lumo
0.0940120741724968,0.12207936495542526,0.37752145528793335,1,delta_optical_lumo
0.4304888844490051,14.328739166259766,-8551.939453125,2,delta_optical_lumo
0.09024154394865036,0.11857094615697861,0.3824220299720764,3,delta_optical_lumo
0.0879092663526535,0.11570897698402405,0.4429866671562195,4,delta_optical_lumo
