target,split,test/mae,test/r2,test/rmse
optical_lumo,0,0.21303711831569672,0.39966195821762085,0.41674068570137024
optical_lumo,1,0.21155358850955963,0.7327923774719238,0.28993257880210876
optical_lumo,2,1.5312408208847046,-10687.7529296875,56.12644958496094
optical_lumo,3,0.20401619374752045,0.7466423511505127,0.282130628824234
optical_lumo,4,0.2055431753396988,0.7595911622047424,0.27172279357910156
