target,split,test/mae,test/r2,test/rmse
spectral_overlap,0,333.5843505859375,0.878998875617981,466.9339599609375
spectral_overlap,1,326.6902160644531,0.8534283638000488,487.85321044921875
spectral_overlap,2,497.9126892089844,-28.63247299194336,7164.12939453125
spectral_overlap,3,296.36126708984375,0.9042525291442871,412.79339599609375
spectral_overlap,4,301.2539978027344,0.8974580764770508,438.6623229980469
