target,split,test/mae,test/r2,test/rmse
spectral_overlap,0,245.814208984375,0.9280858039855957,359.9714050292969
spectral_overlap,1,290.15826416015625,0.884401798248291,433.251220703125
spectral_overlap,2,284.5289001464844,0.5812032222747803,851.689208984375
spectral_overlap,3,238.5486602783203,0.9341444969177246,342.3458557128906
spectral_overlap,4,254.7353973388672,0.9251171350479126,374.86151123046875
