target,split,test/mae,test/r2,test/rmse
optical_lumo,0,0.056452080607414246,0.9777278900146484,0.08026920258998871
optical_lumo,1,0.061355236917734146,0.9736484289169312,0.09104909747838974
optical_lumo,2,0.061091676354408264,0.9746329188346863,0.08646479994058609
optical_lumo,3,0.056908249855041504,0.9772675037384033,0.08450979739427567
optical_lumo,4,0.06379116326570511,0.9680642485618591,0.09903518110513687
