target,split,test/mae,test/r2,test/rmse
homo_extrapolated,0,0.21386925876140594,0.27415329217910767,0.4539957046508789
homo_extrapolated,1,0.2153303474187851,0.6983155012130737,0.30711787939071655
homo_extrapolated,2,2.0868704319000244,-22758.265625,79.68956756591797
homo_extrapolated,3,0.20626410841941833,0.743329644203186,0.2852725386619568
homo_extrapolated,4,0.20714247226715088,0.7343782782554626,0.2740054130554199
