target,split,test/mae,test/r2,test/rmse
homo_extrapolated,0,0.22082069516181946,-0.1982724666595459,0.5833202600479126
homo_extrapolated,1,0.2170434147119522,0.70040363073349,0.30605319142341614
homo_extrapolated,2,1.5795950889587402,-12174.3466796875,58.285831451416016
homo_extrapolated,3,0.2068065106868744,0.7383010983467102,0.2880534529685974
homo_extrapolated,4,0.20689398050308228,0.735171914100647,0.27359575033187866
