target,split,test/mae,test/r2,test/rmse
gap_extrapolated,0,0.10442953556776047,0.8772916197776794,0.15208309888839722
gap_extrapolated,1,0.10710642486810684,0.8494870066642761,0.16852602362632751
gap_extrapolated,2,0.11105300486087799,0.8271595239639282,0.17386749386787415
gap_extrapolated,3,0.10388590395450592,0.879166841506958,0.15239758789539337
gap_extrapolated,4,0.09787094593048096,0.8865125179290771,0.14429709315299988
