target,split,test/mae,test/r2,test/rmse
gap_extrapolated,0,0.09036744385957718,0.8933079242706299,0.14181099832057953
gap_extrapolated,1,0.0900893434882164,0.8676375150680542,0.15803830325603485
gap_extrapolated,2,0.0870349183678627,0.8961234092712402,0.13478904962539673
gap_extrapolated,3,0.08766250312328339,0.9108102321624756,0.13093101978302002
gap_extrapolated,4,0.0811241939663887,0.9199370741844177,0.12119907140731812
