test/mae,test/rmse,test/r2,split,target
0.11118538677692413,0.1542232781648636,0.9162390828132629,0,homo_extrapolated
0.11240904778242111,0.16952697932720184,0.9080778360366821,1,homo_extrapolated
0.12668342888355255,0.8500726819038391,-1.5898072719573975,2,homo_extrapolated
0.12165562808513641,0.1725258082151413,0.9061219692230225,3,homo_extrapolated
0.1133880466222763,0.15702709555625916,0.9127642512321472,4,homo_extrapolated
