target,split,test/mae,test/r2,test/rmse
homo_extrapolated,0,0.08102989196777344,0.9507073163986206,0.11830972880125046
homo_extrapolated,1,0.09285413473844528,0.9324682950973511,0.14530563354492188
homo_extrapolated,2,0.0854661837220192,0.9457104206085205,0.12307807058095932
homo_extrapolated,3,0.08633764088153839,0.9376466274261475,0.14060543477535248
homo_extrapolated,4,0.08435454219579697,0.9427595734596252,0.12719759345054626
