test/mae,test/rmse,test/r2,split,target
0.07704798132181168,0.11398104578256607,0.9542483687400818,0,homo_extrapolated
0.07821376621723175,0.1324528306722641,0.9438867568969727,1,homo_extrapolated
0.07581767439842224,0.11842580884695053,0.9497370719909668,2,homo_extrapolated
0.07117804139852524,0.10958630591630936,0.9621236324310303,3,homo_extrapolated
0.07258737087249756,0.10832656919956207,0.9584840536117554,4,homo_extrapolated
