target,split,test/mae,test/r2,test/rmse
optical_lumo,0,0.16266357898712158,0.8403218984603882,0.21492686867713928
optical_lumo,1,0.1623300462961197,0.8510196208953857,0.21648965775966644
optical_lumo,2,0.1570746898651123,0.8422214388847351,0.21563935279846191
optical_lumo,3,0.17461241781711578,0.833024799823761,0.22903887927532196
optical_lumo,4,0.17123626172542572,0.829386830329895,0.22890596091747284
