target,split,test/mae,test/r2,test/rmse
lumo,0,0.06264425814151764,0.9772499203681946,0.08754075318574905
lumo,1,0.06915978342294693,0.9718403220176697,0.09992629289627075
lumo,2,0.061956580728292465,0.9781354665756226,0.08603425323963165
lumo,3,0.05837678909301758,0.9805605411529541,0.08235564827919006
lumo,4,0.06690693646669388,0.9736174941062927,0.09604566544294357
