target,split,test/mae,test/r2,test/rmse
gap,0,0.03778545930981636,0.9829941987991333,0.056158438324928284
gap,1,0.03745726868510246,0.9768268465995789,0.06718116998672485
gap,2,0.034904271364212036,0.9855570793151855,0.051817767322063446
gap,3,0.03508468717336655,0.983229398727417,0.05685032531619072
gap,4,0.03717907890677452,0.9849709272384644,0.055830422788858414
