target,split,test/mae,test/r2,test/rmse,model
homo_extrapolated,0,0.10308557148984766,0.9248280330757771,0.14610268349814362,Linear
homo_extrapolated,0,0.08005207042119929,0.9518118189802633,0.11697700622588855,RF
homo_extrapolated,0,0.0818092672337118,0.9513126792745654,0.11758127731368069,XGB
homo_extrapolated,1,0.11041283937149333,0.9109204708975402,0.1668851595534567,Linear
homo_extrapolated,1,0.0831540435154008,0.9457713283437263,0.13020967208870265,RF
homo_extrapolated,1,0.08318943177373427,0.9455544494684311,0.13046978862510805,XGB
homo_extrapolated,2,0.09930656719899861,0.9282842964243554,0.1414595337235936,Linear
homo_extrapolated,2,0.07892744760958527,0.9542453508287945,0.11299070160175284,RF
homo_extrapolated,2,0.08297823652393059,0.9488224180741581,0.11949919277136758,XGB
homo_extrapolated,3,0.09924304303200791,0.922276777813391,0.15698203594611598,Linear
homo_extrapolated,3,0.08181812773401596,0.949368386731872,0.12670257509527752,RF
homo_extrapolated,3,0.0826694299159102,0.9469477984261616,0.12969590511940374,XGB
homo_extrapolated,4,0.10231990565783616,0.9225028635802313,0.14800117452619566,Linear
homo_extrapolated,4,0.08129142136696474,0.9467808846294826,0.12264678263000806,RF
homo_extrapolated,4,0.08247681753331293,0.9413663515658822,0.12873474990241718,XGB
