target,split,test/mae,test/r2,test/rmse
delta_lumo,0,0.034523770213127136,0.8931817412376404,0.04931558296084404
delta_lumo,1,0.03495914861559868,0.8825334310531616,0.05254289135336876
delta_lumo,2,0.03580983728170395,0.8195087313652039,0.0644998624920845
delta_lumo,3,0.03414047136902809,0.8880394697189331,0.05000365525484085
delta_lumo,4,0.03505164012312889,0.8796701431274414,0.053825266659259796
