target,split,test/mae,test/r2,test/rmse
delta_optical_lumo,0,0.0664127916097641,0.6558719873428345,0.08827831596136093
delta_optical_lumo,1,0.07171489298343658,0.601055383682251,0.09773190319538116
delta_optical_lumo,2,0.07237786799669266,0.5993292331695557,0.09807179868221283
delta_optical_lumo,3,0.06894771754741669,0.6238343715667725,0.09253838658332825
delta_optical_lumo,4,0.07003725320100784,0.5957323312759399,0.09857545047998428
