test/mae,test/rmse,test/r2,split,target
0.06688876450061798,0.10397075861692429,0.9426498413085938,0,gap_extrapolated
0.06862606853246689,0.12011021375656128,0.9235460758209229,1,gap_extrapolated
0.07061932235956192,0.12015718966722488,0.9174516797065735,2,gap_extrapolated
0.0672883540391922,0.10767019540071487,0.939685583114624,3,gap_extrapolated
0.0632142424583435,0.09782220423221588,0.947843611240387,4,gap_extrapolated
