target,split,test/mae,test/r2,test/rmse
delta_optical_lumo,0,0.0912606418132782,0.3798424005508423,0.11850728839635849
delta_optical_lumo,1,0.09771168977022171,0.31311529874801636,0.12823955714702606
delta_optical_lumo,2,0.09813302010297775,0.2886333465576172,0.13067637383937836
delta_optical_lumo,3,0.09548528492450714,0.3440725803375244,0.12219692766666412
delta_optical_lumo,4,0.0969606563448906,0.3350505828857422,0.12642371654510498
