target,split,test/mae,test/r2,test/rmse
gap_extrapolated,0,0.1878075748682022,0.6567209959030151,0.25437089800834656
gap_extrapolated,1,0.18766482174396515,0.6365716457366943,0.26187220215797424
gap_extrapolated,2,0.3106860816478729,-188.9679718017578,5.764158248901367
gap_extrapolated,3,0.1862354874610901,0.6572891473770142,0.2566545307636261
gap_extrapolated,4,0.1695290207862854,0.6982546448707581,0.23529024422168732
