target,split,test/mae,test/r2,test/rmse
homo_extrapolated,0,0.06651442497968674,0.9641658663749695,0.1008736863732338
homo_extrapolated,1,0.06955350935459137,0.9493573904037476,0.12583068013191223
homo_extrapolated,2,0.06433387845754623,0.9540545344352722,0.11322537064552307
homo_extrapolated,3,0.06263488531112671,0.9668396711349487,0.10253725200891495
homo_extrapolated,4,0.06323783844709396,0.9599835276603699,0.10635226964950562
