target,split,test/mae,test/r2,test/rmse
homo_extrapolated,0,0.06992173194885254,0.9600695967674255,0.10648324340581894
homo_extrapolated,1,0.07134277373552322,0.9466363787651062,0.12916694581508636
homo_extrapolated,2,0.06904909759759903,0.934408962726593,0.135283425450325
homo_extrapolated,3,0.06614624708890915,0.9593612551689148,0.11351214349269867
homo_extrapolated,4,0.06729941070079803,0.9614565968513489,0.10437644273042679
