target,split,test/mae,test/r2,test/rmse
homo,0,0.04826118424534798,0.978431761264801,0.07087168097496033
homo,1,0.046215470880270004,0.9816354513168335,0.07047825306653976
homo,2,0.047999586910009384,0.9352061748504639,0.12454397231340408
homo,3,0.04355684667825699,0.9824377298355103,0.06763476878404617
homo,4,0.04816550016403198,0.9756803512573242,0.07759664207696915
