target,split,test/mae,test/r2,test/rmse
gap,0,0.14400145411491394,0.7955594062805176,0.1947152465581894
gap,1,0.1344834864139557,0.8042012453079224,0.1952810436487198
gap,2,0.134214848279953,0.8160549402236938,0.18492485582828522
gap,3,0.1434362828731537,0.7665904760360718,0.21208882331848145
gap,4,0.13052190840244293,0.8433679342269897,0.18023768067359924
