target,split,test/mae,test/r2,test/rmse
homo,0,0.037676744163036346,0.9860411286354065,0.057015132158994675
homo,1,0.037688955664634705,0.98650723695755,0.06041095033288002
homo,2,0.04040253162384033,0.8613659739494324,0.182175874710083
homo,3,0.03542384132742882,0.9878528118133545,0.056249383836984634
homo,4,0.037522874772548676,0.981413722038269,0.06783602386713028
