target,split,test/mae,test/r2,test/rmse
lumo,0,0.032938048243522644,0.9931036233901978,0.048198018223047256
lumo,1,0.0352579727768898,0.9925620555877686,0.051356106996536255
lumo,2,0.034784946590662,0.9905970096588135,0.0564202181994915
lumo,3,0.03317590430378914,0.9929283857345581,0.04967175051569939
lumo,4,0.03384775295853615,0.9917972683906555,0.05355493724346161
