target,split,test/mae,test/r2,test/rmse
delta_optical_lumo,0,0.045229531824588776,0.8138420581817627,0.06492841243743896
delta_optical_lumo,1,0.04745825380086899,0.8053194880485535,0.06827179342508316
delta_optical_lumo,2,0.045567598193883896,0.8148068189620972,0.06667497009038925
delta_optical_lumo,3,0.045278821140527725,0.8143817782402039,0.0650043934583664
delta_optical_lumo,4,0.04802260547876358,0.7702244520187378,0.07431665062904358
