target,split,test/mae,test/r2,test/rmse
homo,0,0.03634108975529671,0.986727774143219,0.05559515580534935
homo,1,0.038378357887268066,0.9858454465866089,0.06187472492456436
homo,2,0.03810190409421921,0.9043427109718323,0.1513264924287796
homo,3,0.03652510046958923,0.9871032238006592,0.057958923280239105
homo,4,0.03668796643614769,0.9817150831222534,0.06728382408618927
