target,split,test/mae,test/r2,test/rmse
gap,0,0.035717930644750595,0.9828454852104187,0.056403420865535736
gap,1,0.036729153245687485,0.9773918390274048,0.06635715812444687
gap,2,0.03388184681534767,0.9850636720657349,0.052695438265800476
gap,3,0.03581378236413002,0.9834572672843933,0.05646280199289322
gap,4,0.03611333295702934,0.9845861792564392,0.05654061213135719
