target,split,test/mae,test/r2,test/rmse
spectral_overlap,0,316.7346496582031,0.8836667537689209,457.8388366699219
spectral_overlap,1,329.7886047363281,0.8683209419250488,462.40509033203125
spectral_overlap,2,285.0339050292969,0.902820885181427,410.2663269042969
spectral_overlap,3,286.3004455566406,0.9030846953392029,415.3031005859375
spectral_overlap,4,292.985595703125,0.9062790870666504,419.3704833984375
