target,split,test/mae,test/r2,test/rmse
homo_extrapolated,0,0.07362056523561478,0.9576836228370667,0.10961844772100449
homo_extrapolated,1,0.0781005471944809,0.9150081872940063,0.1630111038684845
homo_extrapolated,2,0.07252781838178635,0.9587451219558716,0.10729015618562698
homo_extrapolated,3,0.09020212292671204,0.9441536664962769,0.13306672871112823
homo_extrapolated,4,0.07072464376688004,0.9590101838111877,0.107637919485569
