target,split,test/mae,test/r2,test/rmse
gap,0,0.05197952315211296,0.9671701788902283,0.07802803814411163
gap,1,0.053878236562013626,0.9627591967582703,0.08516569435596466
gap,2,0.05152491107583046,0.9631339311599731,0.08278746902942657
gap,3,0.04827406257390976,0.9608861207962036,0.08682084828615189
gap,4,0.0527629479765892,0.9721016883850098,0.07606665045022964
