target,split,test/mae,test/r2,test/rmse
gap,0,0.0376669317483902,0.9812284708023071,0.05900190770626068
gap,1,0.040422555059194565,0.9754360914230347,0.06916777789592743
gap,2,0.038966111838817596,0.9818045496940613,0.05816114321351051
gap,3,0.03718828037381172,0.97616046667099,0.06778088212013245
gap,4,0.0377856120467186,0.9837305545806885,0.05808871611952782
