target,split,test/mae,test/r2,test/rmse
optical_lumo,0,0.16634158790111542,0.833811342716217,0.2192646712064743
optical_lumo,1,0.1663680076599121,0.8406336307525635,0.2239086627960205
optical_lumo,2,0.161168172955513,0.8408330678939819,0.21658603847026825
optical_lumo,3,0.18353129923343658,0.8106568455696106,0.24389789998531342
optical_lumo,4,0.17016944289207458,0.830594003200531,0.22809471189975739
