target,split,test/mae,test/r2,test/rmse
optical_lumo,0,0.0332106314599514,0.990888774394989,0.051340118050575256
optical_lumo,1,0.03472670912742615,0.9912770986557007,0.05238453671336174
optical_lumo,2,0.0327458381652832,0.9915289878845215,0.04996572434902191
optical_lumo,3,0.03144067898392677,0.9926525354385376,0.04804550111293793
optical_lumo,4,0.03430526703596115,0.9888511300086975,0.05851493030786514
