target,split,test/mae,test/r2,test/rmse
gap_extrapolated,0,0.08021516352891922,0.9165195226669312,0.1254400610923767
gap_extrapolated,1,0.07931696623563766,0.8962878584861755,0.1398925930261612
gap_extrapolated,2,0.07754514366388321,0.9046597480773926,0.1291319727897644
gap_extrapolated,3,0.07397055625915527,0.9294777512550354,0.11642550677061081
gap_extrapolated,4,0.07381817698478699,0.9354597330093384,0.10881756246089935
