target,split,test/mae,test/r2,test/rmse
homo,0,0.10961564630270004,0.9039961695671082,0.14952352643013
homo,1,0.11665607243776321,0.9030994176864624,0.16189299523830414
homo,2,0.6029917001724243,-1841.606689453125,21.002561569213867
homo,3,0.10843966156244278,0.9165394306182861,0.14744165539741516
homo,4,0.1128082349896431,0.9045817852020264,0.15370211005210876
