target,split,test/mae,test/r2,test/rmse
spectral_overlap,0,95.4863510131836,0.9841123819351196,169.19598388671875
spectral_overlap,1,106.24748992919922,0.979604959487915,181.9810028076172
spectral_overlap,2,96.94873809814453,0.9855005741119385,158.47288513183594
spectral_overlap,3,107.93891143798828,0.9839403033256531,169.05877685546875
spectral_overlap,4,103.45045471191406,0.9836068749427795,175.3924102783203
