target,split,test/mae,test/r2,test/rmse
gap,0,0.16119542717933655,0.7483230829238892,0.21604196727275848
gap,1,0.15500257909297943,0.733501672744751,0.22782552242279053
gap,2,0.30874693393707275,-248.81956481933594,6.814977645874023
gap,3,0.1475183218717575,0.7685341835021973,0.21120388805866241
gap,4,0.1472916454076767,0.8083016276359558,0.199395090341568
