target,split,test/mae,test/r2,test/rmse
gap,0,0.1632208377122879,0.7441741824150085,0.21781541407108307
gap,1,0.1570216417312622,0.7499987483024597,0.22066134214401245
gap,2,0.5590224266052246,-1627.9146728515625,17.402048110961914
gap,3,0.1488037258386612,0.759466826915741,0.21530096232891083
gap,4,0.15237314999103546,0.7964043021202087,0.20548944175243378
