target,split,test/mae,test/r2,test/rmse
gap,0,0.06669721007347107,0.949587345123291,0.09669104218482971
gap,1,0.07145852595567703,0.9368316531181335,0.11091872304677963
gap,2,0.06560323387384415,0.9332329034805298,0.11141210049390793
gap,3,0.06290243566036224,0.941178023815155,0.10647023469209671
gap,4,0.070175401866436,0.9522531628608704,0.09951247274875641
