test/mae,test/rmse,test/r2,split,target
0.08290306478738785,0.12087394297122955,0.9485474824905396,0,homo_extrapolated
0.08222176879644394,0.1553354561328888,0.9228236675262451,1,homo_extrapolated
0.0764928013086319,0.11006352305412292,0.9565847516059875,2,homo_extrapolated
0.07537584751844406,0.12231066823005676,0.9528171420097351,3,homo_extrapolated
0.07674358040094376,0.11457546800374985,0.9535561203956604,4,homo_extrapolated
