target,split,test/mae,test/r2,test/rmse
gap_extrapolated,0,0.09987545758485794,0.8842010498046875,0.14773932099342346
gap_extrapolated,1,0.09657455235719681,0.8724304437637329,0.1551506221294403
gap_extrapolated,2,0.0972786620259285,0.8768038153648376,0.1467892825603485
gap_extrapolated,3,0.09841051697731018,0.8905817866325378,0.14502061903476715
gap_extrapolated,4,0.09020934998989105,0.9020322561264038,0.13406799733638763
