target,split,test/mae,test/r2,test/rmse
delta_optical_lumo,0,0.040143102407455444,0.8472323417663574,0.05881793051958084
delta_optical_lumo,1,0.04097530618309975,0.8472052216529846,0.060483142733573914
delta_optical_lumo,2,0.04146368056535721,0.8292578458786011,0.06402073055505753
delta_optical_lumo,3,0.03882802277803421,0.8631667494773865,0.055812083184719086
delta_optical_lumo,4,0.041825614869594574,0.8069264888763428,0.06812328845262527
