target,split,test/mae,test/r2,test/rmse
gap_extrapolated,0,0.1188836470246315,0.8521274328231812,0.16695049405097961
gap_extrapolated,1,0.1216495931148529,0.8325613737106323,0.17774926126003265
gap_extrapolated,2,0.120258629322052,0.8189190030097961,0.177963986992836
gap_extrapolated,3,0.11403430998325348,0.8565127849578857,0.1660701483488083
gap_extrapolated,4,0.11156706511974335,0.8648229241371155,0.1574835330247879
