target,split,test/mae,test/r2,test/rmse
lumo,0,0.1523733139038086,0.8694915771484375,0.20967082679271698
lumo,1,0.15487739443778992,0.8722276091575623,0.21285521984100342
lumo,2,0.15398304164409637,0.8720364570617676,0.20813481509685516
lumo,3,0.15210555493831635,0.8762611150741577,0.20778019726276398
lumo,4,0.15112876892089844,0.8839678764343262,0.20142294466495514
