target,split,test/mae,test/r2,test/rmse
homo_extrapolated,0,0.12439664453268051,0.8945546746253967,0.17303858697414398
homo_extrapolated,1,0.12144952267408371,0.8828089833259583,0.19141490757465363
homo_extrapolated,2,0.11783596128225327,0.8890269994735718,0.17596691846847534
homo_extrapolated,3,0.12142336368560791,0.8836838603019714,0.19204020500183105
homo_extrapolated,4,0.12224066257476807,0.8904208540916443,0.17599134147167206
