target,split,test/mae,test/r2,test/rmse
delta_optical_lumo,0,0.06134233996272087,0.6986275911331177,0.08261250704526901
delta_optical_lumo,1,0.0587892159819603,0.7202731370925903,0.0818365216255188
delta_optical_lumo,2,0.06237393990159035,0.6831696033477783,0.08720948547124863
delta_optical_lumo,3,0.05714523047208786,0.7261977791786194,0.07894977182149887
delta_optical_lumo,4,0.060817379504442215,0.6812148094177246,0.0875353217124939
