target,split,test/mae,test/r2,test/rmse
optical_lumo,0,0.0750977024435997,0.9607744216918945,0.10652527213096619
optical_lumo,1,0.07552962005138397,0.960788369178772,0.11106571555137634
optical_lumo,2,0.07464264333248138,0.8981488943099976,0.17325544357299805
optical_lumo,3,0.07073467969894409,0.9606472849845886,0.11119121313095093
optical_lumo,4,0.07812152057886124,0.9561582803726196,0.11603653430938721
