target,split,test/mae,test/r2,test/rmse
homo_extrapolated,0,0.07570123672485352,0.9571003317832947,0.11037132143974304
homo_extrapolated,1,0.07793977856636047,0.942267119884491,0.1343507617712021
homo_extrapolated,2,0.07486693561077118,0.9104788303375244,0.1580466479063034
homo_extrapolated,3,0.07148034125566483,0.9588350057601929,0.1142447218298912
homo_extrapolated,4,0.07391522824764252,0.9553221464157104,0.11237599700689316
