target,split,test/mae,test/r2,test/rmse
homo,0,0.04598638415336609,0.9793733954429626,0.06930731236934662
homo,1,0.04787448048591614,0.9802828431129456,0.0730275884270668
homo,2,0.045176587998867035,0.9813789129257202,0.06676645576953888
homo,3,0.04536735266447067,0.9822253584861755,0.06804249435663223
homo,4,0.05087058246135712,0.9719339609146118,0.08335940539836884
