target,split,test/mae,test/r2,test/rmse
delta_optical_lumo,0,0.09013909101486206,0.387803316116333,0.11774419993162155
delta_optical_lumo,1,0.09429746866226196,0.3775562644004822,0.12207595258951187
delta_optical_lumo,2,0.4361954629421234,-8831.7490234375,14.561236381530762
delta_optical_lumo,3,0.09094385802745819,0.374284029006958,0.11934961378574371
delta_optical_lumo,4,0.08763391524553299,0.44373029470443726,0.11563171446323395
