target,split,test/mae,test/r2,test/rmse
gap,0,0.08046147227287292,0.9291995763778687,0.11458674818277359
gap,1,0.09506172686815262,0.8948672413825989,0.14309489727020264
gap,2,0.075350821018219,0.9363222122192383,0.10880406945943832
gap,3,0.0769367665052414,0.9249163866043091,0.12029041349887848
gap,4,0.08089270442724228,0.9375081062316895,0.1138458251953125
