test/mae,test/rmse,test/r2,split,target
0.06437884271144867,0.09880559146404266,0.9656201004981995,0,homo_extrapolated
0.06963343173265457,0.1203434094786644,0.9536780118942261,1,homo_extrapolated
0.06710062175989151,0.14505723118782043,0.9245890974998474,2,homo_extrapolated
0.06333188712596893,0.1054086834192276,0.9649564027786255,3,homo_extrapolated
0.06487071514129639,0.10749340057373047,0.9591202139854431,4,homo_extrapolated
