test/mae,test/rmse,test/r2,split,target
0.21984319388866425,0.5659804940223694,-0.12809157371520996,0,homo_extrapolated
0.2171175181865692,0.30643323063850403,0.6996591091156006,1,homo_extrapolated
,,,2,homo_extrapolated
0.21001815795898438,0.28439265489578247,0.7449105381965637,3,homo_extrapolated
0.2066565603017807,0.27316170930862427,0.7360115051269531,4,homo_extrapolated
