target,split,test/mae,test/r2,test/rmse
homo_extrapolated,0,0.14656177163124084,0.8633179068565369,0.19700855016708374
homo_extrapolated,1,0.15401960909366608,0.7997281551361084,0.25022950768470764
homo_extrapolated,2,0.37858515977859497,-395.0687561035156,10.51253890991211
homo_extrapolated,3,0.14768584072589874,0.866369366645813,0.20583780109882355
homo_extrapolated,4,0.14040304720401764,0.8676595687866211,0.19340762495994568
