target,split,test/mae,test/r2,test/rmse
gap,0,0.06709494441747665,0.9487680196762085,0.09747357666492462
gap,1,0.06733427196741104,0.9410070180892944,0.10719025880098343
gap,2,0.06678267568349838,0.9257377982139587,0.11749927699565887
gap,3,0.06388111412525177,0.9435259699821472,0.10432365536689758
gap,4,0.07083626091480255,0.9512327313423157,0.10057021677494049
