target,split,test/mae,test/r2,test/rmse
spectral_overlap,0,128.51805114746094,0.9787450432777405,195.70008850097656
spectral_overlap,1,125.95745086669922,0.9755873084068298,199.10032653808594
spectral_overlap,2,122.33382415771484,0.9803534746170044,184.46852111816406
spectral_overlap,3,107.97343444824219,0.9817003011703491,180.4642791748047
spectral_overlap,4,114.76856994628906,0.9813714027404785,186.96910095214844
