target,split,test/mae,test/r2,test/rmse
gap,0,0.0677429810166359,0.9467647671699524,0.09936100244522095
gap,1,0.0751643031835556,0.9315617084503174,0.11545287072658539
gap,2,0.0710625946521759,0.943070113658905,0.10287775844335556
gap,3,0.07209525257349014,0.9418219923973083,0.1058858260512352
gap,4,0.07612534612417221,0.9423467516899109,0.10934960097074509
