target,split,test/mae,test/r2,test/rmse
homo,0,0.05664961412549019,0.9711100459098816,0.08202362060546875
homo,1,0.05868881195783615,0.9731825590133667,0.08516737818717957
homo,2,0.05511309206485748,0.9304765462875366,0.12900947034358978
homo,3,0.055042583495378494,0.9730045795440674,0.08385418355464935
homo,4,0.05892369896173477,0.9656175374984741,0.0922640860080719
