target,split,test/mae,test/r2,test/rmse
gap_extrapolated,0,0.06865914911031723,0.9386876225471497,0.10750215500593185
gap_extrapolated,1,0.07009472697973251,0.9126449823379517,0.12838897109031677
gap_extrapolated,2,0.06851108372211456,0.9168593287467957,0.12058792263269424
gap_extrapolated,3,0.06538433581590652,0.9355587959289551,0.1112922728061676
gap_extrapolated,4,0.06504638493061066,0.9407395720481873,0.10427065193653107
