target,split,test/mae,test/r2,test/rmse
homo_extrapolated,0,0.060274675488471985,0.96995609998703,0.09236504137516022
homo_extrapolated,1,0.06175565347075462,0.9543875455856323,0.1194181740283966
homo_extrapolated,2,0.05797651410102844,0.9690527319908142,0.09292520582675934
homo_extrapolated,3,0.06522074341773987,0.9621545076370239,0.10954160243272781
homo_extrapolated,4,0.058045778423547745,0.9648514986038208,0.0996737852692604
