target,split,test/mae,test/r2,test/rmse,model
delta_lumo,0,0.05614056756069469,0.7487121548465288,0.07563921806695603,Linear
delta_lumo,0,0.03591106771040865,0.8763576223440852,0.05305727774645717,RF
delta_lumo,0,0.03675823868922223,0.872076628382053,0.05396798935818985,XGB
delta_lumo,1,0.054218772739652116,0.7733443342984916,0.0729860845390904,Linear
delta_lumo,1,0.03667124285036005,0.8770301534177701,0.053759607793922776,RF
delta_lumo,1,0.0384351315895007,0.8654914916045581,0.056225283560042,XGB
delta_lumo,2,0.0523855032597435,0.7631920190740505,0.07388034191578793,Linear
delta_lumo,2,0.03684562610063836,0.8566856517454264,0.057474548157794327,RF
delta_lumo,2,0.03849403053528312,0.8477297722774992,0.05924316167907107,XGB
