target,split,test/mae,test/r2,test/rmse
optical_lumo,0,0.03686359524726868,0.9897463321685791,0.05446416512131691
optical_lumo,1,0.038949087262153625,0.9879292249679565,0.06162296608090401
optical_lumo,2,0.038432080298662186,0.956243097782135,0.11355988681316376
optical_lumo,3,0.036532267928123474,0.9899500608444214,0.056191336363554
optical_lumo,4,0.03820526599884033,0.9872170090675354,0.06265624612569809
