target,split,test/mae,test/r2,test/rmse
lumo,0,0.05288343131542206,0.9831936359405518,0.07524117082357407
lumo,1,0.055031631141901016,0.9825034737586975,0.07876650243997574
lumo,2,0.04994823783636093,0.9830694198608398,0.07570723444223404
lumo,3,0.048985715955495834,0.9864886999130249,0.06865929067134857
lumo,4,0.052004992961883545,0.9820107817649841,0.07930967211723328
