target,split,test/mae,test/r2,test/rmse
gap,0,0.09635311365127563,0.8929676413536072,0.14088799059391022
gap,1,0.10892367362976074,0.864287257194519,0.16257937252521515
gap,2,0.10395599156618118,0.8685005307197571,0.15635551512241364
gap,3,0.09913564473390579,0.8609166741371155,0.1637178510427475
gap,4,0.09870614856481552,0.9062187075614929,0.1394643932580948
