target,split,test/mae,test/r2,test/rmse
gap,0,0.10745415836572647,0.8805025219917297,0.14886610209941864
gap,1,0.1095801442861557,0.8726930618286133,0.15746396780014038
gap,2,0.1088680699467659,0.4919305443763733,0.3073355257511139
gap,3,0.10864166170358658,0.8420608639717102,0.17446300387382507
gap,4,0.11882438510656357,0.874980628490448,0.16102519631385803
