target,split,test/mae,test/r2,test/rmse
optical_lumo,0,0.2094815373420715,0.5038716793060303,0.378847986459732
optical_lumo,1,0.2126377671957016,0.7289319038391113,0.2920194864273071
optical_lumo,2,1.0817748308181765,-4670.35009765625,37.10438919067383
optical_lumo,3,0.2059666365385055,0.7456612586975098,0.2826763987541199
optical_lumo,4,0.2088862955570221,0.756476879119873,0.2734770774841308
