target,split,test/mae,test/r2,test/rmse
optical_lumo,0,0.14049272239208221,0.8722465634346008,0.19224466383457184
optical_lumo,1,0.13437271118164062,0.8790891766548157,0.19503167271614075
optical_lumo,2,0.3496030569076538,-289.8907775878906,9.259105682373047
optical_lumo,3,0.1268891990184784,0.8948628902435303,0.18174448609352112
optical_lumo,4,0.138932466506958,0.8856191635131836,0.18742498755455017
