target,split,test/mae,test/r2,test/rmse
gap,0,0.14199259877204895,0.8041821718215942,0.19056473672389984
gap,1,0.13810449838638306,0.8033832311630249,0.19568857550621033
gap,2,0.13143759965896606,0.8228335380554199,0.18148550391197205
gap,3,0.13600943982601166,0.7823752760887146,0.2047918140888214
gap,4,0.13467758893966675,0.8341960906982422,0.18543964624404907
