target,split,test/mae,test/r2,test/rmse
spectral_overlap,0,102.60020446777344,0.9834762215614319,172.55010986328125
spectral_overlap,1,108.80979919433594,0.9822384119033813,169.8263397216797
spectral_overlap,2,111.13163757324219,0.9827520847320557,172.8414306640625
spectral_overlap,3,98.61282348632812,0.9832940697669983,172.426513671875
spectral_overlap,4,105.44429779052734,0.984115719795227,172.64865112304688
