target,split,test/mae,test/r2,test/rmse
delta_optical_lumo,0,0.05570780858397484,0.7491017580032349,0.0753776952624321
delta_optical_lumo,1,0.05370759591460228,0.7633341550827026,0.0752745047211647
delta_optical_lumo,2,0.05619042366743088,0.6570166945457458,0.0907374918460846
delta_optical_lumo,3,0.052522215992212296,0.7641631364822388,0.07327203452587128
delta_optical_lumo,4,0.05244894698262215,0.7489485740661621,0.07768113911151886
