target,split,test/mae,test/r2,test/rmse
optical_lumo,0,0.1297907680273056,0.8802673816680908,0.1861119419336319
optical_lumo,1,0.1373520940542221,0.8856757879257202,0.18964515626430511
optical_lumo,2,0.12507106363773346,0.8956931233406067,0.1753317415714264
optical_lumo,3,0.13707350194454193,0.8903651833534241,0.18559126555919647
optical_lumo,4,0.1407613456249237,0.8865814208984375,0.18663492798805237
