target,split,test/mae,test/r2,test/rmse
lumo,0,0.040728263556957245,0.9905682802200317,0.05636569485068321
lumo,1,0.04112439602613449,0.9892831444740295,0.06164529174566269
lumo,2,0.04112467169761658,0.9890516400337219,0.0608801394701004
lumo,3,0.040732041001319885,0.9900470972061157,0.058928653597831726
lumo,4,0.04218155890703201,0.9880049824714661,0.06476207822561264
