target,split,test/mae,test/r2,test/rmse
gap,0,0.19227559864521027,0.6509456634521484,0.25442683696746826
gap,1,0.18131856620311737,0.6777223348617554,0.2505360543727875
gap,2,0.500103235244751,-993.3576049804688,13.596355438232422
gap,3,0.18975362181663513,0.6384621858596802,0.26395830512046814
gap,4,0.18001489341259003,0.7184147834777832,0.24166300892829895
