target,split,test/mae,test/r2,test/rmse
spectral_overlap,0,97.07361602783203,0.9843751788139343,167.79087829589844
spectral_overlap,1,99.51117706298828,0.982505202293396,168.54620361328125
spectral_overlap,2,102.60990142822266,0.9838975071907043,167.00357055664062
spectral_overlap,3,101.81714630126953,0.9849221110343933,163.80947875976562
spectral_overlap,4,98.74356842041016,0.9857200384140015,163.69781494140625
