target,split,test/mae,test/r2,test/rmse
spectral_overlap,0,183.7604522705078,0.9560171961784363,281.5154113769531
spectral_overlap,1,181.37823486328125,0.9543916583061218,272.1361389160156
spectral_overlap,2,182.67977905273438,0.9567541480064392,273.68536376953125
spectral_overlap,3,160.6603546142578,0.9658200144767761,246.6351318359375
spectral_overlap,4,182.00331115722656,0.9610837697982788,270.2372131347656
