target,split,test/mae,test/r2,test/rmse
spectral_overlap,0,448.68731689453125,0.7754253149032593,636.123046875
spectral_overlap,1,411.0966796875,0.7873075604438782,587.6790771484375
spectral_overlap,2,479.1925048828125,0.7081943154335022,710.9291381835938
spectral_overlap,3,399.2837219238281,0.826708972454071,555.3375854492188
spectral_overlap,4,449.5893249511719,0.7772952914237976,646.4640502929688
