target,split,test/mae,test/r2,test/rmse
spectral_overlap,0,127.6019058227539,0.9759323000907898,208.24659729003906
spectral_overlap,1,118.9596176147461,0.9778590202331543,189.61062622070312
spectral_overlap,2,118.05699920654297,0.9690568447113037,231.50576782226562
spectral_overlap,3,113.00557708740234,0.9812570214271545,182.63674926757812
spectral_overlap,4,117.97354888916016,0.9808629155158997,189.50360107421875
