target,split,test/mae,test/r2,test/rmse
delta_optical_lumo,0,0.046734560281038284,0.8104106187820435,0.06552409380674362
delta_optical_lumo,1,0.045938070863485336,0.8170575499534607,0.06618161499500275
delta_optical_lumo,2,0.04665863886475563,0.7889975309371948,0.07116951793432236
delta_optical_lumo,3,0.04502140358090401,0.8222763538360596,0.06360702216625214
delta_optical_lumo,4,0.045968614518642426,0.7846270799636841,0.07194983959197998
