target,split,test/mae,test/r2,test/rmse
gap,0,0.03692974895238876,0.9810872673988342,0.05922343581914902
gap,1,0.039497289806604385,0.9733434319496155,0.07205387949943542
gap,2,0.04013115167617798,0.9815734624862671,0.05852923169732094
gap,3,0.03862345963716507,0.9764924645423889,0.0673072412610054
gap,4,0.03923913836479187,0.9832106232643127,0.05900957062840462
