target,split,test/mae,test/r2,test/rmse
delta_optical_lumo,0,0.03644711151719093,0.8752928376197815,0.05314222350716591
delta_optical_lumo,1,0.035062406212091446,0.8704169392585754,0.055699869990348816
delta_optical_lumo,2,0.03459862992167473,0.8711123466491699,0.055623192340135574
delta_optical_lumo,3,0.03312237933278084,0.8871017694473267,0.05069626122713089
delta_optical_lumo,4,0.03406007960438728,0.8542073965072632,0.0591973178088665
