target,split,test/mae,test/r2,test/rmse
homo_extrapolated,0,0.08597616851329803,0.9465069770812988,0.1232474148273468
homo_extrapolated,1,0.08955127000808716,0.9195932745933533,0.1585531234741211
homo_extrapolated,2,0.0876203328371048,0.8677660822868347,0.1920851469039917
homo_extrapolated,3,0.08596406131982803,0.9468750357627869,0.12978410720825195
homo_extrapolated,4,0.08101556450128555,0.9510480165481567,0.11762849241495132
