target,split,test/mae,test/r2,test/rmse
gap_extrapolated,0,0.18413938581943512,0.6653527021408081,0.25115248560905457
gap_extrapolated,1,0.17756222188472748,0.6566352844238281,0.2545410394668579
gap_extrapolated,2,0.17264528572559357,0.6407173871994019,0.25067660212516785
gap_extrapolated,3,0.18252268433570862,0.6339919567108154,0.26523467898368835
gap_extrapolated,4,0.1674036979675293,0.7121336460113525,0.22981536388397217
