target,split,test/mae,test/r2,test/rmse
lumo,0,0.17299972474575043,0.8432300090789795,0.22980009019374847
lumo,1,0.17637945711612701,0.8403381705284119,0.23793940246105194
lumo,2,0.9603236317634583,-3256.48388671875,33.2079963684082
lumo,3,0.16080309450626373,0.859533965587616,0.2213791459798813
lumo,4,0.17906548082828522,0.83885657787323,0.23737016320228577
