target,split,test/mae,test/r2,test/rmse
delta_optical_lumo,0,0.042377687990665436,0.8422993421554565,0.05976002290844917
delta_optical_lumo,1,0.04116916283965111,0.8454427123069763,0.0608309842646122
delta_optical_lumo,2,0.0407700277864933,0.822097659111023,0.06534932553768158
delta_optical_lumo,3,0.03899866342544556,0.8563947677612305,0.057176489382982254
delta_optical_lumo,4,0.04064658656716347,0.8232390284538269,0.06518196314573288
