test/mae,test/rmse,test/r2,split,target
0.0713157951831817,0.1065760478377342,0.9599999189376832,0,homo_extrapolated
0.0785660743713378,0.1494129300117492,0.928596556186676,1,homo_extrapolated
0.0715842470526695,0.1056430339813232,0.9600021243095398,2,homo_extrapolated
0.070433422923088,0.113144651055336,0.95962393283844,3,homo_extrapolated
0.0690628141164779,0.1067321375012397,0.959697127342224,4,homo_extrapolated
