target,split,test/mae,test/r2,test/rmse
optical_lumo,0,0.0506165586411953,0.9811592102050781,0.07382740080356598
optical_lumo,1,0.051107969135046005,0.9792181849479675,0.08085640519857407
optical_lumo,2,0.05015190318226814,0.9825581908226013,0.07169686257839203
optical_lumo,3,0.04886207357048988,0.9823390245437622,0.07448872923851013
optical_lumo,4,0.05520166456699371,0.9760205149650574,0.08581650257110596
