target,split,test/mae,test/r2,test/rmse
lumo,0,0.09138121455907822,0.950095534324646,0.12965472042560577
lumo,1,0.09345675259828568,0.9482508897781372,0.1354619562625885
lumo,2,0.09148664772510529,0.8989992141723633,0.18491151928901672
lumo,3,0.09143727272748947,0.951887309551239,0.12956294417381287
lumo,4,0.09005063772201538,0.9525120258331299,0.1288580447435379
