target,split,test/mae,test/r2,test/rmse
gap_extrapolated,0,0.06707339733839035,0.9409347176551819,0.10551396012306213
gap_extrapolated,1,0.06857021898031235,0.916576623916626,0.12546536326408386
gap_extrapolated,2,0.06855999678373337,0.9251673221588135,0.11440403759479523
gap_extrapolated,3,0.07307781279087067,0.9342063069343567,0.11245455592870712
gap_extrapolated,4,0.06432704627513885,0.9468011856079102,0.09879489988088608
