target,split,test/mae,test/r2,test/rmse
gap_extrapolated,0,0.26854822039604187,-0.1596369743347168,0.46752503514289856
gap_extrapolated,1,0.25089436769485474,0.39510446786880493,0.3378470540046692
gap_extrapolated,2,0.39174893498420715,-240.98037719726562,6.5055766105651855
gap_extrapolated,3,0.2613733112812042,0.14012491703033447,0.4065394401550293
gap_extrapolated,4,0.23580799996852875,0.46981608867645264,0.311886727809906
