target,split,test/mae,test/r2,test/rmse
spectral_overlap,0,431.573486328125,0.6898221969604492,747.594482421875
spectral_overlap,1,418.1801452636719,0.7905181646347046,583.2266845703125
spectral_overlap,2,9644.37890625,-86819.2421875,387784.0625
spectral_overlap,3,432.77581787109375,0.19384247064590454,1197.7852783203125
spectral_overlap,4,424.83935546875,0.8137331604957581,591.2176513671875
