test/mae,test/rmse,test/r2,split,target
0.06833072751760483,0.09005047380924225,0.6419167518615723,0,delta_optical_lumo
0.07427474856376648,0.1001277044415474,0.5812562704086304,1,delta_optical_lumo
0.06994569301605225,0.09506269544363022,0.6235393285751343,2,delta_optical_lumo
0.07178886979818344,0.0951579138636589,0.6022363901138306,3,delta_optical_lumo
0.07406222075223923,0.10145299881696701,0.571785569190979,4,delta_optical_lumo
