target,split,test/mae,test/r2,test/rmse
optical_lumo,0,0.034450653940439224,0.9905303120613098,0.05234021320939064
optical_lumo,1,0.034978315234184265,0.9884042739868164,0.0603979267179966
optical_lumo,2,0.03259420022368431,0.9911863803863525,0.05096602067351341
optical_lumo,3,0.031847212463617325,0.9922956228256226,0.049198489636182785
optical_lumo,4,0.03330838307738304,0.9898826479911804,0.05574224516749382
