target,split,test/mae,test/r2,test/rmse
lumo,0,0.028532929718494415,0.9951010942459106,0.040622565895318985
lumo,1,0.031099118292331696,0.9937052130699158,0.04724502190947533
lumo,2,0.02902703545987606,0.9939163327217102,0.0453820526599884
lumo,3,0.02710997313261032,0.9952965378761292,0.040509723126888275
lumo,4,0.02983096055686474,0.9929863810539246,0.049521226435899734
