target,split,test/mae,test/r2,test/rmse
spectral_overlap,0,117.61467742919922,0.980701744556427,186.47450256347656
spectral_overlap,1,125.68262481689453,0.9753799438476562,199.94427490234375
spectral_overlap,2,116.94463348388672,0.9801086187362671,185.61456298828125
spectral_overlap,3,112.6017837524414,0.9823336601257324,177.3138427734375
spectral_overlap,4,121.80615997314453,0.981107234954834,188.29014587402344
