target,split,test/mae,test/r2,test/rmse
homo,0,0.03612171486020088,0.9881833791732788,0.0524580255150795
homo,1,0.031553611159324646,0.9883586168289185,0.05611347407102585
homo,2,0.03036578558385372,0.9909378290176392,0.046577028930187225
homo,3,0.03342588618397713,0.9881559014320374,0.055543091148138046
homo,4,0.03234897553920746,0.9848223924636841,0.06130080670118332
