target,split,test/mae,test/r2,test/rmse
gap,0,0.09859217703342438,0.8942053914070129,0.14007098972797394
gap,1,0.10762805491685867,0.8556586503982544,0.16766813397407532
gap,2,0.10677264630794525,0.8706451654434204,0.15507526695728302
gap,3,0.10051528364419937,0.8663575053215027,0.16048364341259003
gap,4,0.09171115607023239,0.9198421239852905,0.1289372444152832
