target,split,test/mae,test/r2,test/rmse
gap,0,0.1914847493171692,0.6550866365432739,0.25291314721107483
gap,1,0.18043285608291626,0.6766173243522644,0.2509652078151703
gap,2,0.6130061745643616,-1822.600830078125,18.412641525268555
gap,3,0.18757085502147675,0.6433083415031433,0.2621832489967346
gap,4,0.17628060281276703,0.7303422093391418,0.2364894300699234
