target,split,test/mae,test/r2,test/rmse
gap,0,0.043076589703559875,0.9781757593154907,0.06361890584230423
gap,1,0.04456501454114914,0.9718860983848572,0.07399725168943405
gap,2,0.0418366901576519,0.9774618148803711,0.06473071873188019
gap,3,0.04299643263220787,0.9694768786430359,0.07669602334499359
gap,4,0.04416793957352638,0.9783623218536377,0.06699012219905853
