target,split,test/mae,test/r2,test/rmse
gap_extrapolated,0,0.22661472856998444,0.5270925760269165,0.2985602021217346
gap_extrapolated,1,0.22461190819740295,0.49914175271987915,0.30742374062538147
gap_extrapolated,2,0.5342018008232117,-1049.576171875,13.55531120300293
gap_extrapolated,3,0.2235715389251709,0.5165420770645142,0.30483463406562805
gap_extrapolated,4,0.20777186751365662,0.5887945890426636,0.27467113733291626
