target,split,test/mae,test/r2,test/rmse
optical_lumo,0,0.03955109417438507,0.9877849221229553,0.059445083141326904
optical_lumo,1,0.04193059727549553,0.9876633882522583,0.06229754909873009
optical_lumo,2,0.04220718517899513,0.9873188734054565,0.06113402917981148
optical_lumo,3,0.0396249033510685,0.9886507987976074,0.059712596237659454
optical_lumo,4,0.041846200823783875,0.9851594567298889,0.06751111894845963
