target,split,test/mae,test/r2,test/rmse
spectral_overlap,0,155.11231994628906,0.9670891761779785,243.51742553710938
spectral_overlap,1,146.99351501464844,0.9693419933319092,223.1186981201172
spectral_overlap,2,151.3113555908203,0.9708050489425659,224.8709716796875
spectral_overlap,3,144.1294708251953,0.9722707867622375,222.14573669433594
spectral_overlap,4,149.14381408691406,0.9701533317565918,236.6615447998047
