target,split,test/mae,test/r2,test/rmse
spectral_overlap,0,229.6633758544922,0.9388917088508606,331.82623291015625
spectral_overlap,1,234.79635620117188,0.9314937591552734,333.5257568359375
spectral_overlap,2,259.07464599609375,0.9196457862854004,373.06439208984375
spectral_overlap,3,218.49241638183594,0.9456621408462524,310.9712829589844
spectral_overlap,4,229.9138946533203,0.9370903372764587,343.5882263183594
