target,split,test/mae,test/r2,test/rmse
delta_optical_lumo,0,0.10117457062005997,0.2220844030380249,0.13272731006145477
delta_optical_lumo,1,0.10181328654289246,0.2518177628517151,0.13383933901786804
delta_optical_lumo,2,1.9568301439285278,-253299.96875,77.97740173339844
delta_optical_lumo,3,0.1005585566163063,0.08661013841629028,0.14419841766357422
delta_optical_lumo,4,0.09840874373912811,0.2978598475456238,0.12991108000278473
