target,split,test/mae,test/r2,test/rmse
delta_homo,0,0.03740108013153076,0.7750879526138306,0.05810759589076042
delta_homo,1,0.03865336626768112,0.6842342615127563,0.07013610005378723
delta_homo,2,0.03817626088857651,0.11309415102005005,0.11349549144506454
delta_homo,3,0.035479702055454254,0.736627995967865,0.06247680261731148
delta_homo,4,0.037009164690971375,0.7334516048431396,0.06662945449352264
