test/mae,test/rmse,test/r2,split,target
0.08692222088575363,0.12031146138906479,0.9378439784049988,0,homo
0.09654136747121811,0.14121930301189423,0.9262675642967224,1,homo
0.09748366475105286,0.5648434162139893,-0.33273637294769287,2,homo
0.08483713865280151,0.12074662744998932,0.9440253973007202,3,homo
0.0933578759431839,0.13101060688495636,0.9306758642196655,4,homo
