target,split,test/mae,test/r2,test/rmse
gap,0,0.22611011564731598,-0.413704514503479,0.5120303630828857
gap,1,0.22326645255088806,0.5270259380340576,0.3035105764865875
gap,2,3.081418037414551,-78211.1875,120.58364868164062
gap,3,0.23060248792171478,0.513420581817627,0.30622127652168274
gap,4,0.21239346265792847,0.6260737180709839,0.27848270535469055
