target,split,test/mae,test/r2,test/rmse
homo,0,0.037890516221523285,0.9860057830810547,0.05708726495504379
homo,1,0.039643850177526474,0.9853355288505554,0.0629793331027031
homo,2,0.03679799661040306,0.9871672987937927,0.055426135659217834
homo,3,0.034745775163173676,0.9874892234802246,0.057084985077381134
homo,4,0.037199895828962326,0.9814891219139099,0.06769832223653793
