target,split,test/mae,test/r2,test/rmse
homo_extrapolated,0,0.07490607351064682,0.9567500948905945,0.1108209416270256
homo_extrapolated,1,0.08014365285634995,0.928333044052124,0.14968834817409515
homo_extrapolated,2,0.07713957875967026,0.9539566040039062,0.11334598064422607
homo_extrapolated,3,0.07966728508472443,0.9444901347160339,0.1326652318239212
homo_extrapolated,4,0.07310280203819275,0.9537712931632996,0.11430973559617996
