target,split,test/mae,test/r2,test/rmse
delta_optical_lumo,0,0.0884319469332695,0.4115961790084839,0.1154334768652916
delta_optical_lumo,1,0.08372355997562408,0.49979472160339355,0.10943448543548584
delta_optical_lumo,2,0.08475906401872635,0.475658118724823,0.11219088733196259
delta_optical_lumo,3,0.0818365216255188,0.4899345636367798,0.10775695741176605
delta_optical_lumo,4,0.08484035730361938,0.4710755944252014,0.11275376379489899
