target,split,test/mae,test/r2,test/rmse
optical_lumo,0,0.10523353517055511,0.9276351928710938,0.1446877419948578
optical_lumo,1,0.10871583223342896,0.9272560477256775,0.1512763798236847
optical_lumo,2,0.1062888577580452,-0.13565289974212646,0.5785313248634338
optical_lumo,3,0.09574666619300842,0.9376162886619568,0.13999706506729126
optical_lumo,4,0.10726827383041382,0.9281793832778931,0.1485167294740677
