target,split,test/mae,test/r2,test/rmse
optical_lumo,0,0.07271704822778702,0.9625086784362793,0.10414377599954605
optical_lumo,1,0.07866077870130539,0.9591739773750305,0.11332898586988449
optical_lumo,2,0.07380420714616776,0.9622374773025513,0.1054956391453743
optical_lumo,3,0.07468055188655853,0.9603622555732727,0.11159317940473557
optical_lumo,4,0.07918369024991989,0.9570668339729309,0.11482790112495422
