target,split,test/mae,test/r2,test/rmse
homo,0,0.12915349006652832,0.8664051294326782,0.17638440430164337
homo,1,0.13735881447792053,0.8601396083831787,0.19449664652347565
homo,2,0.12692292034626007,0.873550295829773,0.17398624122142792
homo,3,0.12642574310302734,0.876128077507019,0.17962467670440674
homo,4,0.13345594704151154,0.8650884628295898,0.1827632337808609
