target,split,test/mae,test/r2,test/rmse
homo,0,0.17039476335048676,0.16214072704315186,0.44172388315200806
homo,1,0.16657720506191254,0.7969246506690979,0.23436535894870758
homo,2,2.7297372817993164,-49341.4296875,108.68415069580078
homo,3,0.15925726294517517,0.8145861625671387,0.2197609543800354
homo,4,0.1608596295118332,0.8090051412582397,0.2174578756093979
