target,split,test/mae,test/r2,test/rmse
delta_optical_lumo,0,0.036708634346723557,0.8687453866004944,0.05451943352818489
delta_optical_lumo,1,0.037070438265800476,0.8652230501174927,0.05680517479777336
delta_optical_lumo,2,0.03741132467985153,0.8486968278884888,0.06026626378297806
delta_optical_lumo,3,0.035915955901145935,0.8720715641975403,0.05396546423435211
delta_optical_lumo,4,0.03712904453277588,0.8334074020385742,0.06327936053276062
