target,split,test/mae,test/r2,test/rmse
gap_extrapolated,0,0.08165887743234634,0.9230803847312927,0.12040996551513672
gap_extrapolated,1,0.08225299417972565,0.9052229523658752,0.13373082876205444
gap_extrapolated,2,0.08332430571317673,0.8967373967170715,0.13439010083675385
gap_extrapolated,3,0.0750831887125969,0.9293252229690552,0.11655130237340927
gap_extrapolated,4,0.0771908089518547,0.9285428524017334,0.1145002469420433
