target,split,test/mae,test/r2,test/rmse
optical_lumo,0,0.1648933440446853,0.8302587866783142,0.2215958684682846
optical_lumo,1,0.1696626096963882,0.8301841020584106,0.2311329096555709
optical_lumo,2,0.2222457081079483,-17.893417358398438,2.3597137928009033
optical_lumo,3,0.1641415953636169,0.8411069512367249,0.2234270274639129
optical_lumo,4,0.1677377074956894,0.8418914079666138,0.2203578948974609
