test/mae,test/rmse,test/r2,split,target
0.060274675488471985,0.09236504137516022,0.96995609998703,0,homo_extrapolated
0.06138542667031288,0.11072628945112228,0.9607857465744019,1,homo_extrapolated
0.05660982429981232,0.0892368033528328,0.9714607000350952,2,homo_extrapolated
0.06346715241670609,0.1067006066441536,0.9640921354293823,3,homo_extrapolated
0.05907674878835678,0.10469360649585724,0.9612219929695129,4,homo_extrapolated
