target,split,test/mae,test/r2,test/rmse
gap,0,0.05861719325184822,0.9583747386932373,0.08786074072122574
gap,1,0.059081435203552246,0.9538507461547852,0.09480634331703186
gap,2,0.05614669248461723,0.9656082987785339,0.07996099442243576
gap,3,0.057249486446380615,0.9539121985435486,0.09424349665641785
gap,4,0.05787836015224457,0.9646890163421631,0.0855775997042656
