target,split,test/mae,test/r2,test/rmse
gap_extrapolated,0,0.22690549492835999,0.5271337032318115,0.2985472083091736
gap_extrapolated,1,0.22433079779148102,0.49449825286865234,0.30884552001953125
gap_extrapolated,2,0.5890300869941711,-1455.81396484375,15.962384223937988
gap_extrapolated,3,0.2261166274547577,0.507904052734375,0.30754584074020386
gap_extrapolated,4,0.20611009001731873,0.5975930094718933,0.2717167139053345
