target,split,test/mae,test/r2,test/rmse
delta_optical_lumo,0,0.04958563297986984,0.7825248837471008,0.07017765194177628
delta_optical_lumo,1,0.050798263400793076,0.7926793694496155,0.07045330107212067
delta_optical_lumo,2,0.05028865113854408,0.7765398621559143,0.07324033230543137
delta_optical_lumo,3,0.04916505888104439,0.7857427000999451,0.06983935832977295
delta_optical_lumo,4,0.052456051111221313,0.735627293586731,0.07971546053886414
