target,split,test/mae,test/r2,test/rmse
gap_extrapolated,0,0.1404978632926941,0.7923010587692261,0.19786134362220764
gap_extrapolated,1,0.145233616232872,0.7623475193977356,0.21176351606845856
gap_extrapolated,2,0.15240958333015442,0.716801643371582,0.22255688905715942
gap_extrapolated,3,0.15084882080554962,0.7343779802322388,0.22595243155956268
gap_extrapolated,4,0.13048452138900757,0.81846022605896,0.18250279128551483
