target,split,test/mae,test/r2,test/rmse
homo,0,0.06792216002941132,0.959760308265686,0.09680386632680893
homo,1,0.07826604694128036,0.9565521478652954,0.10840491205453873
homo,2,0.06407219171524048,0.9103906750679016,0.14646455645561218
homo,3,0.06328776478767395,0.9685570597648621,0.0904984325170517
homo,4,0.0681237131357193,0.957547664642334,0.10252153128385544
