target,split,test/mae,test/r2,test/rmse
lumo,0,0.03313778340816498,0.9933843016624451,0.04720703884959221
lumo,1,0.03556724637746811,0.9927589297294617,0.05067181587219238
lumo,2,0.035201579332351685,0.9915866255760193,0.053368713706731796
lumo,3,0.032961249351501465,0.9939324259757996,0.04601074755191803
lumo,4,0.038528382778167725,0.9894405603408813,0.060763195157051086
