target,split,test/mae,test/r2,test/rmse
gap,0,0.22295133769512177,-0.18086862564086914,0.46796914935112
gap,1,0.2226032316684723,0.5282225608825684,0.30312639474868774
gap,2,3.057922124862671,-76949.09375,119.60678100585938
gap,3,0.23095504939556122,0.51082444190979,0.3070370852947235
gap,4,0.2119629979133606,0.6237943172454834,0.27933022379875183
