test/mae,test/rmse,test/r2,split,target
0.08673330396413803,0.12554752826690674,0.9444917440414429,0,homo_extrapolated
0.09053773432970047,0.15522675216197968,0.9229316711425781,1,homo_extrapolated
0.08835086971521378,0.20204055309295654,0.853704035282135,2,homo_extrapolated
0.08148440718650818,0.12200900167226791,0.9530496001243591,3,homo_extrapolated
0.08216719329357147,0.12159893661737442,0.947687566280365,4,homo_extrapolated
