test/mae,test/rmse,test/r2,split,target
0.03530104458332062,0.05310797691345215,0.875453531742096,0,delta_optical_lumo
0.03662935644388199,0.0565301887691021,0.8665247559547424,1,delta_optical_lumo
0.03527771681547165,0.05710089951753616,0.8641732335090637,2,delta_optical_lumo
0.034463152289390564,0.050523556768894196,0.8878697156906128,3,delta_optical_lumo
0.036005649715662,0.062000665813684464,0.8400721549987793,4,delta_optical_lumo
