test/mae,test/rmse,test/r2,split,target
0.0790771022439003,0.10269857197999954,0.5342629551887512,0,delta_optical_lumo
0.08823682367801666,0.11687195301055908,0.4294937252998352,1,delta_optical_lumo
0.2687869071960449,7.891064643859863,-2593.003662109375,2,delta_optical_lumo
0.08288859575986862,0.11009953171014786,0.46751654148101807,3,delta_optical_lumo
0.08021572977304459,0.10716293752193451,0.5222280025482178,4,delta_optical_lumo
