target,split,test/mae,test/r2,test/rmse
spectral_overlap,0,115.25275421142578,0.9792575836181641,193.3258514404297
spectral_overlap,1,115.97150421142578,0.9778192043304443,189.7810821533203
spectral_overlap,2,115.58159637451172,0.9803098440170288,184.67347717285156
spectral_overlap,3,104.97450256347656,0.9826136231422424,175.90316772460938
spectral_overlap,4,114.6900863647461,0.9809190034866333,189.2258758544922
