target,split,test/mae,test/r2,test/rmse
optical_lumo,0,0.1630900651216507,0.8341988921165466,0.21900887787342072
optical_lumo,1,0.17333725094795227,0.8189888000488281,0.23863016068935394
optical_lumo,2,0.4933915436267853,-659.1073608398438,13.947981834411621
optical_lumo,3,0.17078137397766113,0.828148603439331,0.2323591411113739
optical_lumo,4,0.16773496568202972,0.8430633544921875,0.21953965723514557
