test/mae,test/rmse,test/r2,split,target
0.16386950016021729,0.21976953744888306,0.8330451250076294,0,optical_lumo
0.17166924476623535,0.23276971280574799,0.8277704119682312,1,optical_lumo
0.7482393980026245,24.631153106689453,-2057.5498046875,2,optical_lumo
0.16957969963550568,0.22975534200668335,0.8319785594940186,3,optical_lumo
0.1648513674736023,0.21604269742965698,0.8480231165885925,4,optical_lumo
