test/mae,test/rmse,test/r2,split,target
0.02625633031129837,0.03970475122332573,0.9953199625015259,0,lumo
0.02783224917948246,0.04411415755748749,0.9945118427276611,1,lumo
0.028838705271482468,0.045186229050159454,0.9939687252044678,2,lumo
0.02732200361788273,0.041958037763834,0.9949542284011841,3,lumo
0.028278948739171028,0.04810616001486778,0.9933814406394958,4,lumo
