target,split,test/mae,test/r2,test/rmse
gap,0,0.05986965075135231,0.964781641960144,0.08081670105457306
gap,1,0.051435813307762146,0.9553796648979187,0.09322267770767212
gap,2,0.05494221672415733,0.967292070388794,0.07797903567552567
gap,3,0.0487857460975647,0.9610104560852051,0.08668269962072372
gap,4,0.051108017563819885,0.9726696014404297,0.07528840005397797
