target,split,test/mae,test/r2,test/rmse
homo_extrapolated,0,0.09493440389633179,0.9351913928985596,0.13565808534622192
homo_extrapolated,1,0.10045292973518372,0.9212908148765564,0.1568705141544342
homo_extrapolated,2,0.09774602949619293,0.927208662033081,0.14251549541950226
homo_extrapolated,3,0.1054387018084526,0.9134681820869446,0.1656380295753479
homo_extrapolated,4,0.10457728058099747,0.9171242117881775,0.15305277705192566
