target,split,test/mae,test/r2,test/rmse
optical_lumo,0,0.049144405871629715,0.980815589427948,0.07449762523174286
optical_lumo,1,0.050911322236061096,0.9818916320800781,0.07547656446695328
optical_lumo,2,0.05464453250169754,0.8597121238708496,0.2033359408378601
optical_lumo,3,0.04824526607990265,0.9808719754219055,0.07752080261707306
optical_lumo,4,0.0500405952334404,0.9810521006584167,0.07628360390663147
