target,split,test/mae,test/r2,test/rmse
gap,0,0.04097864031791687,0.9771033525466919,0.06516318023204803
gap,1,0.0442255362868309,0.9714011549949646,0.07463277876377106
gap,2,0.039025042206048965,0.9811804294586182,0.059150226414203644
gap,3,0.03851896524429321,0.9737737774848938,0.07109294086694717
gap,4,0.04017956927418709,0.9826101660728455,0.06005556136369705
