target,split,test/mae,test/r2,test/rmse
homo_extrapolated,0,0.10691637545824051,0.9217796921730042,0.1490352749824524
homo_extrapolated,1,0.1191607415676117,0.9001396298408508,0.17669537663459778
homo_extrapolated,2,0.12340350449085236,-0.5776165723800659,0.6634727120399475
homo_extrapolated,3,0.11646772921085358,0.912580668926239,0.16648529469966888
homo_extrapolated,4,0.10689232498407364,0.9196505546569824,0.15070195496082306
