target,split,test/mae,test/r2,test/rmse
gap_extrapolated,0,0.0894971415400505,0.9061450958251953,0.13300631940364838
gap_extrapolated,1,0.09014922380447388,0.8903787732124329,0.14382265508174896
gap_extrapolated,2,0.08869317173957825,0.8819458484649658,0.1436932235956192
gap_extrapolated,3,0.08450669795274734,0.9177526831626892,0.12573203444480896
gap_extrapolated,4,0.08502727746963501,0.9152848720550537,0.1246706172823906
