target,split,test/mae,test/r2,test/rmse
homo,0,0.1280028522014618,0.8654899001121521,0.17698758840560913
homo,1,0.13944822549819946,0.8635908961296082,0.19208192825317383
homo,2,0.665800929069519,-2176.82275390625,22.833223342895508
homo,3,0.13607972860336304,0.8701542615890503,0.18390493094921112
homo,4,0.12833300232887268,0.8774721622467041,0.17417331039905548
