target,split,test/mae,test/r2,test/rmse
gap,0,0.04600677266716957,0.9724298119544983,0.07150498777627945
gap,1,0.04455921798944473,0.9697325229644775,0.07677917182445526
gap,2,0.04281466454267502,0.9793685674667358,0.06193212792277336
gap,3,0.04319559410214424,0.9668616056442261,0.07991421967744827
gap,4,0.04286259785294533,0.9801566004753113,0.06415248662233353
