target,split,test/mae,test/r2,test/rmse
homo,0,0.037021033465862274,0.9863889813423157,0.05630083754658699
homo,1,0.043801724910736084,0.9842888116836548,0.0651877224445343
homo,2,0.03889927268028259,0.8393990397453308,0.19607850909233093
homo,3,0.035691142082214355,0.9866983890533447,0.05885905772447586
homo,4,0.03765224292874336,0.9812585711479187,0.06812101602554321
