target,split,test/mae,test/r2,test/rmse
delta_lumo,0,0.03185934200882912,0.9013609290122986,0.047389917075634
delta_lumo,1,0.0316828228533268,0.8918423652648926,0.050417978316545486
delta_lumo,2,0.03206245228648186,0.8807997107505798,0.052416667342185974
delta_lumo,3,0.03225906565785408,0.9059553146362305,0.04582858085632324
delta_lumo,4,0.03215901926159859,0.8875831365585327,0.05202538147568703
