target,split,test/mae,test/r2,test/rmse
gap,0,0.052783530205488205,0.9646877646446228,0.08092427998781204
gap,1,0.05365463346242905,0.9619964361190796,0.08603344857692719
gap,2,0.053049203008413315,0.9662611484527588,0.07919840514659882
gap,3,0.050104398280382156,0.9570974111557007,0.09092853218317032
gap,4,0.053626637905836105,0.9705266952514648,0.07818430662155151
