target,split,test/mae,test/r2,test/rmse
gap_extrapolated,0,0.2647077441215515,-0.061487793922424316,0.4473024904727936
gap_extrapolated,1,0.25432637333869934,0.38978010416030884,0.3393307030200958
gap_extrapolated,2,3.410233497619629,-101760.5859375,133.40977478027344
gap_extrapolated,3,0.2634589970111847,0.12938469648361206,0.4090704619884491
gap_extrapolated,4,0.23446744680404663,0.47385573387145996,0.3106962740421295
