target,split,test/mae,test/r2,test/rmse
spectral_overlap,0,193.0738067626953,0.9499054551124573,300.438720703125
spectral_overlap,1,243.84695434570312,0.9227944612503052,354.0694885253906
spectral_overlap,2,197.2328338623047,0.9396744966506958,323.24365234375
spectral_overlap,3,179.1919403076172,0.961725652217865,260.9893493652344
spectral_overlap,4,188.7081756591797,0.9576862454414368,281.7865905761719
