target,split,test/mae,test/r2,test/rmse
lumo,0,0.059654466807842255,0.9787068963050842,0.08469118177890778
lumo,1,0.058579083532094955,0.9800717234611511,0.08406215161085129
lumo,2,0.05794760584831238,0.9798827171325684,0.0825250893831253
lumo,3,0.05816618353128433,0.980585515499115,0.08230268210172653
lumo,4,0.0625104084610939,0.9774117469787598,0.08887116611003876
