target,split,test/mae,test/r2,test/rmse
optical_lumo,0,0.1626635789871215,0.8403218984603882,0.2149268686771392
optical_lumo,1,0.1623300462961197,0.8510196208953857,0.2164896577596664
optical_lumo,2,0.1570746898651123,0.8422214388847351,0.2156393527984619
optical_lumo,3,0.1746124178171157,0.833024799823761,0.2290388792753219
optical_lumo,4,0.1712362617254257,0.829386830329895,0.2289059609174728
