test/mae,test/rmse,test/r2,split,target
0.035619787871837616,0.056088801473379135,0.9830367565155029,0,gap
0.03704783320426941,0.06874700635671616,0.9757342338562012,1,gap
0.03339478373527527,0.05221707746386528,0.9853337407112122,2,gap
0.03535362333059311,0.058451585471630096,0.9822713732719421,3,gap
0.03625869005918503,0.05605731159448624,0.9848485589027405,4,gap
