target,split,test/mae,test/r2,test/rmse
lumo,0,0.2484511435031891,0.006699085235595703,0.5784411430358887
lumo,1,0.2166069597005844,0.7481914162635803,0.2988140881061554
lumo,2,5.603182792663574,-151069.65625,226.14739990234375
lumo,3,0.227586030960083,0.7309582829475403,0.30638033151626587
lumo,4,0.2096618413925171,0.7750993967056274,0.28042393922805786
