target,split,test/mae,test/r2,test/rmse
homo_extrapolated,0,0.176626518368721,0.7872961759567261,0.24576322734355927
homo_extrapolated,1,0.17276351153850555,0.7996844053268433,0.25025689601898193
homo_extrapolated,2,0.1669352948665619,0.8065442442893982,0.2323342114686966
homo_extrapolated,3,0.1525179147720337,0.8394299745559692,0.2256339192390442
homo_extrapolated,4,0.17250502109527588,0.809513509273529,0.23203818500041962
