target,split,test/mae,test/r2,test/rmse,model
homo,0,0.09384305805168337,0.9257580239502252,0.13148897451406993,Linear
homo,0,0.05620124141988059,0.9737923964557033,0.07812287765375267,RF
homo,0,0.05711403370269594,0.9717891438855059,0.0810536748551071,XGB
homo,1,0.09699934025958137,0.9262432043400634,0.1412467718639632,Linear
homo,1,0.05654683150258115,0.9766371005028095,0.07949519536957247,RF
homo,1,0.05738809976269571,0.9752323045987636,0.08185030642709312,XGB
homo,2,0.09494646764857224,0.924607201080362,0.13434422315439246,Linear
homo,2,0.06033059841486037,0.9717604636261912,0.08222101698962601,RF
homo,2,0.059242229270022,0.9732136249934469,0.08007759759025754,XGB
homo,3,0.09937732178982672,0.9167571619730079,0.14724689239571237,Linear
homo,3,0.05564651451763896,0.9713592317758841,0.08637041972609076,RF
homo,3,0.056791516462266635,0.9726694107389842,0.08437177705882398,XGB
homo,4,0.09719759934631547,0.9181043112299023,0.1423909359231049,Linear
homo,4,0.06155096038679393,0.9640677959933837,0.09431781975316923,RF
homo,4,0.05965080124947019,0.9657845489764106,0.09203710705225604,XGB
