target,split,test/mae,test/r2,test/rmse
optical_lumo,0,0.1296416819095611,0.8830047249794006,0.1839721798896789
optical_lumo,1,0.1344930231571197,0.8909610509872437,0.1852095872163772
optical_lumo,2,0.124842420220375,0.8980925679206848,0.1733033806085586
optical_lumo,3,0.1354415565729141,0.8889169096946716,0.1868130415678024
optical_lumo,4,0.1362436562776565,0.8934723734855652,0.1808764040470123
