target,split,test/mae,test/r2,test/rmse
delta_optical_lumo,0,0.0791032537817955,0.5288515090942383,0.10329347848892212
delta_optical_lumo,1,0.08512202650308609,0.4761276841163635,0.11199349164962769
delta_optical_lumo,2,0.19341221451759338,-928.158447265625,4.722752571105957
delta_optical_lumo,3,0.08300381153821945,0.46516484022140503,0.11034238338470459
delta_optical_lumo,4,0.08001542836427689,0.5128970146179199,0.10820433497428894
