target,split,test/mae,test/r2,test/rmse
lumo,0,0.13435612618923187,0.9012033939361572,0.18242725729942322
lumo,1,0.12585537135601044,0.9040042757987976,0.18449802696704865
lumo,2,0.29202136397361755,-146.85797119140625,7.074958801269531
lumo,3,0.12241463363170624,0.917717456817627,0.16943572461605072
lumo,4,0.1264926940202713,0.9118325710296631,0.17557953298091888
