target,split,test/mae,test/r2,test/rmse
gap,0,0.11251390725374222,0.8697974681854248,0.15539108216762543
gap,1,0.11019789427518845,0.8630222082138062,0.16333535313606262
gap,2,0.10841286182403564,0.8138479590415955,0.18603090941905975
gap,3,0.11283273249864578,0.8527302742004395,0.16846714913845062
gap,4,0.1156923845410347,0.8783931732177734,0.15881234407424927
