target,split,test/mae,test/r2,test/rmse
delta_optical_lumo,0,0.05540243536233902,0.7541680335998535,0.07461278140544891
delta_optical_lumo,1,0.060841117054224014,0.710457444190979,0.08325997740030289
delta_optical_lumo,2,0.06202317401766777,0.6711403131484985,0.08884963393211365
delta_optical_lumo,3,0.05745074152946472,0.7161940336227417,0.08037910610437393
delta_optical_lumo,4,0.059827208518981934,0.6874560117721558,0.08667419850826263
