target,split,test/mae,test/r2,test/rmse
gap,0,0.05635971203446388,0.9638509750366211,0.08187752962112427
gap,1,0.0594349205493927,0.957998514175415,0.09044558554887772
gap,2,0.05789374187588692,0.9636171460151672,0.08224310725927353
gap,3,0.05720100551843643,0.9523777365684509,0.0957995355129242
gap,4,0.057724401354789734,0.9647590517997742,0.08549271523952484
