target,split,test/mae,test/r2,test/rmse
lumo,0,0.027401994913816452,0.9948026537895203,0.041841715574264526
lumo,1,0.029179314151406288,0.9939042925834656,0.0464918315410614
lumo,2,0.02991398423910141,0.9935932755470276,0.0465712808072567
lumo,3,0.028658829629421234,0.9943249821662903,0.04449735954403877
lumo,4,0.029209738597273827,0.992845892906189,0.05001462996006012
