test/mae,test/rmse,test/r2,split,target
0.07131579518318176,0.10657604783773422,0.9599999189376831,0,homo_extrapolated
0.07856607437133789,0.14941293001174927,0.928596556186676,1,homo_extrapolated
0.07158424705266953,0.10564303398132324,0.9600021243095398,2,homo_extrapolated
0.07043342292308807,0.113144651055336,0.9596239328384399,3,homo_extrapolated
0.06906281411647797,0.10673213750123978,0.9596971273422241,4,homo_extrapolated
