target,split,test/mae,test/r2,test/rmse
delta_optical_lumo,0,0.035482972860336304,0.8744077682495117,0.053330473601818085
delta_optical_lumo,1,0.03650888055562973,0.8647012114524841,0.0569150410592556
delta_optical_lumo,2,0.035339172929525375,0.8660069704055786,0.05671415105462074
delta_optical_lumo,3,0.03291475027799606,0.8921420574188232,0.04955169931054115
delta_optical_lumo,4,0.03577616438269615,0.8408775329589844,0.06184433773159981
