target,split,test/mae,test/r2,test/rmse
homo_extrapolated,0,0.09056641906499863,0.9409545660018921,0.1294858753681183
homo_extrapolated,1,0.10285517573356628,0.9170238375663757,0.16106653213500977
homo_extrapolated,2,0.09280453622341156,0.8932437300682068,0.17259134352207184
homo_extrapolated,3,0.09411199390888214,0.9385942220687866,0.13953296840190887
homo_extrapolated,4,0.08717762678861618,0.9419251084327698,0.12812133133411407
