target,split,test/mae,test/r2,test/rmse
gap_extrapolated,0,0.21430610120296478,0.558200478553772,0.2885735034942627
gap_extrapolated,1,0.20611540973186493,0.5648105144500732,0.28656238317489624
gap_extrapolated,2,0.21053799986839294,0.5072156190872192,0.29357844591140747
gap_extrapolated,3,0.21603012084960938,0.5224340558052063,0.30297142267227173
gap_extrapolated,4,0.2104516327381134,0.5663436651229858,0.28206971287727356
