target,split,test/accuracy,test/f1,test/roc_auc,model
Class,0,0.9835526315789472,0.976458005031167,0.9982718450018276,LogReg
Class,0,0.9876644736842104,0.9830476015755684,0.9998496824440414,RF
Class,0,0.9901315789473684,0.9833349509140004,0.9997963987177944,XGB
