target,split,test/multiclass-accuracy,test/multiclass-f1,test/multiclass-roc
Class,0,0.9805551171302795,0.9753212928771973,0.999215304851532
Class,1,0.9702082872390747,0.9704098701477051,0.9988366365432739
Class,2,0.9612790942192078,0.9671003222465515,0.9987114071846008
Class,3,0.976120114326477,0.9672714471817017,0.9997605681419373
Class,4,0.9879417419433594,0.9887417554855347,0.9992557764053345
