target,split,test/multiclass-accuracy,test/multiclass-f1,test/multiclass-roc
Class,0,0.9777328968048096,0.9728817343711852,0.9996230006217957
Class,1,0.9807238578796388,0.9803138971328736,0.9996030926704408
Class,2,0.9692782759666444,0.9716459512710572,0.9998653531074524
Class,3,0.9794393181800842,0.9816522598266602,0.9997127652168274
Class,4,0.992990493774414,0.992445707321167,0.9995269179344176
