target,split,test/multiclass-accuracy,test/multiclass-f1,test/multiclass-roc
Class,0,0.980884313583374,0.9748421907424927,0.9997386932373047
Class,1,0.9684788584709167,0.9726600646972656,0.9985803961753845
Class,2,0.9457356333732605,0.9576866626739502,0.999319851398468
Class,3,0.9724971055984497,0.9779236316680908,0.9994713068008423
Class,4,0.9799267649650574,0.9804322719573975,0.9990633130073547
