target,split,test/multiclass-accuracy,test/multiclass-f1,test/multiclass-roc
Class,0,0.9843071103096008,0.981950044631958,0.9996845126152039
Class,1,0.9785951375961304,0.9754971265792847,0.9993063807487488
Class,2,0.9796565771102905,0.9822227954864502,0.9998661279678345
Class,3,0.958534836769104,0.9652925133705139,0.9998571276664734
Class,4,0.9835337996482849,0.9847123026847839,0.9993640780448914
