target,split,test/multiclass-accuracy,test/multiclass-f1,test/multiclass-roc
Class,0,0.9805551171302797,0.9753212928771972,0.999215304851532
Class,1,0.9702082872390748,0.9704098701477052,0.998836636543274
Class,2,0.9612790942192078,0.9671003222465516,0.9987114071846008
Class,3,0.976120114326477,0.9672714471817015,0.9997605681419371
Class,4,0.9879417419433594,0.9887417554855348,0.9992557764053344
