target,split,test/mae,test/r2,test/rmse
TC,0,0.0170310884714126,0.8602203130722046,0.0267234463244676
TC,1,0.0173234436661005,0.7901332378387451,0.0285326763987541
TC,2,0.0180843118578195,0.7868671417236328,0.0334018766880035
TC,3,0.0175510514527559,0.7591844797134399,0.0309002082794904
TC,4,0.0176069848239421,0.8096568584442139,0.0261559188365936
