target,split,test/mae,test/r2,test/rmse
TC,0,0.0176216065883636,0.8529559969902039,0.0274090599268674
TC,1,0.0198563933372497,0.7334421873092651,0.0321563221514225
TC,2,0.0197734348475933,0.7213003635406494,0.03819565102458
TC,3,0.0155815863981843,0.8674659729003906,0.0229236017912626
TC,4,0.0248408932238817,-0.1594692468643188,0.0645551532506942
