target,split,test/mae,test/r2,test/rmse,model
TC,0,0.0774266409184676,-65.04848612730089,0.5808997587441993,Linear
TC,0,0.0218179723598104,0.6978427100020863,0.0392903864630719,RF
TC,0,0.0235105403044128,0.6477712777841473,0.0424211214960165,XGB
