target,split,test/mae,test/r2,test/rmse
TC,0,0.0164130665361881,0.8369160890579224,0.028865298256278
TC,1,0.0165001600980758,0.7922989130020142,0.0283850766718387
TC,2,0.0178685821592807,0.787581741809845,0.033345840871334
TC,3,0.0175549499690532,0.8052574396133423,0.0277875065803527
TC,4,0.0208981409668922,0.7204560041427612,0.0316976010799407
