target,split,test/mae,test/r2,test/rmse,model
TC,0,0.07742664091846765,-65.04848612730089,0.5808997587441993,Linear
TC,0,0.02181797235981043,0.6978427100020863,0.03929038646307197,RF
TC,0,0.023510540304412804,0.6477712777841473,0.0424211214960165,XGB
