target,split,test/mae,test/r2,test/rmse
TC,0,0.0175961684435606,0.8524913787841797,0.0274523273110389
TC,1,0.0189833827316761,0.757747232913971,0.030655262991786
TC,2,0.0209908094257116,0.7321860790252686,0.0374422818422317
TC,3,0.0191720742732286,0.7089742422103882,0.0339691638946533
TC,4,0.0239027440547943,-0.3735480308532715,0.0702624469995498
