target,split,test/mae,test/r2,test/rmse,model
TC,0,0.0299579177587584,0.3836315037598554,0.0561164228056337,Linear
TC,0,0.0212810500718862,0.7132624509686578,0.0382747221392985,RF
TC,0,0.0223262774909483,0.6897185075526124,0.0398150896630221,XGB
