target,split,test/mae,test/r2,test/rmse,model
TC,0,0.0299579845314974,0.383627532247659,0.0561166035957778,Linear
TC,0,0.0212437148684549,0.7162370994842201,0.0380756713510818,RF
TC,0,0.0225871827590568,0.6741485477200071,0.0408018253640493,XGB
