target,split,test/mae,test/r2,test/rmse
TC,0,0.0143965780735015,0.902933657169342,0.022269207984209
TC,1,0.0159191060811281,0.7935980558395386,0.0282961670309305
TC,2,0.0143961086869239,0.8867196440696716,0.0243513453751802
TC,3,0.0132130160927772,0.9043084979057312,0.0194785147905349
TC,4,0.0163580179214477,0.8071512579917908,0.0263275057077407
