target,split,test/mae,test/r2,test/rmse
bandgap_chain,0,0.3633977472782135,0.8646495342254639,0.5358037352561951
bandgap_chain,1,0.3138129115104675,0.9045159816741944,0.4366101622581482
bandgap_chain,2,0.3345495760440826,0.887107253074646,0.4888876378536224
bandgap_chain,3,0.3304228186607361,0.8897162675857544,0.4734142124652862
bandgap_chain,4,0.3637281954288482,0.8545279502868652,0.5495301485061646
