target,split,test/mae,test/r2,test/rmse
bandgap_chain,0,0.3999092280864715,0.8358235955238342,0.5901075601577759
bandgap_chain,1,0.33250492811203,0.8958057761192322,0.4560898244380951
bandgap_chain,2,0.3357976973056793,0.8867065906524658,0.4897544085979461
bandgap_chain,3,0.3677037358283996,0.8628702163696289,0.5278997421264648
bandgap_chain,4,0.3723512291908264,0.8629738688468933,0.5333390831947327
