target,split,test/multiclass-accuracy,test/multiclass-f1,test/multiclass-roc
Class,0,0.9386783242225648,0.9454994201660156,0.9975723624229432
Class,1,0.9416406154632568,0.9410885572433472,0.9980257153511048
Class,2,0.9338316917419434,0.9404322504997252,0.995949685573578
Class,3,0.9372969269752502,0.940449595451355,0.9964805841445924
Class,4,0.9535593390464784,0.957542598247528,0.9967623949050904
