test/mae,test/rmse,test/r2,split,target
0.13299813866615295,0.20592182874679565,0.7760906219482422,0,IP vs SHE (eV)
0.38006219267845154,0.610569179058075,0.6570874452590942,1,IP vs SHE (eV)
0.35313132405281067,0.5110805034637451,0.681534469127655,2,IP vs SHE (eV)
0.30747416615486145,0.452318012714386,0.7517845630645752,3,IP vs SHE (eV)
0.4068948030471802,0.5958698391914368,0.5613260269165039,4,IP vs SHE (eV)
