test/mae,test/rmse,test/r2,split,target
0.07861631363630295,0.13546350598335266,0.9464641809463501,0,EA vs SHE (eV)
0.6187970638275146,1.0475407838821411,-0.11695924401283264,1,EA vs SHE (eV)
0.46919333934783936,0.7402256727218628,0.095726378262043,2,EA vs SHE (eV)
0.3639238774776459,0.5284748673439026,0.34884050488471985,3,EA vs SHE (eV)
0.5735100507736206,0.8157650828361511,-0.44648319482803345,4,EA vs SHE (eV)
