test/mae,test/rmse,test/r2,split,target
0.13828738033771515,0.17680901288986206,0.834926962852478,0,IP vs SHE (eV)
0.44868022203445435,0.6404964923858643,0.6226476430892944,1,IP vs SHE (eV)
0.35065534710884094,0.49279606342315674,0.703913688659668,2,IP vs SHE (eV)
0.3752698004245758,0.5140307545661926,0.6794326901435852,3,IP vs SHE (eV)
0.5090959072113037,0.7122970819473267,0.37315309047698975,4,IP vs SHE (eV)
