test/mae,test/rmse,test/r2,split,target
0.06376815587282181,0.09063506126403809,0.9566229581832886,0,IP vs SHE (eV)
0.3854517340660095,0.6213103532791138,0.644916296005249,1,IP vs SHE (eV)
0.30508649349212646,0.4685765206813812,0.7323021292686462,2,IP vs SHE (eV)
0.29976752400398254,0.4684232175350189,0.7337940335273743,3,IP vs SHE (eV)
0.36294862627983093,0.5437831282615662,0.6346654891967773,4,IP vs SHE (eV)
