test/mae,test/rmse,test/r2,split,target
0.048466168344020844,0.07291314750909805,0.985105574131012,0,EA vs SHE (eV)
0.48792585730552673,0.8153384327888489,0.5490584373474121,1,EA vs SHE (eV)
0.417008638381958,0.6644847393035889,0.5838479995727539,2,EA vs SHE (eV)
0.4449361562728882,0.6694142818450928,0.5560274124145508,3,EA vs SHE (eV)
0.38929882645606995,0.642499566078186,0.5795645713806152,4,EA vs SHE (eV)
