test/mae,test/rmse,test/r2,split,target
0.08080940693616867,0.13095827400684357,0.9499659538269043,0,EA vs SHE (eV)
0.5789464712142944,1.0423027276992798,-0.1058165431022644,1,EA vs SHE (eV)
0.4063561260700226,0.6838683485984802,0.22817891836166382,2,EA vs SHE (eV)
0.41689416766166687,0.6782538890838623,-0.07256431132555008,3,EA vs SHE (eV)
0.4672101140022278,0.6946538090705872,-0.04886634275317192,4,EA vs SHE (eV)
