test/mae,test/rmse,test/r2,split,target
0.13917472958564758,0.18691827356815338,0.8980696797370911,0,EA vs SHE (eV)
0.6840780973434448,1.1086796522140503,-0.2511448562145233,1,EA vs SHE (eV)
0.39529603719711304,0.6107058525085449,0.38448891043663025,2,EA vs SHE (eV)
0.3662305176258087,0.569782018661499,0.24306915700435638,3,EA vs SHE (eV)
0.5489847660064697,0.7928271889686584,-0.36628174781799316,4,EA vs SHE (eV)
