test/mae,test/rmse,test/r2,split,target
0.06803762912750244,0.09847155958414078,0.9487977623939514,0,IP vs SHE (eV)
0.4095343053340912,0.6506600975990295,0.6105766892433167,1,IP vs SHE (eV)
0.3293145000934601,0.5153628587722778,0.6761751770973206,2,IP vs SHE (eV)
0.3310260474681854,0.47765669226646423,0.7231956720352173,3,IP vs SHE (eV)
0.42517799139022827,0.6210294961929321,0.5234991908073425,4,IP vs SHE (eV)
