test/mae,test/rmse,test/r2,split,target
0.13242694735527039,0.2042616307735443,0.8782768249511719,0,EA vs SHE (eV)
0.5833490490913391,0.9999815821647644,-0.01783992163836956,1,EA vs SHE (eV)
0.34743359684944153,0.595835268497467,0.4140993356704712,2,EA vs SHE (eV)
0.385181725025177,0.6303465366363525,0.07360240072011948,3,EA vs SHE (eV)
0.509235680103302,0.7329880595207214,-0.16782303154468536,4,EA vs SHE (eV)
