test/mae,test/rmse,test/r2,split,target
0.120385080575943,0.15900854766368866,0.8887419700622559,0,IP vs SHE (eV)
0.39389052987098694,0.5773007869720459,0.6944780945777893,1,IP vs SHE (eV)
0.39596816897392273,0.5351812243461609,0.7150530219078064,2,IP vs SHE (eV)
0.37303122878074646,0.5368422269821167,0.7175931334495544,3,IP vs SHE (eV)
0.3924315571784973,0.5376304984092712,0.7091517448425293,4,IP vs SHE (eV)
