test/mae,test/rmse,test/r2,split,target
0.08229561150074005,0.12397737801074982,0.9551580548286438,0,EA vs SHE (eV)
0.5923621654510498,1.0175799131393433,-0.05398043617606163,1,EA vs SHE (eV)
0.43978291749954224,0.6722403168678284,0.25420287251472473,2,EA vs SHE (eV)
0.42983999848365784,0.6396189332008362,0.04614735022187233,3,EA vs SHE (eV)
0.5543362498283386,0.7614694237709045,-0.2603415548801422,4,EA vs SHE (eV)
