test/mae,test/rmse,test/r2,split,target
0.13768935203552246,0.1764480173587799,0.8356003761291504,0,IP vs SHE (eV)
0.5200678110122681,0.7464907169342041,0.4874192178249359,1,IP vs SHE (eV)
0.38094255328178406,0.5324177145957947,0.654387891292572,2,IP vs SHE (eV)
0.37255316972732544,0.5041651725769043,0.6916196346282959,3,IP vs SHE (eV)
0.5569046139717102,0.7710233330726624,0.26553019881248474,4,IP vs SHE (eV)
