test/mae,test/rmse,test/r2,split,target
0.11492632329463959,0.20387715101242065,0.780515193939209,0,IP vs SHE (eV)
0.3700934648513794,0.6116495132446289,0.6558729410171509,1,IP vs SHE (eV)
0.2949783504009247,0.47798973321914673,0.7214386463165283,2,IP vs SHE (eV)
0.3402476906776428,0.4899561405181885,0.7087570428848267,3,IP vs SHE (eV)
0.42718079686164856,0.6345499753952026,0.5025256872177124,4,IP vs SHE (eV)
