test/mae,test/rmse,test/r2,split,target
0.13633546233177185,0.18157386779785156,0.9038152098655701,0,EA vs SHE (eV)
0.6361554861068726,1.0586891174316406,-0.14086002111434937,1,EA vs SHE (eV)
0.389093816280365,0.6009345054626465,0.4040278494358063,2,EA vs SHE (eV)
0.45159295201301575,0.6860303282737732,-0.09730009734630585,3,EA vs SHE (eV)
0.5740716457366943,0.802158772945404,-0.39863306283950806,4,EA vs SHE (eV)
