test/mae,test/rmse,test/r2,split,target
0.07968177646398544,0.11856931447982788,0.9589848518371582,0,EA vs SHE (eV)
0.6980187892913818,1.162289023399353,-0.3750663101673126,1,EA vs SHE (eV)
0.3667917251586914,0.6058810353279114,0.39417627453804016,2,EA vs SHE (eV)
0.4209858477115631,0.6531962752342224,0.005221910309046507,3,EA vs SHE (eV)
0.47739285230636597,0.7193198204040527,-0.12467584013938904,4,EA vs SHE (eV)
