test/mae,test/rmse,test/r2,split,target
0.08100278675556183,0.1351163238286972,0.9467382431030273,0,EA vs SHE (eV)
0.6617564558982849,1.1088541746139526,-0.2515391409397125,1,EA vs SHE (eV)
0.5020701885223389,0.7897881269454956,-0.0294206440448761,2,EA vs SHE (eV)
0.4175213873386383,0.6305182576179504,0.07309749722480774,3,EA vs SHE (eV)
0.5177507996559143,0.7609890103340149,-0.25875118374824524,4,EA vs SHE (eV)
