test/mae,test/rmse,test/r2,split,target
0.1256871521472931,0.20956167578697205,0.8718780875205994,0,EA vs SHE (eV)
0.5640987157821655,0.9849033355712891,0.012623628601431847,1,EA vs SHE (eV)
0.39698171615600586,0.6587722301483154,0.2837870419025421,2,EA vs SHE (eV)
0.37798449397087097,0.5790517926216125,0.21823956072330475,3,EA vs SHE (eV)
0.4335356056690216,0.6293989419937134,0.1389365941286087,4,EA vs SHE (eV)
