test/mae,test/rmse,test/r2,split,target
0.04457275569438934,0.0675746276974678,0.9799063801765442,0,IP vs SHE (eV)
0.31725019216537476,0.5079290866851807,0.7634929418563843,1,IP vs SHE (eV)
0.29563507437705994,0.47600075602531433,0.7745877504348755,2,IP vs SHE (eV)
0.2893194556236267,0.4833223521709442,0.771094799041748,3,IP vs SHE (eV)
0.2851998209953308,0.4710080921649933,0.7767685651779175,4,IP vs SHE (eV)
