test/mae,test/rmse,test/r2,split,target
0.13510340452194214,0.17855682969093323,0.9069850444793701,0,EA vs SHE (eV)
0.6174724698066711,1.0061992406845093,-0.03053608350455761,1,EA vs SHE (eV)
0.3727062940597534,0.5931520462036133,0.41936445236206055,2,EA vs SHE (eV)
0.3386085033416748,0.5367717742919922,0.328233927488327,3,EA vs SHE (eV)
0.483416885137558,0.7265358567237854,-0.14735372364521027,4,EA vs SHE (eV)
