test/mae,test/rmse,test/r2,split,target
0.0793430432677269,0.1272217482328415,0.9527803659439087,0,EA vs SHE (eV)
0.5671782493591309,1.009489893913269,-0.037288080900907516,1,EA vs SHE (eV)
0.4336000084877014,0.6864909529685974,0.222247913479805,2,EA vs SHE (eV)
0.4207037091255188,0.6246812343597412,0.09017955511808395,3,EA vs SHE (eV)
0.5131784677505493,0.7609041333198547,-0.25847065448760986,4,EA vs SHE (eV)
