test/mae,test/rmse,test/r2,split,target
0.1369713991880417,0.17619211971759796,0.8360767960548401,0,IP vs SHE (eV)
0.49879711866378784,0.7182050943374634,0.5255281329154968,1,IP vs SHE (eV)
0.39812833070755005,0.5571683049201965,0.6215079426765442,2,IP vs SHE (eV)
0.4005206227302551,0.5459888577461243,0.6383333206176758,3,IP vs SHE (eV)
0.5102447271347046,0.6910085678100586,0.4100624620914459,4,IP vs SHE (eV)
