test/mae,test/rmse,test/r2,split,target
0.12993121147155762,0.17018349468708038,0.9188576936721802,0,EA vs SHE (eV)
0.5171269774436951,0.8264471888542175,0.5366868376731873,1,EA vs SHE (eV)
0.4403538405895233,0.6868225932121277,0.5553982853889465,2,EA vs SHE (eV)
0.4175017476081848,0.6849663257598877,0.5351588726043701,3,EA vs SHE (eV)
0.4717234671115875,0.6732665300369263,0.5383344292640686,4,EA vs SHE (eV)
