mae,rmse,r2,split,target
0.12582971155643463,0.16663930092100893,0.8832967281341553,0,IP vs SHE (eV)
0.12182474881410599,0.16039222104244213,0.8947327136993408,1,IP vs SHE (eV)
0.11727217584848404,0.15404712406830523,0.896960437297821,2,IP vs SHE (eV)
0.11874572187662125,0.15863546705995596,0.892045795917511,3,IP vs SHE (eV)
0.1209840178489685,0.15704667124774388,0.8911634087562561,4,IP vs SHE (eV)
