mae,rmse,r2,split,target
0.030391976237297058,0.042956793541270945,0.9951066374778748,0,EA vs SHE (eV)
0.030252868309617043,0.042977470358368255,0.9951977729797363,1,EA vs SHE (eV)
0.028661048039793968,0.04256969158400955,0.994661808013916,2,EA vs SHE (eV)
0.03145672753453255,0.04618302847958259,0.9942716360092163,3,EA vs SHE (eV)
0.029831593856215477,0.0443554180049228,0.9945030212402344,4,EA vs SHE (eV)
