mae,rmse,r2,split,target
0.11524025350809097,0.1573645596252839,0.8959260582923889,0,IP vs SHE (eV)
0.11009439826011658,0.15028907394072027,0.9075766205787659,1,IP vs SHE (eV)
0.10706733912229538,0.144667284327727,0.9091264605522156,2,IP vs SHE (eV)
0.1103246733546257,0.15023574036976073,0.9031754732131958,3,IP vs SHE (eV)
0.11130674928426743,0.14786653127951455,0.9035155773162842,4,IP vs SHE (eV)
