mae,rmse,r2,split,target
0.12790200114250183,0.16745349677969093,0.9256411790847778,0,EA vs SHE (eV)
0.12976400554180145,0.17001630636505863,0.924847424030304,1,EA vs SHE (eV)
0.12157284468412399,0.160143776151986,0.9244537353515625,2,EA vs SHE (eV)
0.1256825029850006,0.16481077329905028,0.9270479679107666,3,EA vs SHE (eV)
0.12415936589241028,0.1616922435138411,0.9269516468048096,4,EA vs SHE (eV)
