mae,rmse,r2,split,target
0.05266757309436798,0.0744798297063396,0.9766865968704224,0,IP vs SHE (eV)
0.05176769942045212,0.07408133761148848,0.9775433540344238,1,IP vs SHE (eV)
0.04783353582024574,0.06819111347392395,0.9798092842102051,2,IP vs SHE (eV)
0.04758631810545921,0.06970668116594105,0.9791556596755981,3,IP vs SHE (eV)
0.049458328634500504,0.07085361811143627,0.9778465628623962,4,IP vs SHE (eV)
