mae,rmse,r2,split,target
0.11793508380651474,0.15871303117569602,0.9332011342048645,0,EA vs SHE (eV)
0.11768534034490585,0.1602798717507947,0.9332085847854614,1,EA vs SHE (eV)
0.11357802152633667,0.1527011969450578,0.9313124418258667,2,EA vs SHE (eV)
0.11527933180332184,0.1576159435823462,0.9332783818244934,3,EA vs SHE (eV)
0.11348675191402435,0.1530120021527916,0.9345841407775879,4,EA vs SHE (eV)
